timestamp,city,pm25,pm10,no2,co,o3,temperature,wind_speed,humidity,aqi
2026-04-03 18:34:30.375254,delhi,53.3,162.1,16.4,336.0,84.0,23.9,3.0,78,141
2026-04-03 18:34:31.597362,mumbai,31.9,112.7,9.3,472.0,61.0,27.7,8.6,81,108
2026-04-03 18:34:32.862679,hyderabad,27.1,37.6,25.4,395.0,59.0,28.1,6.6,70,59
2026-04-03 18:34:34.094672,bangalore,29.0,34.0,48.5,636.0,26.0,24.4,7.3,86,60
2026-04-03 18:34:35.294783,kolkata,24.4,26.1,10.5,357.0,67.0,27.1,3.3,98,67
2026-04-03 18:34:36.471622,chennai,16.1,21.1,5.6,238.0,91.0,28.2,6.4,89,91
2026-04-03 19:02:06.054487,delhi,53.3,162.1,16.4,336.0,84.0,23.5,3.4,78,141
2026-04-03 19:02:06.815223,mumbai,31.9,112.7,9.3,472.0,61.0,27.7,8.6,81,108
2026-04-03 19:02:07.575341,hyderabad,27.1,37.6,25.4,395.0,59.0,27.8,7.1,70,59
2026-04-03 19:02:08.348871,bangalore,29.0,34.0,48.5,636.0,26.0,24.3,6.1,86,60
2026-04-03 19:02:09.107636,kolkata,24.4,26.1,10.5,357.0,67.0,27.0,5.3,98,67
2026-04-03 19:02:09.868847,chennai,16.1,21.1,5.6,238.0,91.0,28.1,6.2,89,91
2026-04-03 19:44:39.075509,delhi,53.3,162.1,16.4,336.0,84.0,23.3,1.8,78,141
2026-04-03 19:44:39.831994,mumbai,31.9,112.7,9.3,472.0,61.0,27.7,8.7,81,108
2026-04-03 19:44:40.589328,hyderabad,27.1,37.6,25.4,395.0,59.0,27.5,8.2,70,59
2026-04-03 19:44:41.346207,bangalore,29.0,34.0,48.5,636.0,26.0,24.1,5.2,86,60
2026-04-03 19:44:42.102053,kolkata,24.4,26.1,10.5,357.0,67.0,26.9,5.1,98,67
2026-04-03 19:44:42.859407,chennai,16.1,21.1,5.6,238.0,91.0,28.0,6.5,89,91
2026-04-03 20:42:56.939602,delhi,53.3,162.1,16.4,336.0,84.0,23.1,1.3,78,141
2026-04-03 20:42:58.114594,mumbai,31.9,112.7,9.3,472.0,61.0,27.7,8.4,81,108
2026-04-03 20:42:59.265225,hyderabad,27.1,37.6,25.4,395.0,59.0,26.8,1.6,70,59
2026-04-03 20:43:00.476072,bangalore,29.0,34.0,48.5,636.0,26.0,23.2,7.1,86,60
2026-04-03 20:43:01.646339,kolkata,24.4,26.1,10.5,357.0,67.0,26.8,6.8,98,67
2026-04-03 20:43:02.842724,chennai,16.1,21.1,5.6,238.0,91.0,27.8,6.7,89,91
2026-04-03 21:39:20.525825,delhi,53.3,162.1,16.4,336.0,84.0,22.4,3.5,78,141
2026-04-03 21:39:21.454804,mumbai,31.9,112.7,9.3,472.0,61.0,27.6,7.2,81,108
2026-04-03 21:39:22.377208,hyderabad,27.1,37.6,25.4,395.0,59.0,25.8,9.8,70,59
2026-04-03 21:39:23.289346,bangalore,29.0,34.0,48.5,636.0,26.0,21.9,7.2,86,60
2026-04-03 21:39:24.182746,kolkata,24.4,26.1,10.5,357.0,67.0,26.8,6.9,98,67
2026-04-03 21:39:25.094847,chennai,16.1,21.1,5.6,238.0,91.0,27.5,5.7,89,91
2026-04-03 22:39:37.490780,delhi,36.8,85.4,10.5,336.0,98.0,20.9,1.3,78,98
2026-04-03 22:39:38.249074,mumbai,32.8,106.4,11.6,472.0,56.0,27.5,4.3,81,104
2026-04-03 22:39:39.005343,hyderabad,43.8,51.5,35.9,395.0,51.0,24.9,6.3,70,73
2026-04-03 22:39:39.766226,bangalore,22.6,30.0,34.6,636.0,36.0,22.0,6.2,86,43
2026-04-03 22:39:40.524882,kolkata,19.6,21.5,10.3,357.0,69.0,26.6,5.4,98,69
2026-04-03 22:39:41.295984,chennai,16.0,21.2,5.1,238.0,87.0,27.4,4.1,89,87
2026-04-03 23:39:48.213308,delhi,36.8,85.4,10.5,336.0,98.0,20.7,2.2,78,98
2026-04-03 23:39:48.983490,mumbai,32.8,106.4,11.6,472.0,56.0,27.2,4.7,81,104
2026-04-03 23:39:49.741111,hyderabad,43.8,51.5,35.9,395.0,51.0,24.5,2.7,70,73
2026-04-03 23:39:50.499422,bangalore,22.6,30.0,34.6,636.0,36.0,21.8,4.3,86,43
2026-04-03 23:39:51.256217,kolkata,19.6,21.5,10.3,357.0,69.0,26.5,4.8,98,69
2026-04-03 23:39:52.012077,chennai,16.0,21.2,5.1,238.0,87.0,27.1,3.6,89,87
2026-04-04 11:33:53.801971,delhi,56.3,199.8,15.8,316.0,76.0,27.6,2.7,70,166
2026-04-04 11:33:55.022670,mumbai,27.0,85.4,8.2,166.0,54.0,27.7,14.2,84,85
2026-04-04 11:33:56.274348,hyderabad,39.8,41.6,14.1,381.0,104.0,34.8,12.0,65,105
2026-04-04 11:33:57.533389,bangalore,22.0,26.3,16.8,349.0,64.0,29.4,7.4,82,64
2026-04-04 11:33:58.768610,kolkata,13.9,14.4,11.5,288.0,70.0,33.3,4.7,99,70
2026-04-04 11:34:00.055734,chennai,14.5,20.0,4.1,173.0,77.0,32.1,10.5,89,77
2026-04-04 13:06:44.751582,delhi,56.3,199.8,15.8,316.0,76.0,25.2,5.8,70,166
2026-04-04 13:06:45.534598,mumbai,27.0,85.4,8.2,166.0,54.0,27.5,14.2,84,85
2026-04-04 13:06:46.311844,hyderabad,39.8,41.6,14.1,381.0,104.0,28.8,17.4,65,105
2026-04-04 13:06:47.084369,bangalore,22.0,26.3,16.8,349.0,64.0,27.8,7.0,82,64
2026-04-04 13:06:47.864752,kolkata,13.9,14.4,11.5,288.0,70.0,31.4,4.7,99,70
2026-04-04 13:06:48.649959,chennai,14.5,20.0,4.1,173.0,77.0,30.2,9.1,89,77
2026-04-04 14:38:27.468269,delhi,56.3,199.8,15.8,316.0,76.0,23.0,3.3,70,166
2026-04-04 14:38:28.570617,mumbai,27.0,85.4,8.2,166.0,54.0,27.4,12.5,84,85
2026-04-04 14:38:29.363457,hyderabad,39.8,41.6,14.1,381.0,104.0,27.8,6.3,65,105
2026-04-04 14:38:30.153067,bangalore,22.0,26.3,16.8,349.0,64.0,26.4,5.8,82,64
2026-04-04 14:38:30.937318,kolkata,13.9,14.4,11.5,288.0,70.0,29.5,8.5,99,70
2026-04-04 14:38:31.725985,chennai,14.5,20.0,4.1,173.0,77.0,29.4,7.2,89,77
2026-04-04 15:37:43.977618,delhi,56.3,199.8,15.8,404.0,76.0,21.5,6.6,70,166
2026-04-04 15:37:44.756418,mumbai,27.0,85.4,8.2,234.0,54.0,27.5,11.3,84,85
2026-04-04 15:37:45.537687,hyderabad,39.8,41.6,14.1,839.0,104.0,27.4,4.0,65,105
2026-04-04 15:37:46.317786,bangalore,22.0,26.3,16.8,365.0,64.0,25.2,6.0,82,64
2026-04-04 15:37:47.097980,kolkata,13.9,14.4,11.5,260.0,70.0,28.5,8.8,99,70
2026-04-04 15:37:47.876321,chennai,14.5,20.0,4.1,200.0,77.0,29.1,6.6,89,77
2026-04-04 16:42:24.782402,delhi,56.3,199.8,15.8,404.0,76.0,19.6,5.4,67,166
2026-04-04 16:42:25.565049,mumbai,27.0,85.4,8.2,234.0,54.0,27.8,10.2,77,85
2026-04-04 16:42:26.339351,hyderabad,39.8,41.6,14.1,839.0,104.0,26.8,3.8,68,105
2026-04-04 16:42:27.117926,bangalore,22.0,26.3,16.8,365.0,64.0,24.9,4.6,83,64
2026-04-04 16:42:27.896303,kolkata,13.9,14.4,11.5,260.0,70.0,28.5,8.0,98,70
2026-04-04 16:42:28.671230,chennai,14.5,20.0,4.1,200.0,77.0,28.9,6.0,91,77
2026-04-04 17:36:39.963735,delhi,56.3,199.8,15.8,404.0,76.0,19.3,3.3,67,166
2026-04-04 17:36:40.727220,mumbai,27.0,85.4,8.2,234.0,54.0,27.7,8.3,77,85
2026-04-04 17:36:41.483593,hyderabad,39.8,41.6,14.1,839.0,104.0,26.2,5.4,68,105
2026-04-04 17:36:42.246644,bangalore,22.0,26.3,16.8,365.0,64.0,24.5,6.1,83,64
2026-04-04 17:36:43.005126,kolkata,13.9,14.4,11.5,260.0,70.0,27.9,8.5,98,70
2026-04-04 17:36:43.761290,chennai,14.5,20.0,4.1,200.0,77.0,28.7,5.6,91,77
2026-04-04 18:51:45.299652,delhi,56.3,199.8,15.8,404.0,76.0,18.9,5.2,67,166
2026-04-04 18:51:46.551285,mumbai,27.0,85.4,8.2,234.0,54.0,27.6,7.0,77,85
2026-04-04 18:51:47.827465,hyderabad,39.8,41.6,14.1,839.0,104.0,25.4,4.3,68,105
2026-04-04 18:51:49.093238,bangalore,22.0,26.3,16.8,365.0,64.0,24.1,6.5,83,64
2026-04-04 18:51:50.372462,kolkata,13.9,14.4,11.5,260.0,70.0,27.5,7.7,98,70
2026-04-04 18:51:51.616038,chennai,14.5,20.0,4.1,200.0,77.0,28.5,5.2,91,77
2026-04-04 19:35:16.966995,delhi,56.3,199.8,15.8,404.0,76.0,18.7,4.7,67,166
2026-04-04 19:35:18.172393,mumbai,27.0,85.4,8.2,234.0,54.0,27.5,5.8,77,85
2026-04-04 19:35:19.360423,hyderabad,39.8,41.6,14.1,839.0,104.0,25.1,1.4,68,105
2026-04-04 19:35:20.565969,bangalore,22.0,26.3,16.8,365.0,64.0,23.7,7.1,83,64
2026-04-04 19:35:21.747897,kolkata,13.9,14.4,11.5,260.0,70.0,27.4,7.3,98,70
2026-04-04 19:35:22.927861,chennai,14.5,20.0,4.1,200.0,77.0,28.4,5.1,91,77
2026-04-04 20:38:49.451741,delhi,56.3,199.8,15.8,404.0,76.0,18.2,5.4,67,166
2026-04-04 20:38:50.462429,mumbai,27.0,85.4,8.2,234.0,54.0,27.4,6.6,77,85
2026-04-04 20:38:51.463479,hyderabad,39.8,41.6,14.1,839.0,104.0,25.1,1.8,68,105
2026-04-04 20:38:52.480368,bangalore,22.0,26.3,16.8,365.0,64.0,23.0,7.1,83,64
2026-04-04 20:38:53.493300,kolkata,13.9,14.4,11.5,260.0,70.0,27.2,5.9,98,70
2026-04-04 20:38:54.499401,chennai,14.5,20.0,4.1,200.0,77.0,28.3,6.3,91,77
2026-04-04 21:37:08.593404,delhi,56.3,199.8,15.8,404.0,76.0,17.6,3.7,67,166
2026-04-04 21:37:09.766101,mumbai,27.0,85.4,8.2,234.0,54.0,27.4,8.8,77,85
2026-04-04 21:37:10.946546,hyderabad,39.8,41.6,14.1,839.0,104.0,25.1,1.8,68,105
2026-04-04 21:37:12.137383,bangalore,22.0,26.3,16.8,365.0,64.0,22.5,4.6,83,64
2026-04-04 21:37:13.327157,kolkata,13.9,14.4,11.5,260.0,70.0,27.1,4.5,98,70
2026-04-04 21:37:14.507915,chennai,14.5,20.0,4.1,200.0,77.0,28.0,7.8,91,77
2026-04-04 22:35:29.672144,delhi,56.3,199.8,15.8,404.0,76.0,19.7,4.0,67,166
2026-04-04 22:35:30.449088,mumbai,27.0,85.4,8.2,234.0,54.0,27.8,8.6,77,85
2026-04-04 22:35:31.223765,hyderabad,39.8,41.6,14.1,839.0,104.0,26.4,3.2,68,105
2026-04-04 22:35:31.994101,bangalore,22.0,26.3,16.8,365.0,64.0,22.0,6.0,83,64
2026-04-04 22:35:32.761631,kolkata,13.9,14.4,11.5,260.0,70.0,26.8,4.8,98,70
2026-04-04 22:35:33.536386,chennai,14.5,20.0,4.1,200.0,77.0,27.9,7.3,91,77
2026-04-04 23:37:10.063289,delhi,49.5,120.6,18.4,404.0,59.0,19.0,1.3,67,113
2026-04-04 23:37:10.841763,mumbai,28.1,82.2,9.6,234.0,56.0,27.7,9.7,77,82
2026-04-04 23:37:11.613803,hyderabad,35.7,37.7,11.7,839.0,94.0,25.9,1.1,68,94
2026-04-04 23:37:12.388422,bangalore,27.8,30.9,18.8,365.0,69.0,21.6,4.4,83,69
2026-04-04 23:37:13.164162,kolkata,17.5,19.0,9.0,260.0,87.0,26.8,4.4,98,87
2026-04-04 23:37:13.948983,chennai,15.7,21.9,3.7,200.0,71.0,27.6,5.7,91,71
2026-04-05 10:40:49.676119,delhi,84.1,348.3,15.6,400.0,65.0,29.8,7.9,58,298
2026-04-05 10:40:50.758321,mumbai,30.4,91.7,14.0,209.0,59.0,27.8,15.8,81,91
2026-04-05 10:40:51.835036,hyderabad,42.4,46.0,11.8,381.0,96.0,35.5,12.0,47,96
2026-04-05 10:40:52.907972,bangalore,32.2,36.2,25.5,446.0,76.0,32.0,9.7,84,76
2026-04-05 10:40:53.990913,kolkata,89.4,92.7,39.7,749.0,11.0,30.4,1.8,78,198
2026-04-05 10:40:55.075967,chennai,15.7,22.4,3.4,161.0,75.0,33.3,10.7,91,75
2026-04-05 11:35:21.474584,delhi,84.1,348.3,15.6,400.0,65.0,29.3,9.4,58,298
2026-04-05 11:35:22.504265,mumbai,30.4,91.7,14.0,209.0,59.0,27.8,16.8,81,91
2026-04-05 11:35:23.486745,hyderabad,42.4,46.0,11.8,381.0,96.0,34.8,12.0,47,96
2026-04-05 11:35:24.467114,bangalore,32.2,36.2,25.5,446.0,76.0,31.6,7.4,84,76
2026-04-05 11:35:25.464315,kolkata,89.4,92.7,39.7,749.0,11.0,29.8,2.8,78,198
2026-04-05 11:35:26.459351,chennai,15.7,22.4,3.4,161.0,75.0,32.3,9.6,91,75
2026-04-05 13:08:58.566749,delhi,84.1,348.3,15.6,400.0,65.0,27.2,8.9,58,298
2026-04-05 13:08:59.348985,mumbai,30.4,91.7,14.0,209.0,59.0,27.7,17.2,81,91
2026-04-05 13:09:00.121935,hyderabad,42.4,46.0,11.8,381.0,96.0,33.5,9.2,47,96
2026-04-05 13:09:00.889478,bangalore,32.2,36.2,25.5,446.0,76.0,30.5,5.4,84,76
2026-04-05 13:09:01.665878,kolkata,89.4,92.7,39.7,749.0,11.0,28.3,3.5,78,198
2026-04-05 13:09:02.443405,chennai,15.7,22.4,3.4,161.0,75.0,30.2,8.5,91,75
2026-04-05 14:39:08.800001,delhi,84.1,348.3,15.6,400.0,65.0,25.3,3.3,58,298
2026-04-05 14:39:09.995090,mumbai,30.4,91.7,14.0,209.0,59.0,27.7,14.0,81,91
2026-04-05 14:39:11.178690,hyderabad,42.4,46.0,11.8,381.0,96.0,31.6,6.4,47,96
2026-04-05 14:39:12.337767,bangalore,32.2,36.2,25.5,446.0,76.0,28.6,4.4,84,76
2026-04-05 14:39:13.531225,kolkata,89.4,92.7,39.7,749.0,11.0,27.5,3.4,78,198
2026-04-05 14:39:14.693141,chennai,15.7,22.4,3.4,161.0,75.0,29.4,7.4,91,75
2026-04-05 15:38:41.564142,delhi,84.1,348.3,15.6,460.0,65.0,24.6,3.1,58,298
2026-04-05 15:38:42.340900,mumbai,30.4,91.7,14.0,444.0,59.0,27.6,11.4,81,91
2026-04-05 15:38:43.136252,hyderabad,42.4,46.0,11.8,529.0,96.0,30.1,10.2,47,96
2026-04-05 15:38:43.932897,bangalore,32.2,36.2,25.5,369.0,76.0,27.7,5.1,84,76
2026-04-05 15:38:44.716199,kolkata,89.4,92.7,39.7,601.0,11.0,27.2,3.7,78,198
2026-04-05 15:38:45.519498,chennai,15.7,22.4,3.4,180.0,75.0,29.2,6.2,91,75
2026-04-05 16:42:27.589343,delhi,84.1,348.3,15.6,460.0,65.0,23.2,4.3,53,298
2026-04-05 16:42:28.351694,mumbai,30.4,91.7,14.0,444.0,59.0,27.9,10.0,80,91
2026-04-05 16:42:29.111366,hyderabad,42.4,46.0,11.8,529.0,96.0,29.3,8.5,45,96
2026-04-05 16:42:29.870472,bangalore,32.2,36.2,25.5,369.0,76.0,26.6,3.2,77,76
2026-04-05 16:42:30.630187,kolkata,89.4,92.7,39.7,601.0,11.0,25.4,4.4,86,198
2026-04-05 16:42:31.390186,chennai,15.7,22.4,3.4,180.0,75.0,29.3,6.3,90,75
2026-04-05 17:37:54.545923,delhi,84.1,348.3,15.6,460.0,65.0,23.1,2.6,53,298
2026-04-05 17:37:55.305162,mumbai,30.4,91.7,14.0,444.0,59.0,27.8,8.4,80,91
2026-04-05 17:37:56.062800,hyderabad,42.4,46.0,11.8,529.0,96.0,28.5,6.2,45,96
2026-04-05 17:37:56.833757,bangalore,32.2,36.2,25.5,369.0,76.0,25.6,4.7,77,76
2026-04-05 17:37:57.591901,kolkata,89.4,92.7,39.7,601.0,11.0,25.2,4.3,86,198
2026-04-05 17:37:58.350243,chennai,15.7,22.4,3.4,180.0,75.0,29.1,6.0,90,75
2026-04-05 18:53:15.191329,delhi,84.1,348.3,15.6,460.0,65.0,22.2,2.9,53,298
2026-04-05 18:53:16.077013,mumbai,30.4,91.7,14.0,444.0,59.0,27.7,7.6,80,91
2026-04-05 18:53:16.979933,hyderabad,42.4,46.0,11.8,529.0,96.0,27.5,6.4,45,96
2026-04-05 18:53:17.879657,bangalore,32.2,36.2,25.5,369.0,76.0,24.7,5.5,77,76
2026-04-05 18:53:18.778737,kolkata,89.4,92.7,39.7,601.0,11.0,25.0,4.7,86,198
2026-04-05 18:53:19.679204,chennai,15.7,22.4,3.4,180.0,75.0,29.1,5.7,90,75
2026-04-05 19:37:30.318001,delhi,84.1,348.3,15.6,460.0,65.0,21.4,2.3,53,298
2026-04-05 19:37:31.235594,mumbai,30.4,91.7,14.0,444.0,59.0,27.7,8.8,80,91
2026-04-05 19:37:32.131055,hyderabad,42.4,46.0,11.8,529.0,96.0,27.1,5.5,45,96
2026-04-05 19:37:33.010512,bangalore,32.2,36.2,25.5,369.0,76.0,24.4,6.9,77,76
2026-04-05 19:37:33.920939,kolkata,89.4,92.7,39.7,601.0,11.0,24.8,4.7,86,198
2026-04-05 19:37:34.829215,chennai,15.7,22.4,3.4,180.0,75.0,28.9,5.0,90,75
2026-04-05 20:39:49.554680,delhi,84.1,348.3,15.6,460.0,65.0,20.7,1.9,53,298
2026-04-05 20:39:50.319930,mumbai,30.4,91.7,14.0,444.0,59.0,27.7,10.5,80,91
2026-04-05 20:39:51.092340,hyderabad,42.4,46.0,11.8,529.0,96.0,26.8,3.6,45,96
2026-04-05 20:39:51.852555,bangalore,32.2,36.2,25.5,369.0,76.0,23.9,7.6,77,76
2026-04-05 20:39:52.612419,kolkata,89.4,92.7,39.7,601.0,11.0,24.6,4.6,86,198
2026-04-05 20:39:53.374359,chennai,15.7,22.4,3.4,180.0,75.0,28.7,4.7,90,75
2026-04-05 21:37:58.529235,delhi,84.1,348.3,15.6,460.0,65.0,20.3,3.4,53,298
2026-04-05 21:37:59.608607,mumbai,30.4,91.7,14.0,444.0,59.0,27.8,11.0,80,91
2026-04-05 21:38:00.679704,hyderabad,42.4,46.0,11.8,529.0,96.0,26.6,3.3,45,96
2026-04-05 21:38:01.761593,bangalore,32.2,36.2,25.5,369.0,76.0,23.3,6.2,77,76
2026-04-05 21:38:02.855175,kolkata,89.4,92.7,39.7,601.0,11.0,24.4,4.8,86,198
2026-04-05 21:38:03.951879,chennai,15.7,22.4,3.4,180.0,75.0,28.0,6.1,90,75
2026-04-05 22:37:22.618958,delhi,68.9,181.6,24.5,460.0,49.0,20.5,3.3,53,154
2026-04-05 22:37:23.391199,mumbai,33.2,101.5,16.3,444.0,61.0,27.8,10.9,80,101
2026-04-05 22:37:24.160700,hyderabad,44.0,47.1,13.0,529.0,84.0,26.5,3.8,45,84
2026-04-05 22:37:24.929308,bangalore,29.1,33.5,16.4,369.0,82.0,23.0,4.6,77,82
2026-04-05 22:37:25.705456,kolkata,53.9,56.8,22.6,601.0,17.0,23.3,3.8,86,89
2026-04-05 22:37:26.480451,chennai,14.1,20.0,3.4,180.0,74.0,27.7,3.3,90,74
2026-04-05 23:39:21.868788,delhi,68.9,181.6,24.5,460.0,49.0,19.7,3.7,53,154
2026-04-05 23:39:23.054973,mumbai,33.2,101.5,16.3,444.0,61.0,27.8,10.2,80,101
2026-04-05 23:39:24.223611,hyderabad,44.0,47.1,13.0,529.0,84.0,25.9,4.1,45,84
2026-04-05 23:39:25.405735,bangalore,29.1,33.5,16.4,369.0,82.0,22.4,3.7,77,82
2026-04-05 23:39:26.576900,kolkata,53.9,56.8,22.6,601.0,17.0,23.2,4.1,86,89
2026-04-05 23:39:27.760173,chennai,14.1,20.0,3.4,180.0,74.0,27.3,4.0,90,74
2026-04-06 11:03:00.191120,delhi,97.3,525.3,10.2,340.0,99.0,31.4,8.3,46,500
2026-04-06 11:03:01.458143,mumbai,39.0,84.5,17.6,243.0,103.0,27.4,17.9,81,104
2026-04-06 11:03:02.712990,hyderabad,38.5,50.4,21.3,406.0,65.0,36.7,14.7,52,65
2026-04-06 11:03:03.954828,bangalore,39.7,45.3,22.5,433.0,76.0,33.6,11.3,83,76
2026-04-06 11:03:05.196432,kolkata,38.9,45.8,14.8,369.0,66.0,30.8,3.1,91,66
2026-04-06 11:03:06.447082,chennai,14.6,20.7,7.2,171.0,64.0,32.0,9.7,90,64
2026-04-06 13:21:36.231935,delhi,97.3,525.3,10.2,340.0,99.0,28.9,7.3,46,500
2026-04-06 13:21:37.328580,mumbai,39.0,84.5,17.6,243.0,103.0,27.9,17.0,81,104
2026-04-06 13:21:38.422702,hyderabad,38.5,50.4,21.3,406.0,65.0,33.8,8.8,52,65
2026-04-06 13:21:39.532691,bangalore,39.7,45.3,22.5,433.0,76.0,31.0,5.6,83,76
2026-04-06 13:21:40.611183,kolkata,38.9,45.8,14.8,369.0,66.0,28.0,5.2,91,66
2026-04-06 13:21:41.717256,chennai,14.6,20.7,7.2,171.0,64.0,29.2,8.5,90,64
2026-04-06 14:54:42.283124,delhi,97.3,525.3,10.2,340.0,99.0,26.4,7.0,46,500
2026-04-06 14:54:43.194922,mumbai,39.0,84.5,17.6,243.0,103.0,27.8,14.2,81,104
2026-04-06 14:54:44.118193,hyderabad,38.5,50.4,21.3,406.0,65.0,31.9,4.7,52,65
2026-04-06 14:54:45.045278,bangalore,39.7,45.3,22.5,433.0,76.0,28.7,3.1,83,76
2026-04-06 14:54:45.965022,kolkata,38.9,45.8,14.8,369.0,66.0,26.8,4.9,91,66
2026-04-06 14:54:46.897365,chennai,14.6,20.7,7.2,171.0,64.0,28.6,7.1,90,64
2026-04-06 15:54:33.578799,delhi,97.3,525.3,10.2,324.0,99.0,25.3,6.6,47,500
2026-04-06 15:54:34.713864,mumbai,39.0,84.5,17.6,525.0,103.0,27.7,12.5,83,104
2026-04-06 15:54:35.830060,hyderabad,38.5,50.4,21.3,734.0,65.0,30.4,4.4,49,65
2026-04-06 15:54:36.971794,bangalore,39.7,45.3,22.5,342.0,76.0,27.4,3.6,84,76
2026-04-06 15:54:38.086709,kolkata,38.9,45.8,14.8,544.0,66.0,26.5,4.7,92,66
2026-04-06 15:54:39.204431,chennai,14.6,20.7,7.2,196.0,64.0,28.5,6.1,85,64
2026-04-06 16:56:20.936550,delhi,97.3,525.3,10.2,324.0,99.0,25.3,2.9,47,500
2026-04-06 16:56:22.204978,mumbai,39.0,84.5,17.6,525.0,103.0,27.8,9.4,83,104
2026-04-06 16:56:23.508988,hyderabad,38.5,50.4,21.3,734.0,65.0,28.9,6.8,49,65
2026-04-06 16:56:24.831847,bangalore,39.7,45.3,22.5,342.0,76.0,26.7,1.5,84,76
2026-04-06 16:56:26.171274,kolkata,38.9,45.8,14.8,544.0,66.0,26.0,12.4,92,66
2026-04-06 16:56:27.461063,chennai,14.6,20.7,7.2,196.0,64.0,28.6,6.4,85,64
2026-04-06 17:54:02.411423,delhi,97.3,525.3,10.2,324.0,99.0,24.2,4.7,47,500
2026-04-06 17:54:03.174980,mumbai,39.0,84.5,17.6,525.0,103.0,27.7,7.7,83,104
2026-04-06 17:54:03.963481,hyderabad,38.5,50.4,21.3,734.0,65.0,27.7,6.9,49,65
2026-04-06 17:54:04.741351,bangalore,39.7,45.3,22.5,342.0,76.0,25.7,2.9,84,76
2026-04-06 17:54:05.508646,kolkata,38.9,45.8,14.8,544.0,66.0,25.1,5.6,92,66
2026-04-06 17:54:06.272066,chennai,14.6,20.7,7.2,196.0,64.0,28.5,7.1,85,64
2026-04-06 19:09:23.044084,delhi,97.3,525.3,10.2,324.0,99.0,22.8,5.9,47,500
2026-04-06 19:09:23.959298,mumbai,39.0,84.5,17.6,525.0,103.0,27.6,7.6,83,104
2026-04-06 19:09:24.867351,hyderabad,38.5,50.4,21.3,734.0,65.0,26.9,4.6,49,65
2026-04-06 19:09:25.765259,bangalore,39.7,45.3,22.5,342.0,76.0,25.1,3.8,84,76
2026-04-06 19:09:26.687137,kolkata,38.9,45.8,14.8,544.0,66.0,24.8,7.0,92,66
2026-04-06 19:09:27.610409,chennai,14.6,20.7,7.2,196.0,64.0,28.3,6.6,85,64
2026-04-06 20:42:16.408813,delhi,97.3,525.3,10.2,324.0,99.0,21.8,4.9,47,500
2026-04-06 20:42:17.185568,mumbai,39.0,84.5,17.6,525.0,103.0,27.5,8.4,83,104
2026-04-06 20:42:17.956690,hyderabad,38.5,50.4,21.3,734.0,65.0,25.9,2.3,49,65
2026-04-06 20:42:18.728396,bangalore,39.7,45.3,22.5,342.0,76.0,23.7,7.8,84,76
2026-04-06 20:42:19.505703,kolkata,38.9,45.8,14.8,544.0,66.0,24.8,3.4,92,66
2026-04-06 20:42:20.283530,chennai,14.6,20.7,7.2,196.0,64.0,28.2,6.4,85,64
2026-04-06 21:42:02.943898,delhi,97.3,525.3,10.2,324.0,99.0,21.3,4.7,47,500
2026-04-06 21:42:03.724060,mumbai,39.0,84.5,17.6,525.0,103.0,27.5,8.4,83,104
2026-04-06 21:42:04.498347,hyderabad,38.5,50.4,21.3,734.0,65.0,25.1,3.6,49,65
2026-04-06 21:42:05.268150,bangalore,39.7,45.3,22.5,342.0,76.0,22.9,6.6,84,76
2026-04-06 21:42:06.035183,kolkata,38.9,45.8,14.8,544.0,66.0,24.7,2.7,92,66
2026-04-06 21:42:06.851397,chennai,14.6,20.7,7.2,196.0,64.0,28.0,6.8,85,64
2026-04-06 22:41:58.274142,delhi,102.2,534.6,10.1,324.0,97.0,21.5,4.1,47,500
2026-04-06 22:41:59.307560,mumbai,40.6,92.9,16.9,525.0,93.0,27.5,6.4,83,93
2026-04-06 22:42:00.314130,hyderabad,53.2,70.1,42.4,734.0,39.0,25.1,4.0,49,88
2026-04-06 22:42:01.334429,bangalore,42.6,46.6,20.0,342.0,84.0,22.2,2.9,84,84
2026-04-06 22:42:02.373337,kolkata,45.5,53.6,15.3,544.0,51.0,23.5,3.7,92,75
2026-04-06 22:42:03.415056,chennai,13.8,18.9,8.9,196.0,54.0,28.1,4.1,85,54
2026-04-06 23:41:05.885688,delhi,102.2,534.6,10.1,324.0,97.0,21.0,2.2,47,500
2026-04-06 23:41:06.646310,mumbai,40.6,92.9,16.9,525.0,93.0,27.5,6.5,83,93
2026-04-06 23:41:07.406171,hyderabad,53.2,70.1,42.4,734.0,39.0,24.5,5.8,49,88
2026-04-06 23:41:08.164325,bangalore,42.6,46.6,20.0,342.0,84.0,21.6,3.6,84,84
2026-04-06 23:41:08.924581,kolkata,45.5,53.6,15.3,544.0,51.0,23.3,4.9,92,75
2026-04-06 23:41:09.683002,chennai,13.8,18.9,8.9,196.0,54.0,27.9,4.6,85,54
2026-04-07 13:42:05.103100,delhi,62.9,195.1,21.3,452.0,64.0,23.7,5.5,46,163
2026-04-07 13:42:06.101532,mumbai,29.8,88.7,12.3,197.0,76.0,28.6,14.8,82,88
2026-04-07 13:42:07.102509,hyderabad,32.1,43.2,13.8,329.0,87.0,33.8,8.2,57,87
2026-04-07 13:42:08.101019,bangalore,38.8,47.5,31.0,462.0,56.0,31.0,2.3,67,64
2026-04-07 13:42:09.100006,kolkata,31.3,39.1,9.0,297.0,94.0,26.7,2.6,95,94
2026-04-07 13:42:10.100309,chennai,9.5,16.5,6.5,143.0,46.0,29.8,10.9,90,46
2026-04-07 15:15:28.724994,delhi,62.9,195.1,21.3,493.0,64.0,22.5,2.6,46,163
2026-04-07 15:15:30.062836,mumbai,29.8,88.7,12.3,503.0,76.0,28.5,13.1,82,88
2026-04-07 15:15:31.375568,hyderabad,32.1,43.2,13.8,802.0,87.0,31.9,5.4,57,87
2026-04-07 15:15:32.730667,bangalore,38.8,47.5,31.0,494.0,56.0,28.2,3.1,67,64
2026-04-07 15:15:34.064258,kolkata,31.3,39.1,9.0,379.0,94.0,25.3,4.3,95,94
2026-04-07 17:06:58.928833,delhi,62.9,195.1,21.3,493.0,64.0,20.7,6.6,53,163
2026-04-07 17:06:59.924230,mumbai,29.8,88.7,12.3,503.0,76.0,28.4,8.4,88,88
2026-04-07 17:07:00.926419,hyderabad,32.1,43.2,13.8,802.0,87.0,29.9,6.1,62,87
2026-04-07 17:07:01.928603,bangalore,38.8,47.5,31.0,494.0,56.0,26.2,4.1,70,64
2026-04-07 17:07:02.924895,kolkata,31.3,39.1,9.0,379.0,94.0,23.6,5.4,95,94
2026-04-07 17:07:03.924615,chennai,9.5,16.5,6.5,185.0,46.0,29.2,8.9,89,46
2026-04-07 19:12:37.115154,delhi,62.9,195.1,21.3,493.0,64.0,19.5,8.4,53,163
2026-04-07 19:12:38.123724,mumbai,29.8,88.7,12.3,503.0,76.0,28.5,7.6,88,88
2026-04-07 19:12:39.159193,hyderabad,32.1,43.2,13.8,802.0,87.0,28.7,4.7,62,87
2026-04-07 19:12:40.202707,bangalore,38.8,47.5,31.0,494.0,56.0,23.7,5.1,70,64
2026-04-07 19:12:41.247576,kolkata,31.3,39.1,9.0,379.0,94.0,23.3,5.2,95,94
2026-04-07 19:12:42.323917,chennai,9.5,16.5,6.5,185.0,46.0,29.1,6.5,89,46
2026-04-07 20:54:41.148397,delhi,62.9,195.1,21.3,493.0,64.0,18.8,5.9,53,163
2026-04-07 20:54:42.266987,mumbai,29.8,88.7,12.3,503.0,76.0,28.4,6.9,88,88
2026-04-07 20:54:43.386490,hyderabad,32.1,43.2,13.8,802.0,87.0,27.6,3.5,62,87
2026-04-07 20:54:44.477644,bangalore,38.8,47.5,31.0,494.0,56.0,22.4,2.8,70,64
2026-04-07 20:54:45.578183,kolkata,31.3,39.1,9.0,379.0,94.0,23.2,3.6,95,94
2026-04-07 20:54:46.679650,chennai,9.5,16.5,6.5,185.0,46.0,28.9,6.6,89,46
2026-04-07 21:49:17.971142,delhi,62.9,195.1,21.3,493.0,64.0,18.6,4.1,53,163
2026-04-07 21:49:19.023721,mumbai,29.8,88.7,12.3,503.0,76.0,28.3,8.3,88,88
2026-04-07 21:49:20.048850,hyderabad,32.1,43.2,13.8,802.0,87.0,27.3,2.2,62,87
2026-04-07 21:49:21.125458,bangalore,38.8,47.5,31.0,494.0,56.0,21.8,2.6,70,64
2026-04-07 21:49:22.257083,kolkata,31.3,39.1,9.0,379.0,94.0,23.1,3.9,95,94
2026-04-07 21:49:23.293708,chennai,9.5,16.5,6.5,185.0,46.0,28.6,7.9,89,46
2026-04-07 22:43:33.293387,delhi,71.7,235.6,16.2,493.0,68.0,18.2,2.7,53,190
2026-04-07 22:43:34.613616,mumbai,27.9,74.0,11.6,503.0,80.0,28.3,9.5,88,80
2026-04-07 22:43:35.896004,hyderabad,29.9,36.1,10.6,802.0,88.0,27.0,1.5,62,88
2026-04-07 22:43:37.230303,bangalore,37.7,44.8,26.7,494.0,63.0,21.6,1.8,70,63
2026-04-07 22:43:38.528833,kolkata,27.1,31.7,8.5,379.0,81.0,22.0,3.6,95,81
2026-04-07 23:42:02.706132,delhi,71.7,235.6,16.2,493.0,68.0,17.9,3.0,53,190
2026-04-07 23:42:03.703409,mumbai,27.9,74.0,11.6,503.0,80.0,28.4,9.2,88,80
2026-04-07 23:42:04.703335,hyderabad,29.9,36.1,10.6,802.0,88.0,26.6,2.0,62,88
2026-04-07 23:42:05.721437,bangalore,37.7,44.8,26.7,494.0,63.0,21.2,1.8,70,63
2026-04-07 23:42:06.703118,kolkata,27.1,31.7,8.5,379.0,81.0,22.1,3.3,95,81
2026-04-07 23:42:07.703533,chennai,12.0,17.1,6.6,185.0,51.0,28.0,5.5,89,51
2026-04-08 11:03:36.810978,delhi,99.9,418.2,29.5,610.0,42.0,26.5,7.7,45,385
2026-04-08 11:03:37.994045,mumbai,49.0,119.2,17.4,223.0,78.0,28.6,14.8,80,112
2026-04-08 11:03:39.217712,hyderabad,25.4,31.7,7.5,255.0,95.0,36.9,11.0,43,95
2026-04-08 11:03:40.453558,bangalore,35.2,42.1,25.3,442.0,60.0,34.6,8.4,61,60
2026-04-08 11:03:41.658548,kolkata,19.3,26.0,7.5,207.0,72.0,26.9,4.7,97,72
2026-04-08 11:03:42.868842,chennai,10.3,17.5,5.7,137.0,50.0,33.4,11.3,89,50
2026-04-08 13:44:08.942340,delhi,99.9,418.2,29.5,610.0,42.0,23.8,6.9,45,385
2026-04-08 13:44:10.328811,mumbai,49.0,119.2,17.4,223.0,78.0,28.7,12.0,80,112
2026-04-08 13:44:11.661113,hyderabad,25.4,31.7,7.5,255.0,95.0,34.3,1.5,43,95
2026-04-08 13:44:13.022310,bangalore,35.2,42.1,25.3,442.0,60.0,31.2,10.0,61,60
2026-04-08 13:44:14.339384,kolkata,19.3,26.0,7.5,207.0,72.0,25.6,3.9,97,72
2026-04-08 15:16:42.273871,delhi,99.9,418.2,29.5,610.0,42.0,19.8,10.2,45,385
2026-04-08 15:16:43.557130,mumbai,49.0,119.2,17.4,448.0,78.0,28.5,12.6,80,112
2026-04-08 15:16:44.839517,hyderabad,25.4,31.7,7.5,503.0,95.0,32.4,1.1,43,95
2026-04-08 15:16:46.123292,bangalore,35.2,42.1,25.3,320.0,60.0,29.0,8.5,61,60
2026-04-08 15:16:47.396491,kolkata,19.3,26.0,7.5,224.0,72.0,25.5,7.4,97,72
2026-04-08 17:11:40.437443,delhi,99.9,418.2,29.5,610.0,42.0,19.2,7.8,46,385
2026-04-08 17:11:41.590123,mumbai,49.0,119.2,17.4,448.0,78.0,28.4,10.1,84,112
2026-04-08 17:11:42.647002,hyderabad,25.4,31.7,7.5,503.0,95.0,30.6,1.8,44,95
2026-04-08 17:11:43.674882,bangalore,35.2,42.1,25.3,320.0,60.0,27.8,2.4,66,60
2026-04-08 17:11:44.707570,kolkata,19.3,26.0,7.5,224.0,72.0,24.4,2.2,95,72
2026-04-08 17:11:45.794694,chennai,10.3,17.5,5.7,202.0,50.0,29.3,9.4,90,50
2026-04-08 19:24:36.160117,delhi,99.9,418.2,29.5,610.0,42.0,18.5,6.4,46,385
2026-04-08 19:24:37.193114,mumbai,49.0,119.2,17.4,448.0,78.0,28.2,7.2,84,112
2026-04-08 19:24:38.321050,hyderabad,25.4,31.7,7.5,503.0,95.0,28.6,6.6,44,95
2026-04-08 19:24:39.473916,bangalore,35.2,42.1,25.3,320.0,60.0,25.9,4.7,66,60
2026-04-08 19:24:40.546840,kolkata,19.3,26.0,7.5,224.0,72.0,23.7,1.6,95,72
2026-04-08 19:24:41.563970,chennai,10.3,17.5,5.7,202.0,50.0,29.1,8.1,90,50
2026-04-08 20:52:24.793302,delhi,99.9,418.2,29.5,610.0,42.0,18.3,5.7,46,385
2026-04-08 20:52:25.719879,mumbai,49.0,119.2,17.4,448.0,78.0,27.7,7.6,84,112
2026-04-08 20:52:26.631680,hyderabad,25.4,31.7,7.5,503.0,95.0,26.9,5.4,44,95
2026-04-08 20:52:27.544789,bangalore,35.2,42.1,25.3,320.0,60.0,24.2,10.3,66,60
2026-04-08 20:52:28.455187,kolkata,19.3,26.0,7.5,224.0,72.0,23.7,2.4,95,72
2026-04-08 20:52:29.381023,chennai,10.3,17.5,5.7,202.0,50.0,28.9,6.8,90,50
2026-04-08 21:49:33.579102,delhi,99.9,418.2,29.5,610.0,42.0,18.1,5.8,46,385
2026-04-08 21:49:34.358469,mumbai,49.0,119.2,17.4,448.0,78.0,27.5,8.0,84,112
2026-04-08 21:49:35.161146,hyderabad,25.4,31.7,7.5,503.0,95.0,26.3,2.4,44,95
2026-04-08 21:49:35.930122,bangalore,35.2,42.1,25.3,320.0,60.0,23.2,8.7,66,60
2026-04-08 21:49:36.735978,kolkata,19.3,26.0,7.5,224.0,72.0,23.8,0.4,95,72
2026-04-08 21:49:37.588083,chennai,10.3,17.5,5.7,202.0,50.0,28.6,5.9,90,50
2026-04-08 22:48:12.969229,delhi,80.8,295.2,26.7,610.0,46.0,17.5,6.5,46,245
2026-04-08 22:48:13.738267,mumbai,48.9,120.6,15.3,448.0,79.0,27.6,6.0,84,113
2026-04-08 22:48:14.514435,hyderabad,29.7,36.7,16.2,503.0,72.0,25.4,3.6,44,72
2026-04-08 22:48:15.284225,bangalore,26.5,31.9,17.1,320.0,72.0,22.8,8.1,66,72
2026-04-08 22:48:16.063134,kolkata,18.8,25.6,7.7,224.0,67.0,23.2,2.6,95,67
2026-04-08 22:48:16.834669,chennai,10.9,18.2,4.8,202.0,48.0,28.6,5.5,90,48
2026-04-08 23:42:45.368561,delhi,80.8,295.2,26.7,610.0,46.0,17.3,6.7,46,245
2026-04-08 23:42:46.271832,mumbai,48.9,120.6,15.3,448.0,79.0,27.5,5.5,84,113
2026-04-08 23:42:47.221383,hyderabad,29.7,36.7,16.2,503.0,72.0,25.2,4.8,44,72
2026-04-08 23:42:48.161890,bangalore,26.5,31.9,17.1,320.0,72.0,22.5,8.0,66,72
2026-04-08 23:42:49.197967,kolkata,18.8,25.6,7.7,224.0,67.0,23.2,1.3,95,67
2026-04-08 23:42:50.231476,chennai,10.9,18.2,4.8,202.0,48.0,28.5,6.3,90,48
2026-04-09 11:04:29.245222,delhi,47.1,144.8,18.6,435.0,77.0,28.6,9.1,54,129
2026-04-09 11:04:30.304839,mumbai,45.6,100.8,20.4,230.0,76.0,28.2,14.3,78,100
2026-04-09 11:04:31.343993,hyderabad,24.6,30.9,9.7,259.0,85.0,36.8,13.8,54,85
2026-04-09 11:04:32.396796,bangalore,34.6,40.6,28.6,459.0,60.0,34.0,8.2,79,60
2026-04-09 11:04:33.442515,kolkata,23.5,28.8,8.1,196.0,49.0,27.8,3.6,92,49
2026-04-09 11:04:34.461800,chennai,13.3,20.0,6.5,160.0,56.0,34.0,12.6,89,56
2026-04-09 13:55:22.288532,delhi,47.1,144.8,18.6,435.0,77.0,25.5,5.1,54,129
2026-04-09 13:55:23.094106,mumbai,45.6,100.8,20.4,230.0,76.0,28.0,11.4,78,100
2026-04-09 13:55:23.954146,hyderabad,24.6,30.9,9.7,259.0,85.0,33.2,6.9,54,85
2026-04-09 13:55:24.733882,bangalore,34.6,40.6,28.6,459.0,60.0,31.0,3.7,79,60
2026-04-09 13:55:25.531546,kolkata,23.5,28.8,8.1,196.0,49.0,25.2,2.9,92,49
2026-04-09 13:55:26.313229,chennai,13.3,20.0,6.5,160.0,56.0,30.2,8.9,89,56
2026-04-09 15:26:59.885784,delhi,47.1,144.8,18.6,474.0,77.0,23.4,4.7,54,129
2026-04-09 15:27:01.150878,mumbai,45.6,100.8,20.4,692.0,76.0,27.9,9.7,78,100
2026-04-09 15:27:02.491647,hyderabad,24.6,30.9,9.7,326.0,85.0,31.3,8.0,54,85
2026-04-09 15:27:03.844077,bangalore,34.6,40.6,28.6,409.0,60.0,29.2,3.2,79,60
2026-04-09 15:27:05.085642,kolkata,23.5,28.8,8.1,243.0,49.0,24.1,3.6,92,49
2026-04-09 15:27:06.453427,chennai,13.3,20.0,6.5,202.0,56.0,29.4,8.9,89,56
2026-04-09 17:13:34.194113,delhi,47.1,144.8,18.6,474.0,77.0,23.1,4.7,48,129
2026-04-09 17:13:35.217897,mumbai,45.6,100.8,20.4,692.0,76.0,28.3,8.3,79,100
2026-04-09 17:13:36.125371,hyderabad,24.6,30.9,9.7,326.0,85.0,29.8,3.3,54,85
2026-04-09 17:13:37.054703,bangalore,34.6,40.6,28.6,409.0,60.0,27.2,5.0,80,60
2026-04-09 17:13:37.985159,kolkata,23.5,28.8,8.1,243.0,49.0,23.0,2.3,94,49
2026-04-09 17:13:38.917613,chennai,13.3,20.0,6.5,202.0,56.0,29.2,8.8,89,56
2026-04-09 19:15:46.788354,delhi,47.1,144.8,18.6,474.0,77.0,21.0,4.0,48,129
2026-04-09 19:15:47.554632,mumbai,45.6,100.8,20.4,692.0,76.0,28.3,5.6,79,100
2026-04-09 19:15:48.335791,hyderabad,24.6,30.9,9.7,326.0,85.0,28.4,3.3,54,85
2026-04-09 19:15:49.123977,bangalore,34.6,40.6,28.6,409.0,60.0,25.6,10.7,80,60
2026-04-09 19:15:49.906940,kolkata,23.5,28.8,8.1,243.0,49.0,22.2,3.2,94,49
2026-04-09 19:15:50.671401,chennai,13.3,20.0,6.5,202.0,56.0,28.9,7.6,89,56
2026-04-09 20:57:33.276114,delhi,47.1,144.8,18.6,474.0,77.0,20.0,4.1,48,129
2026-04-09 20:57:34.330465,mumbai,45.6,100.8,20.4,692.0,76.0,28.2,5.4,79,100
2026-04-09 20:57:35.363610,hyderabad,24.6,30.9,9.7,326.0,85.0,27.7,4.8,54,85
2026-04-09 20:57:36.454401,bangalore,34.6,40.6,28.6,409.0,60.0,24.1,7.2,80,60
2026-04-09 20:57:37.476587,kolkata,23.5,28.8,8.1,243.0,49.0,21.6,2.5,94,49
2026-04-09 20:57:38.526522,chennai,13.3,20.0,6.5,202.0,56.0,28.7,5.8,89,56
2026-04-09 21:53:18.763283,delhi,47.1,144.8,18.6,474.0,77.0,19.3,4.6,48,129
2026-04-09 21:53:19.579422,mumbai,45.6,100.8,20.4,692.0,76.0,28.2,6.2,79,100
2026-04-09 21:53:20.437628,hyderabad,24.6,30.9,9.7,326.0,85.0,27.0,4.1,54,85
2026-04-09 21:53:21.222291,bangalore,34.6,40.6,28.6,409.0,60.0,23.5,6.0,80,60
2026-04-09 21:53:22.079473,kolkata,23.5,28.8,8.1,243.0,49.0,21.4,2.5,94,49
2026-04-09 21:53:22.860245,chennai,13.3,20.0,6.5,202.0,56.0,28.6,5.8,89,56
2026-04-09 22:49:22.618795,delhi,63.1,228.6,19.2,474.0,70.0,18.5,4.7,48,185
2026-04-09 22:49:23.521011,mumbai,49.8,94.3,24.1,692.0,70.0,28.4,5.9,79,94
2026-04-09 22:49:24.426357,hyderabad,26.8,33.6,10.7,326.0,80.0,26.5,3.3,54,80
2026-04-09 22:49:25.339577,bangalore,32.6,38.1,18.3,409.0,86.0,23.2,6.0,80,86
2026-04-09 22:49:26.246678,kolkata,23.7,28.7,9.4,243.0,43.0,21.7,2.5,94,43
2026-04-09 22:49:27.172267,chennai,12.2,19.3,6.6,202.0,53.0,28.9,5.0,89,53
2026-04-09 23:41:13.513545,delhi,63.1,228.6,19.2,474.0,70.0,18.1,5.0,48,185
2026-04-09 23:41:14.299768,mumbai,49.8,94.3,24.1,692.0,70.0,28.3,6.8,79,94
2026-04-09 23:41:15.125106,hyderabad,26.8,33.6,10.7,326.0,80.0,26.0,3.0,54,80
2026-04-09 23:41:15.914340,bangalore,32.6,38.1,18.3,409.0,86.0,22.9,5.3,80,86
2026-04-09 23:41:16.699380,kolkata,23.7,28.7,9.4,243.0,43.0,21.7,2.2,94,43
2026-04-09 23:41:17.518907,chennai,12.2,19.3,6.6,202.0,53.0,28.8,4.0,89,53
2026-04-10 11:52:38.508965,delhi,59.3,197.4,31.4,526.0,54.0,30.9,12.8,49,164
2026-04-10 11:52:39.293410,mumbai,33.4,78.5,20.1,238.0,54.0,28.4,17.6,81,78
2026-04-10 11:52:40.104450,hyderabad,26.9,32.4,12.9,313.0,101.0,37.2,8.8,47,101
2026-04-10 11:52:40.892441,bangalore,24.2,31.4,22.1,347.0,73.0,32.2,13.7,66,73
2026-04-10 11:52:41.675373,kolkata,20.4,25.8,7.7,182.0,58.0,29.4,3.6,96,58
2026-04-10 11:52:42.485987,chennai,15.8,22.8,5.7,191.0,86.0,31.6,12.0,90,86
2026-04-10 13:22:18.495828,delhi,59.3,197.4,31.4,526.0,54.0,28.6,7.9,49,164
2026-04-10 13:22:19.282574,mumbai,33.4,78.5,20.1,238.0,54.0,28.5,14.5,81,78
2026-04-10 13:22:20.062553,hyderabad,26.9,32.4,12.9,313.0,101.0,35.4,6.8,47,101
2026-04-10 13:22:20.841057,bangalore,24.2,31.4,22.1,347.0,73.0,30.2,9.6,66,73
2026-04-10 13:22:21.621683,kolkata,20.4,25.8,7.7,182.0,58.0,27.8,0.8,96,58
2026-04-10 13:22:22.401257,chennai,15.8,22.8,5.7,191.0,86.0,30.1,10.1,90,86
2026-04-10 14:53:51.473117,delhi,59.3,197.4,31.4,526.0,54.0,26.0,7.2,49,164
2026-04-10 14:53:52.534291,mumbai,33.4,78.5,20.1,238.0,54.0,28.6,11.8,81,78
2026-04-10 14:53:53.547186,hyderabad,26.9,32.4,12.9,313.0,101.0,33.4,5.5,47,101
2026-04-10 14:53:54.578610,bangalore,24.2,31.4,22.1,347.0,73.0,27.3,4.4,66,73
2026-04-10 14:53:55.627342,kolkata,20.4,25.8,7.7,182.0,58.0,26.7,2.3,96,58
2026-04-10 14:53:56.604573,chennai,15.8,22.8,5.7,191.0,86.0,29.4,8.7,90,86
2026-04-10 15:59:25.389915,delhi,59.3,197.4,31.4,701.0,54.0,24.9,7.3,49,164
2026-04-10 15:59:26.157679,mumbai,33.4,78.5,20.1,346.0,54.0,28.7,9.0,81,78
2026-04-10 15:59:26.926978,hyderabad,26.9,32.4,12.9,269.0,101.0,32.5,5.0,47,101
2026-04-10 15:59:27.695224,bangalore,24.2,31.4,22.1,365.0,73.0,26.5,3.1,66,73
2026-04-10 15:59:28.464779,kolkata,20.4,25.8,7.7,210.0,58.0,25.7,5.1,96,58
2026-04-10 15:59:29.233177,chennai,15.8,22.8,5.7,194.0,86.0,29.2,7.7,90,86
2026-04-10 17:01:27.455102,delhi,59.3,197.4,31.4,701.0,54.0,24.1,6.8,48,164
2026-04-10 17:01:28.520463,mumbai,33.4,78.5,20.1,346.0,54.0,28.8,7.0,84,78
2026-04-10 17:01:29.580114,hyderabad,26.9,32.4,12.9,269.0,101.0,31.6,4.0,50,101
2026-04-10 17:01:30.620638,bangalore,24.2,31.4,22.1,365.0,73.0,26.5,4.3,79,73
2026-04-10 17:01:31.666463,kolkata,20.4,25.8,7.7,210.0,58.0,25.2,4.0,95,58
2026-04-10 17:01:32.722262,chennai,15.8,22.8,5.7,194.0,86.0,29.2,7.7,90,86
2026-04-10 19:02:03.621972,delhi,59.3,197.4,31.4,701.0,54.0,22.5,5.8,48,164
2026-04-10 19:02:04.415418,mumbai,33.4,78.5,20.1,346.0,54.0,28.7,5.6,84,78
2026-04-10 19:02:05.301050,hyderabad,26.9,32.4,12.9,269.0,101.0,30.2,7.8,50,101
2026-04-10 19:02:06.115329,bangalore,24.2,31.4,22.1,365.0,73.0,25.0,4.8,79,73
2026-04-10 19:02:06.895992,kolkata,20.4,25.8,7.7,210.0,58.0,24.3,1.4,95,58
2026-04-10 19:02:07.683161,chennai,15.8,22.8,5.7,194.0,86.0,28.7,6.9,90,86
2026-04-10 20:45:13.277472,delhi,59.3,197.4,31.4,701.0,54.0,21.5,6.2,48,164
2026-04-10 20:45:14.181658,mumbai,33.4,78.5,20.1,346.0,54.0,28.5,6.4,84,78
2026-04-10 20:45:15.203718,hyderabad,26.9,32.4,12.9,269.0,101.0,27.9,4.6,50,101
2026-04-10 20:45:16.122811,bangalore,24.2,31.4,22.1,365.0,73.0,24.5,6.0,79,73
2026-04-10 20:45:17.030905,kolkata,20.4,25.8,7.7,210.0,58.0,23.7,1.3,95,58
2026-04-10 20:45:17.953063,chennai,15.8,22.8,5.7,194.0,86.0,28.4,6.2,90,86
2026-04-10 21:43:37.760320,delhi,59.3,197.4,31.4,701.0,54.0,21.1,5.9,48,164
2026-04-10 21:43:38.653788,mumbai,33.4,78.5,20.1,346.0,54.0,28.4,7.6,84,78
2026-04-10 21:43:39.556460,hyderabad,26.9,32.4,12.9,269.0,101.0,27.5,4.6,50,101
2026-04-10 21:43:40.471833,bangalore,24.2,31.4,22.1,365.0,73.0,24.3,5.8,79,73
2026-04-10 21:43:41.389719,kolkata,20.4,25.8,7.7,210.0,58.0,23.6,1.1,95,58
2026-04-10 21:43:42.304339,chennai,15.8,22.8,5.7,194.0,86.0,28.2,5.9,90,86
2026-04-10 22:42:32.665427,delhi,65.7,255.2,25.4,701.0,57.0,21.1,6.5,48,205
2026-04-10 22:42:33.593072,mumbai,30.9,76.8,18.4,346.0,52.0,28.4,9.7,84,76
2026-04-10 22:42:34.517897,hyderabad,24.2,28.6,11.7,269.0,98.0,27.1,3.2,50,98
2026-04-10 22:42:35.438290,bangalore,26.9,33.8,24.5,365.0,72.0,24.2,6.3,79,72
2026-04-10 22:42:36.339433,kolkata,22.2,26.8,8.2,210.0,49.0,23.5,1.6,95,49
2026-04-10 22:42:37.280896,chennai,16.6,22.9,6.0,194.0,76.0,28.1,5.0,90,76
2026-04-10 23:40:49.958661,delhi,65.7,255.2,25.4,701.0,57.0,20.9,6.2,48,205
2026-04-10 23:40:50.741927,mumbai,30.9,76.8,18.4,346.0,52.0,28.1,9.4,84,76
2026-04-10 23:40:51.523171,hyderabad,24.2,28.6,11.7,269.0,98.0,26.8,2.5,50,98
2026-04-10 23:40:52.307498,bangalore,26.9,33.8,24.5,365.0,72.0,23.8,6.9,79,72
2026-04-10 23:40:53.120955,kolkata,22.2,26.8,8.2,210.0,49.0,23.6,1.8,95,49
2026-04-10 23:40:53.900721,chennai,16.6,22.9,6.0,194.0,76.0,27.9,4.3,90,76
2026-04-11 10:41:08.202556,delhi,53.8,160.2,31.1,561.0,46.0,30.7,7.8,42,140
2026-04-11 10:41:08.983697,mumbai,21.3,41.3,15.3,212.0,68.0,28.8,17.4,82,68
2026-04-11 10:41:09.762733,hyderabad,29.0,34.9,15.5,330.0,100.0,39.3,8.6,58,100
2026-04-11 10:41:10.551226,bangalore,31.4,36.7,27.2,462.0,59.0,34.9,9.0,61,59
2026-04-11 10:41:11.336513,kolkata,20.5,27.1,6.8,185.0,62.0,31.7,6.5,97,62
2026-04-11 10:41:12.117106,chennai,15.0,21.9,4.5,182.0,90.0,33.6,12.0,92,90
2026-04-11 11:36:14.148540,delhi,53.8,160.2,31.1,561.0,46.0,30.5,7.4,42,140
2026-04-11 11:36:15.449280,mumbai,21.3,41.3,15.3,212.0,68.0,28.7,16.5,82,68
2026-04-11 11:36:16.726679,hyderabad,29.0,34.9,15.5,330.0,100.0,38.6,8.8,58,100
2026-04-11 11:36:18.029281,bangalore,31.4,36.7,27.2,462.0,59.0,34.5,11.0,61,59
2026-04-11 11:36:19.269737,kolkata,20.5,27.1,6.8,185.0,62.0,30.3,4.3,97,62
2026-04-11 11:36:20.546102,chennai,15.0,21.9,4.5,182.0,90.0,32.2,12.0,92,90
2026-04-11 13:10:05.565341,delhi,53.8,160.2,31.1,561.0,46.0,29.2,4.0,42,140
2026-04-11 13:10:09.452871,mumbai,21.3,41.3,15.3,212.0,68.0,29.0,12.5,82,68
2026-04-11 13:28:12.156016,bangalore,31.4,36.7,27.2,462.0,59.0,32.6,9.0,61,59
2026-04-11 13:28:13.352585,kolkata,20.5,27.1,6.8,185.0,62.0,28.3,2.1,97,62
2026-04-11 13:28:14.509803,chennai,15.0,21.9,4.5,182.0,90.0,30.0,10.2,92,90
2026-04-11 14:40:24.903053,delhi,53.8,160.2,31.1,561.0,46.0,27.5,3.1,42,140
2026-04-11 14:40:25.818205,mumbai,21.3,41.3,15.3,212.0,68.0,29.1,8.4,82,68
2026-04-11 14:40:26.720305,hyderabad,29.0,34.9,15.5,330.0,100.0,34.4,4.5,58,100
2026-04-11 14:40:27.633113,bangalore,31.4,36.7,27.2,462.0,59.0,30.7,5.8,61,59
2026-04-11 14:40:28.565887,kolkata,20.5,27.1,6.8,185.0,62.0,27.4,4.5,97,62
2026-04-11 14:40:29.499709,chennai,15.0,21.9,4.5,182.0,90.0,29.5,8.9,92,90
2026-04-11 15:39:11.882663,delhi,53.8,160.2,31.1,805.0,46.0,27.0,2.8,42,140
2026-04-11 15:39:12.820167,mumbai,21.3,41.3,15.3,340.0,68.0,29.0,5.6,82,68
2026-04-11 15:39:13.771596,hyderabad,29.0,34.9,15.5,338.0,100.0,33.3,5.6,58,100
2026-04-11 15:39:14.697278,bangalore,31.4,36.7,27.2,367.0,59.0,29.6,7.2,61,59
2026-04-11 15:39:15.628684,kolkata,20.5,27.1,6.8,212.0,62.0,26.0,6.1,97,62
2026-04-11 15:39:16.560096,chennai,15.0,21.9,4.5,183.0,90.0,29.2,8.9,92,90
2026-04-11 16:43:11.417129,delhi,53.8,160.2,31.1,805.0,46.0,27.2,2.5,41,140
2026-04-11 16:43:12.589687,mumbai,21.3,41.3,15.3,340.0,68.0,29.0,3.6,87,68
2026-04-11 16:43:13.811601,hyderabad,29.0,34.9,15.5,338.0,100.0,32.4,6.5,61,100
2026-04-11 16:43:14.957202,bangalore,31.4,36.7,27.2,367.0,59.0,28.6,8.9,66,59
2026-04-11 16:43:16.141080,kolkata,20.5,27.1,6.8,212.0,62.0,26.5,6.1,97,62
2026-04-11 16:43:17.297,chennai,15.0,21.9,4.5,183.0,90.0,29.4,7.9,88,90
2026-04-11 17:36:57.625887,delhi,53.8,160.2,31.1,805.0,46.0,26.3,4.0,41,140
2026-04-11 17:36:58.427331,mumbai,21.3,41.3,15.3,340.0,68.0,28.8,3.5,87,68
2026-04-11 17:36:59.217318,hyderabad,29.0,34.9,15.5,338.0,100.0,31.6,5.2,61,100
2026-04-11 17:36:59.980380,bangalore,31.4,36.7,27.2,367.0,59.0,27.5,8.7,66,59
2026-04-11 17:37:00.748175,kolkata,20.5,27.1,6.8,212.0,62.0,24.7,5.8,97,62
2026-04-11 17:37:01.525476,chennai,15.0,21.9,4.5,183.0,90.0,29.3,6.7,88,90
2026-04-11 18:54:10.340435,delhi,53.8,160.2,31.1,805.0,46.0,25.2,6.2,41,140
2026-04-11 18:54:11.136254,mumbai,21.3,41.3,15.3,340.0,68.0,28.7,6.0,87,68
2026-04-11 18:54:11.929427,hyderabad,29.0,34.9,15.5,338.0,100.0,30.6,5.7,61,100
2026-04-11 18:54:12.725547,bangalore,31.4,36.7,27.2,367.0,59.0,26.3,7.7,66,59
2026-04-11 18:54:13.523917,kolkata,20.5,27.1,6.8,212.0,62.0,24.7,5.4,97,62
2026-04-11 18:54:14.396120,chennai,15.0,21.9,4.5,183.0,90.0,29.1,6.8,88,90
2026-04-11 19:38:51.222453,delhi,53.8,160.2,31.1,805.0,46.0,24.7,5.9,41,140
2026-04-11 19:38:52.125881,mumbai,21.3,41.3,15.3,340.0,68.0,28.5,6.9,87,68
2026-04-11 19:38:53.039596,hyderabad,29.0,34.9,15.5,338.0,100.0,29.8,6.1,61,100
2026-04-11 19:38:53.943289,bangalore,31.4,36.7,27.2,367.0,59.0,25.6,7.7,66,59
2026-04-11 19:38:54.866926,kolkata,20.5,27.1,6.8,212.0,62.0,24.9,5.6,97,62
2026-04-11 19:38:55.784486,chennai,15.0,21.9,4.5,183.0,90.0,29.0,6.5,88,90
2026-04-11 20:40:37.663773,delhi,53.8,160.2,31.1,805.0,46.0,24.1,4.4,41,140
2026-04-11 20:40:38.676782,mumbai,21.3,41.3,15.3,340.0,68.0,28.4,6.7,87,68
2026-04-11 20:40:39.793390,hyderabad,29.0,34.9,15.5,338.0,100.0,28.7,5.1,61,100
2026-04-11 20:40:40.858813,bangalore,31.4,36.7,27.2,367.0,59.0,24.7,7.7,66,59
2026-04-11 20:40:41.873062,kolkata,20.5,27.1,6.8,212.0,62.0,25.1,6.3,97,62
2026-04-11 20:40:42.895917,chennai,15.0,21.9,4.5,183.0,90.0,28.8,5.1,88,90
2026-04-11 21:38:38.450813,delhi,53.8,160.2,31.1,805.0,46.0,23.5,3.3,41,140
2026-04-11 21:38:39.235120,mumbai,21.3,41.3,15.3,340.0,68.0,28.2,5.8,87,68
2026-04-11 21:38:40.096630,hyderabad,29.0,34.9,15.5,338.0,100.0,27.8,4.5,61,100
2026-04-11 21:38:40.964988,bangalore,31.4,36.7,27.2,367.0,59.0,24.1,6.6,66,59
2026-04-11 21:38:41.731453,kolkata,20.5,27.1,6.8,212.0,62.0,25.1,6.0,97,62
2026-04-11 21:38:42.505260,chennai,15.0,21.9,4.5,183.0,90.0,28.5,4.3,88,90
2026-04-11 22:38:01.287022,delhi,44.6,110.1,22.8,805.0,48.0,22.9,2.9,41,106
2026-04-11 22:38:02.246318,mumbai,23.6,42.0,16.6,340.0,64.0,28.2,4.1,87,64
2026-04-11 22:38:03.275427,hyderabad,24.9,28.8,11.4,338.0,100.0,27.4,3.7,61,100
2026-04-11 22:38:04.228278,bangalore,28.3,32.7,25.1,367.0,75.0,23.8,5.9,66,75
2026-04-11 22:38:05.137644,kolkata,18.5,23.7,6.9,212.0,56.0,25.4,4.6,97,56
2026-04-11 22:38:06.033878,chennai,11.5,16.5,4.9,183.0,77.0,28.4,3.6,88,77
2026-04-11 23:40:31.254529,delhi,44.6,110.1,22.8,805.0,48.0,22.3,3.4,41,106
2026-04-11 23:40:32.044074,mumbai,23.6,42.0,16.6,340.0,64.0,28.1,3.6,87,64
2026-04-11 23:40:32.847157,hyderabad,24.9,28.8,11.4,338.0,100.0,26.8,3.1,61,100
2026-04-11 23:57:34.013140,kolkata,18.5,23.7,6.9,212.0,56.0,25.3,4.6,97,56
2026-04-11 23:57:34.784358,chennai,11.5,16.5,4.9,183.0,77.0,28.2,4.0,88,77
2026-04-12 10:44:35.523644,delhi,39.2,143.4,16.8,321.0,63.0,33.1,12.8,47,128
2026-04-12 10:44:36.309174,mumbai,31.4,103.6,19.7,220.0,63.0,29.2,16.8,81,102
2026-04-12 10:44:37.118349,hyderabad,27.0,30.7,11.0,282.0,104.0,39.6,6.6,67,105
2026-04-12 10:44:37.912272,bangalore,30.7,37.0,26.2,420.0,75.0,34.7,10.5,71,75
2026-04-12 10:44:38.779591,kolkata,14.0,18.2,8.6,177.0,48.0,34.2,5.2,95,48
2026-04-12 10:44:39.643275,chennai,15.4,21.2,5.0,210.0,103.0,33.3,12.1,85,104
2026-04-12 11:38:00.750415,delhi,39.2,143.4,16.8,321.0,63.0,32.5,11.7,47,128
2026-04-12 11:38:01.541491,mumbai,31.4,103.6,19.7,220.0,63.0,29.2,15.9,81,102
2026-04-12 11:38:02.332864,hyderabad,27.0,30.7,11.0,282.0,104.0,39.0,5.6,67,105
2026-04-12 11:38:03.136405,bangalore,30.7,37.0,26.2,420.0,75.0,34.2,11.2,71,75
2026-04-12 11:38:03.921352,kolkata,14.0,18.2,8.6,177.0,48.0,32.9,3.5,95,48
2026-04-12 11:38:04.698375,chennai,15.4,21.2,5.0,210.0,103.0,32.0,11.4,85,104
2026-04-12 13:12:19.115552,delhi,39.2,143.4,16.8,321.0,63.0,30.6,6.6,47,128
2026-04-12 13:12:19.894868,mumbai,31.4,103.6,19.7,220.0,63.0,29.3,13.9,81,102
2026-04-12 13:12:20.679984,hyderabad,27.0,30.7,11.0,282.0,104.0,37.4,4.8,67,105
2026-04-12 13:12:21.467183,bangalore,30.7,37.0,26.2,420.0,75.0,32.4,9.8,71,75
2026-04-12 13:12:22.259340,kolkata,14.0,18.2,8.6,177.0,48.0,29.1,8.6,95,48
2026-04-12 13:12:23.045852,chennai,15.4,21.2,5.0,210.0,103.0,29.9,9.7,85,104
2026-04-12 14:44:48.004662,delhi,39.2,143.4,16.8,321.0,63.0,28.0,3.6,47,128
2026-04-12 14:44:49.382768,mumbai,31.4,103.6,19.7,220.0,63.0,29.1,11.0,81,102
2026-04-12 14:44:50.665524,hyderabad,27.0,30.7,11.0,282.0,104.0,34.6,6.8,67,105
2026-04-12 14:44:51.934661,bangalore,30.7,37.0,26.2,420.0,75.0,30.3,10.3,71,75
2026-04-12 14:44:53.222491,kolkata,14.0,18.2,8.6,177.0,48.0,27.3,10.1,95,48
2026-04-12 15:40:41.821596,delhi,39.2,143.4,16.8,479.0,63.0,26.9,4.2,47,128
2026-04-12 15:40:42.718278,mumbai,31.4,103.6,19.7,655.0,63.0,29.0,9.2,81,102
2026-04-12 15:40:43.627042,hyderabad,27.0,30.7,11.0,309.0,104.0,33.6,5.4,67,105
2026-04-12 15:40:44.560008,bangalore,30.7,37.0,26.2,417.0,75.0,29.0,12.2,71,75
2026-04-12 15:40:45.482720,kolkata,14.0,18.2,8.6,228.0,48.0,26.6,9.7,95,48
2026-04-12 15:40:46.440139,chennai,15.4,21.2,5.0,211.0,103.0,28.4,6.6,85,104
2026-04-12 16:47:06.460601,delhi,39.2,143.4,16.8,479.0,63.0,26.0,4.1,45,128
2026-04-12 16:47:07.227961,mumbai,31.4,103.6,19.7,655.0,63.0,29.5,9.2,79,102
2026-04-12 16:47:07.987471,hyderabad,27.0,30.7,11.0,309.0,104.0,32.2,10.2,73,105
2026-04-12 16:47:08.747769,bangalore,30.7,37.0,26.2,417.0,75.0,27.7,9.2,71,75
2026-04-12 16:47:09.506930,kolkata,14.0,18.2,8.6,228.0,48.0,26.9,9.4,94,48
2026-04-12 16:47:10.288629,chennai,15.4,21.2,5.0,211.0,103.0,28.3,6.1,89,104
2026-04-12 17:40:13.131615,delhi,39.2,143.4,16.8,479.0,63.0,25.4,4.1,45,128
2026-04-12 17:40:14.922024,mumbai,31.4,103.6,19.7,655.0,63.0,29.5,7.9,79,102
2026-04-12 17:40:16.310631,hyderabad,27.0,30.7,11.0,309.0,104.0,31.2,10.5,73,105
2026-04-12 17:40:17.529172,bangalore,30.7,37.0,26.2,417.0,75.0,27.0,7.7,71,75
2026-04-12 17:58:28.856565,chennai,15.4,21.2,5.0,211.0,103.0,28.1,5.5,89,104
2026-04-12 18:58:04.478974,delhi,39.2,143.4,16.8,479.0,63.0,24.2,4.5,45,128
2026-04-12 18:58:05.266687,mumbai,31.4,103.6,19.7,655.0,63.0,29.4,6.1,79,102
2026-04-12 18:58:06.058128,hyderabad,27.0,30.7,11.0,309.0,104.0,29.7,6.4,73,105
2026-04-12 18:58:06.919563,bangalore,30.7,37.0,26.2,417.0,75.0,26.0,6.4,71,75
2026-04-12 18:58:07.710074,kolkata,14.0,18.2,8.6,228.0,48.0,26.6,8.0,94,48
2026-04-12 18:58:08.523362,chennai,15.4,21.2,5.0,211.0,103.0,27.9,5.2,89,104
2026-04-12 19:44:38.869922,delhi,39.2,143.4,16.8,479.0,63.0,23.7,3.9,45,128
2026-04-12 19:44:39.681520,mumbai,31.4,103.6,19.7,655.0,63.0,29.2,5.4,79,102
2026-04-12 19:44:40.541253,hyderabad,27.0,30.7,11.0,309.0,104.0,29.2,4.4,73,105
2026-04-12 19:44:41.321661,bangalore,30.7,37.0,26.2,417.0,75.0,25.4,5.0,71,75
2026-04-12 19:44:42.104062,kolkata,14.0,18.2,8.6,228.0,48.0,26.5,7.6,94,48
2026-04-12 19:44:42.888955,chennai,15.4,21.2,5.0,211.0,103.0,27.7,4.7,89,104
2026-04-12 20:42:48.959514,delhi,39.2,143.4,16.8,479.0,63.0,23.1,3.3,45,128
2026-04-12 20:42:50.245898,mumbai,31.4,103.6,19.7,655.0,63.0,29.0,5.4,79,102
2026-04-12 20:42:51.491771,hyderabad,27.0,30.7,11.0,309.0,104.0,28.8,2.6,73,105
2026-04-12 20:42:52.798532,bangalore,30.7,37.0,26.2,417.0,75.0,24.7,3.7,71,75
2026-04-12 20:42:54.044041,kolkata,14.0,18.2,8.6,228.0,48.0,26.3,7.6,94,48
2026-04-12 21:40:37.860993,delhi,39.2,143.4,16.8,479.0,63.0,22.5,3.8,45,128
2026-04-12 21:40:39.023958,mumbai,31.4,103.6,19.7,655.0,63.0,28.8,5.9,79,102
2026-04-12 21:40:40.188635,hyderabad,27.0,30.7,11.0,309.0,104.0,28.3,3.9,73,105
2026-04-12 21:40:41.359296,bangalore,30.7,37.0,26.2,417.0,75.0,24.1,3.4,71,75
2026-04-12 21:40:42.501971,kolkata,14.0,18.2,8.6,228.0,48.0,26.1,8.3,94,48
2026-04-12 21:40:43.643070,chennai,15.4,21.2,5.0,211.0,103.0,27.2,4.5,89,104
2026-04-12 22:40:31.352945,delhi,35.3,83.8,20.0,479.0,53.0,21.6,3.4,45,83
2026-04-12 22:40:32.544821,mumbai,30.9,110.4,15.2,655.0,56.0,28.4,5.5,79,106
2026-04-12 22:40:33.702548,hyderabad,29.2,32.0,10.7,309.0,95.0,28.6,5.9,73,95
2026-04-12 22:40:34.855813,bangalore,30.5,36.6,22.2,417.0,83.0,23.8,2.7,71,83
2026-04-12 22:40:36.046031,kolkata,15.8,20.4,9.8,228.0,44.0,26.4,8.3,94,44
2026-04-12 22:40:37.207209,chennai,12.9,17.8,5.2,211.0,93.0,27.2,3.4,89,93
2026-04-12 23:41:17.870132,delhi,35.3,83.8,20.0,479.0,53.0,21.3,3.3,45,83
2026-04-12 23:41:18.644727,mumbai,30.9,110.4,15.2,655.0,56.0,28.4,3.7,79,106
2026-04-12 23:41:19.424318,hyderabad,29.2,32.0,10.7,309.0,95.0,28.4,6.5,73,95
2026-04-12 23:41:20.226398,bangalore,30.5,36.6,22.2,417.0,83.0,23.2,3.3,71,83
2026-04-12 23:41:20.994453,kolkata,15.8,20.4,9.8,228.0,44.0,26.3,7.6,94,44
2026-04-12 23:41:21.774975,chennai,12.9,17.8,5.2,211.0,93.0,27.0,3.6,89,93
2026-04-13 11:20:37.944295,delhi,56.2,174.6,33.7,594.0,40.0,34.3,9.7,42,149
2026-04-13 11:20:39.018516,mumbai,26.4,60.8,18.0,194.0,68.0,28.3,14.4,82,68
2026-04-13 11:20:40.082441,hyderabad,23.9,29.2,11.8,286.0,93.0,38.9,2.4,65,93
2026-04-13 11:20:41.141749,bangalore,31.3,40.7,17.8,339.0,95.0,35.8,11.6,58,95
2026-04-13 11:20:42.170747,kolkata,18.3,22.9,12.6,205.0,40.0,33.4,9.2,94,40
2026-04-13 11:20:43.253468,chennai,10.9,16.5,7.3,167.0,57.0,32.7,12.2,84,57
2026-04-13 13:51:47.160558,delhi,56.2,174.6,33.7,594.0,40.0,30.4,3.9,42,149
2026-04-13 13:51:48.301559,mumbai,26.4,60.8,18.0,194.0,68.0,28.5,9.7,82,68
2026-04-13 13:51:49.460616,hyderabad,23.9,29.2,11.8,286.0,93.0,35.3,6.9,65,93
2026-04-13 13:51:50.625618,bangalore,31.3,40.7,17.8,339.0,95.0,32.4,9.1,58,95
2026-04-13 13:51:51.756443,kolkata,18.3,22.9,12.6,205.0,40.0,28.4,10.8,94,40
2026-04-13 13:51:52.909420,chennai,10.9,16.5,7.3,167.0,57.0,29.2,8.9,84,57
2026-04-13 15:20:05.861252,delhi,56.2,174.6,33.7,601.0,40.0,28.3,3.9,42,149
2026-04-13 15:37:03.368703,hyderabad,23.9,29.2,11.8,319.0,93.0,32.9,4.3,65,93
2026-04-13 15:37:04.154735,bangalore,31.3,40.7,17.8,332.0,95.0,29.7,11.9,58,95
2026-04-13 15:37:05.037233,kolkata,18.3,22.9,12.6,245.0,40.0,27.3,11.6,94,40
2026-04-13 15:37:05.820045,chennai,10.9,16.5,7.3,172.0,57.0,28.5,7.1,84,57
2026-04-13 17:09:46.074918,delhi,56.2,174.6,33.7,601.0,40.0,26.6,4.1,51,149
2026-04-13 17:09:47.113793,mumbai,26.4,60.8,18.0,446.0,68.0,28.4,5.4,78,68
2026-04-13 17:09:48.283406,hyderabad,23.9,29.2,11.8,319.0,93.0,32.0,5.3,69,93
2026-04-13 17:09:49.357937,bangalore,31.3,40.7,17.8,332.0,95.0,27.6,7.9,66,95
2026-04-13 17:09:50.378003,kolkata,18.3,22.9,12.6,245.0,40.0,27.5,9.8,94,40
2026-04-13 17:09:51.444705,chennai,10.9,16.5,7.3,172.0,57.0,28.3,6.1,88,57
2026-04-13 19:20:47.534168,delhi,56.2,174.6,33.7,601.0,40.0,24.5,4.7,51,149
2026-04-13 19:20:48.701150,mumbai,26.4,60.8,18.0,446.0,68.0,28.1,3.1,78,68
2026-04-13 19:20:49.845591,hyderabad,23.9,29.2,11.8,319.0,93.0,29.9,8.1,69,93
2026-04-13 19:20:50.970295,bangalore,31.3,40.7,17.8,332.0,95.0,25.2,4.7,66,95
2026-04-13 19:20:52.114642,kolkata,18.3,22.9,12.6,245.0,40.0,27.1,9.8,94,40
2026-04-13 19:20:53.241219,chennai,10.9,16.5,7.3,172.0,57.0,27.7,5.1,88,57
2026-04-13 21:01:06.703611,delhi,56.2,174.6,33.7,601.0,40.0,23.3,3.4,51,149
2026-04-13 21:01:07.753763,mumbai,26.4,60.8,18.0,446.0,68.0,28.3,2.9,78,68
2026-04-13 21:01:08.796629,hyderabad,23.9,29.2,11.8,319.0,93.0,28.5,3.0,69,93
2026-04-13 21:01:09.884916,bangalore,31.3,40.7,17.8,332.0,95.0,24.3,4.3,66,95
2026-04-13 21:01:10.959572,kolkata,18.3,22.9,12.6,245.0,40.0,26.9,8.2,94,40
2026-04-13 21:01:12.024759,chennai,10.9,16.5,7.3,172.0,57.0,27.2,4.6,88,57
2026-04-13 22:50:12.369374,delhi,36.6,94.3,24.7,601.0,50.0,22.8,1.1,51,94
2026-04-13 22:50:13.831526,mumbai,25.6,57.3,18.4,446.0,62.0,28.3,0.4,78,62
2026-04-13 22:50:15.041413,hyderabad,25.0,30.3,11.9,319.0,89.0,27.6,3.6,69,89
2026-04-13 22:50:16.074588,bangalore,30.4,36.9,22.5,332.0,82.0,23.2,1.8,66,82
2026-04-13 22:50:17.003790,kolkata,21.6,27.1,15.0,245.0,38.0,27.2,1.1,94,38
2026-04-13 23:51:00.239764,delhi,36.6,94.3,24.7,601.0,50.0,22.5,3.3,51,94
2026-04-13 23:51:01.344667,mumbai,25.6,57.3,18.4,446.0,62.0,28.2,1.3,78,62
2026-04-13 23:51:02.527970,hyderabad,25.0,30.3,11.9,319.0,89.0,27.4,3.5,69,89
2026-04-13 23:51:03.664349,bangalore,30.4,36.9,22.5,332.0,82.0,23.2,1.3,66,82
2026-04-13 23:51:04.769721,kolkata,21.6,27.1,15.0,245.0,38.0,27.1,0.5,94,38
2026-04-13 23:51:05.890460,chennai,9.4,14.3,7.4,172.0,50.0,26.5,3.3,88,50
2026-04-14 12:00:24.260651,delhi,47.6,77.5,36.5,635.0,44.0,35.5,5.7,48,79
2026-04-14 12:00:27.095322,mumbai,31.8,83.6,24.4,266.0,70.0,30.4,18.3,77,83
2026-04-14 12:18:21.835902,bangalore,35.5,42.8,25.3,394.0,85.0,34.8,11.2,62,85
2026-04-14 12:18:22.983858,kolkata,17.5,22.2,7.5,171.0,56.0,31.8,7.2,94,56
2026-04-14 12:18:24.080392,chennai,10.4,16.9,9.9,149.0,43.0,31.8,10.3,93,43
2026-04-14 14:52:42.551965,delhi,47.6,77.5,36.5,635.0,44.0,32.6,3.1,48,79
2026-04-14 14:52:43.756109,mumbai,31.8,83.6,24.4,266.0,70.0,30.3,12.7,77,83
2026-04-14 14:52:44.933571,hyderabad,22.1,29.8,9.9,245.0,92.0,34.1,6.1,55,92
2026-04-14 14:52:46.268112,bangalore,35.5,42.8,25.3,394.0,85.0,30.4,12.1,62,85
2026-04-14 14:52:47.470636,kolkata,17.5,22.2,7.5,171.0,56.0,28.4,11.9,94,56
2026-04-14 14:52:48.659545,chennai,10.4,16.9,9.9,149.0,43.0,29.0,7.0,93,43
2026-04-14 16:12:05.604443,delhi,47.6,77.5,36.5,487.0,44.0,30.5,3.4,48,79
2026-04-14 16:12:06.642761,mumbai,31.8,83.6,24.4,467.0,70.0,30.2,10.0,77,83
2026-04-14 16:12:07.681129,hyderabad,22.1,29.8,9.9,284.0,92.0,32.7,5.6,55,92
2026-04-14 16:12:08.714011,bangalore,35.5,42.8,25.3,313.0,85.0,28.6,11.9,62,85
2026-04-14 16:12:09.750785,kolkata,17.5,22.2,7.5,193.0,56.0,27.5,9.8,94,56
2026-04-14 16:12:10.803182,chennai,10.4,16.9,9.9,152.0,43.0,28.5,6.0,93,43
2026-04-14 18:08:59.174127,delhi,47.6,77.5,36.5,487.0,44.0,29.5,3.7,42,79
2026-04-14 18:08:59.953334,mumbai,31.8,83.6,24.4,467.0,70.0,30.3,9.2,80,83
2026-04-14 18:09:00.738950,hyderabad,22.1,29.8,9.9,284.0,92.0,30.4,6.1,66,92
2026-04-14 18:09:01.571914,bangalore,35.5,42.8,25.3,313.0,85.0,26.4,6.9,54,85
2026-04-14 18:09:02.362813,kolkata,17.5,22.2,7.5,193.0,56.0,27.4,7.4,93,56
2026-04-14 18:09:03.174838,chennai,10.4,16.9,9.9,152.0,43.0,28.3,5.4,92,43
2026-04-14 20:08:24.733908,delhi,47.6,77.5,36.5,487.0,44.0,27.5,3.1,42,79
2026-04-14 20:08:26.066957,mumbai,31.8,83.6,24.4,467.0,70.0,29.7,8.2,80,83
2026-04-14 20:08:27.367201,hyderabad,22.1,29.8,9.9,284.0,92.0,28.7,3.7,66,92
2026-04-14 20:08:28.658349,bangalore,35.5,42.8,25.3,313.0,85.0,24.7,4.7,54,85
2026-04-14 20:08:29.995702,kolkata,17.5,22.2,7.5,193.0,56.0,27.3,8.9,93,56
2026-04-14 21:55:36.885747,delhi,47.6,77.5,36.5,487.0,44.0,26.2,2.2,42,79
2026-04-14 21:55:37.877786,mumbai,31.8,83.6,24.4,467.0,70.0,29.3,7.3,80,83
2026-04-14 21:55:38.911270,hyderabad,22.1,29.8,9.9,284.0,92.0,28.0,3.1,66,92
2026-04-14 21:55:39.983697,bangalore,35.5,42.8,25.3,313.0,85.0,24.1,4.6,54,85
2026-04-14 21:55:41.077449,kolkata,17.5,22.2,7.5,193.0,56.0,26.9,7.9,93,56
2026-04-14 21:55:42.083257,chennai,10.4,16.9,9.9,152.0,43.0,27.7,6.2,92,43
2026-04-14 22:52:08.371384,delhi,58.9,322.2,12.3,487.0,57.0,25.2,3.4,42,272
2026-04-14 22:52:09.427839,mumbai,29.9,68.0,22.9,467.0,74.0,29.2,8.9,80,74
2026-04-14 22:52:10.424009,hyderabad,23.3,28.6,10.1,284.0,94.0,28.1,2.2,66,94
2026-04-14 22:52:11.438819,bangalore,30.6,38.1,20.5,313.0,92.0,23.8,3.5,54,92
2026-04-14 22:52:12.420511,kolkata,16.8,21.7,7.7,193.0,53.0,26.7,8.2,93,53
2026-04-14 22:52:13.413278,chennai,11.6,18.2,8.4,152.0,50.0,27.9,4.7,92,50
2026-04-14 23:49:04.437938,delhi,58.9,322.2,12.3,487.0,57.0,24.6,3.3,42,272
2026-04-14 23:49:05.476021,mumbai,29.9,68.0,22.9,467.0,74.0,28.9,8.8,80,74
2026-04-14 23:49:06.524565,hyderabad,23.3,28.6,10.1,284.0,94.0,27.7,2.9,66,94
2026-04-14 23:49:07.571987,bangalore,30.6,38.1,20.5,313.0,92.0,23.1,4.2,54,92
2026-04-14 23:49:08.661006,kolkata,16.8,21.7,7.7,193.0,53.0,26.7,8.3,93,53
2026-04-14 23:49:09.805723,chennai,11.6,18.2,8.4,152.0,50.0,27.8,5.2,92,50
2026-04-15 11:05:50.211648,delhi,82.2,332.5,15.7,390.0,58.0,38.1,10.7,46,282
2026-04-15 11:05:51.515041,mumbai,29.6,51.6,23.3,240.0,76.0,29.7,13.9,84,76
2026-04-15 11:05:52.830980,hyderabad,26.2,32.4,20.6,340.0,66.0,39.8,4.3,67,66
2026-04-15 11:05:54.207393,bangalore,31.9,37.0,25.6,386.0,79.0,35.8,8.2,55,79
2026-04-15 11:05:55.508769,kolkata,18.1,24.6,7.3,171.0,56.0,33.9,11.3,94,56
2026-04-15 11:05:56.866513,chennai,10.7,16.8,6.9,134.0,50.0,34.5,11.2,92,50
2026-04-15 13:50:49.559519,delhi,82.2,332.5,15.7,390.0,58.0,34.2,2.7,46,282
2026-04-15 13:50:50.752125,mumbai,29.6,51.6,23.3,240.0,76.0,29.9,10.3,84,76
2026-04-15 13:50:51.986604,hyderabad,26.2,32.4,20.6,340.0,66.0,36.0,4.0,67,66
2026-04-15 13:50:53.177770,bangalore,31.9,37.0,25.6,386.0,79.0,32.6,7.7,55,79
2026-04-15 13:50:54.383125,kolkata,18.1,24.6,7.3,171.0,56.0,29.4,11.2,94,56
2026-04-15 13:50:55.577845,chennai,10.7,16.8,6.9,134.0,50.0,29.7,9.3,92,50
2026-04-15 15:10:49.729196,delhi,82.2,332.5,15.7,396.0,58.0,32.7,2.0,46,282
2026-04-15 15:10:51.026692,mumbai,29.6,51.6,23.3,437.0,76.0,29.7,8.2,84,76
2026-04-15 15:10:52.343951,hyderabad,26.2,32.4,20.6,360.0,66.0,34.4,2.4,67,66
2026-04-15 15:10:53.665342,bangalore,31.9,37.0,25.6,714.0,79.0,30.9,9.5,55,79
2026-04-15 15:10:54.932016,kolkata,18.1,24.6,7.3,207.0,56.0,28.5,10.8,94,56
2026-04-15 17:12:13.005821,delhi,82.2,332.5,15.7,396.0,58.0,30.8,2.0,47,282
2026-04-15 17:12:13.809596,mumbai,29.6,51.6,23.3,437.0,76.0,29.7,8.1,76,76
2026-04-15 17:12:14.581416,hyderabad,26.2,32.4,20.6,360.0,66.0,31.6,5.2,69,66
2026-04-15 17:12:15.356887,bangalore,31.9,37.0,25.6,714.0,79.0,28.2,6.7,66,79
2026-04-15 17:12:16.149412,kolkata,18.1,24.6,7.3,207.0,56.0,28.2,10.8,97,56
2026-04-15 17:12:16.940084,chennai,10.7,16.8,6.9,157.0,50.0,29.1,7.9,91,50
2026-04-15 19:25:47.456205,delhi,82.2,332.5,15.7,396.0,58.0,28.9,1.5,47,282
2026-04-15 19:25:48.587492,mumbai,29.6,51.6,23.3,437.0,76.0,29.2,8.2,76,76
2026-04-15 19:25:49.672087,hyderabad,26.2,32.4,20.6,360.0,66.0,29.8,3.7,69,66
2026-04-15 19:25:50.769441,bangalore,31.9,37.0,25.6,714.0,79.0,26.4,4.1,66,79
2026-04-15 19:25:51.881599,kolkata,18.1,24.6,7.3,207.0,56.0,27.7,10.1,97,56
2026-04-15 19:25:52.982900,chennai,10.7,16.8,6.9,157.0,50.0,28.8,6.9,91,50
2026-04-15 20:57:45.421891,delhi,82.2,332.5,15.7,396.0,58.0,27.6,1.4,47,282
2026-04-15 20:57:46.219945,mumbai,29.6,51.6,23.3,437.0,76.0,28.8,8.5,76,76
2026-04-15 20:57:47.024615,hyderabad,26.2,32.4,20.6,360.0,66.0,28.8,2.3,69,66
2026-04-15 20:57:47.829638,bangalore,31.9,37.0,25.6,714.0,79.0,25.5,4.0,66,79
2026-04-15 20:57:48.635183,kolkata,18.1,24.6,7.3,207.0,56.0,27.4,8.4,97,56
2026-04-15 20:57:49.421317,chennai,10.7,16.8,6.9,157.0,50.0,28.4,5.8,91,50
2026-04-15 21:59:39.430950,delhi,82.2,332.5,15.7,396.0,58.0,27.6,2.3,47,282
2026-04-15 21:59:40.236733,mumbai,29.6,51.6,23.3,437.0,76.0,28.2,5.8,76,76
2026-04-15 21:59:41.035204,hyderabad,26.2,32.4,20.6,360.0,66.0,28.0,2.3,69,66
2026-04-15 21:59:41.820073,bangalore,31.9,37.0,25.6,714.0,79.0,25.3,2.9,66,79
2026-04-15 21:59:42.648376,kolkata,18.1,24.6,7.3,207.0,56.0,27.7,8.3,97,56
2026-04-15 21:59:43.449665,chennai,10.7,16.8,6.9,157.0,50.0,28.6,4.9,91,50
2026-04-15 22:55:06.805332,delhi,163.0,838.2,11.7,396.0,66.0,27.1,2.0,47,500
2026-04-15 22:55:07.909183,mumbai,26.6,49.0,20.5,437.0,74.0,28.1,5.2,76,74
2026-04-15 22:55:08.992805,hyderabad,45.8,50.9,38.1,360.0,52.0,27.8,2.6,69,76
2026-04-15 22:55:10.089323,bangalore,36.6,43.3,33.3,714.0,63.0,24.4,3.1,66,63
2026-04-15 22:55:11.186623,kolkata,17.8,23.7,8.1,207.0,51.0,27.6,7.3,97,51
2026-04-15 22:55:12.287494,chennai,11.1,17.8,7.3,157.0,52.0,28.4,4.9,91,52
2026-04-15 23:50:35.517711,delhi,163.0,838.2,11.7,396.0,66.0,26.2,1.8,47,500
2026-04-15 23:50:36.726182,mumbai,26.6,49.0,20.5,437.0,74.0,28.2,4.2,76,74
2026-04-15 23:50:37.946219,hyderabad,45.8,50.9,38.1,360.0,52.0,27.6,3.4,69,76
2026-04-15 23:50:39.148695,bangalore,36.6,43.3,33.3,714.0,63.0,23.4,3.8,66,63
2026-04-15 23:50:40.391474,kolkata,17.8,23.7,8.1,207.0,51.0,27.5,6.6,97,51
2026-04-16 12:01:00.703353,delhi,86.1,427.5,15.5,323.0,60.0,37.3,5.5,41,396
2026-04-16 12:01:01.769002,mumbai,35.7,70.5,21.4,233.0,88.0,29.1,13.8,76,88
2026-04-16 12:01:02.895149,hyderabad,48.8,56.6,39.6,596.0,59.0,36.6,8.0,84,81
2026-04-16 12:01:04.035528,bangalore,33.3,38.6,27.9,445.0,63.0,34.4,13.5,86,63
2026-04-16 12:01:05.067007,kolkata,14.1,17.6,8.1,177.0,56.0,27.7,2.5,97,56
2026-04-16 12:01:06.089427,chennai,10.7,16.1,6.3,139.0,55.0,32.7,11.3,89,55
2026-04-16 14:59:48.921224,delhi,86.1,427.5,15.5,323.0,60.0,31.8,3.8,41,396
2026-04-16 14:59:50.104165,mumbai,35.7,70.5,21.4,233.0,88.0,28.9,9.9,76,88
2026-04-16 14:59:51.275339,hyderabad,48.8,56.6,39.6,596.0,59.0,32.7,7.2,84,81
2026-04-16 14:59:52.496734,bangalore,33.3,38.6,27.9,445.0,63.0,29.8,11.5,86,63
2026-04-16 14:59:53.724528,kolkata,14.1,17.6,8.1,177.0,56.0,27.3,5.0,97,56
2026-04-16 14:59:54.904357,chennai,10.7,16.1,6.3,139.0,55.0,29.7,7.0,89,55
2026-04-16 16:45:56.029005,delhi,86.1,427.5,15.5,350.0,60.0,30.2,3.2,47,396
2026-04-16 16:45:56.968151,mumbai,35.7,70.5,21.4,512.0,88.0,29.0,10.0,78,88
2026-04-16 16:45:57.937452,hyderabad,48.8,56.6,39.6,396.0,59.0,30.6,5.2,89,81
2026-04-16 16:45:58.870432,bangalore,33.3,38.6,27.9,635.0,63.0,27.5,9.2,90,63
2026-04-16 16:45:59.908415,kolkata,14.1,17.6,8.1,260.0,56.0,26.4,4.5,97,56
2026-04-16 16:46:00.968520,chennai,10.7,16.1,6.3,157.0,55.0,29.0,5.4,90,55
2026-04-16 18:10:48.466855,delhi,86.1,427.5,15.5,350.0,60.0,29.2,3.3,47,396
2026-04-16 18:10:49.412024,mumbai,35.7,70.5,21.4,512.0,88.0,29.0,9.2,78,88
2026-04-16 18:10:50.472450,hyderabad,48.8,56.6,39.6,396.0,59.0,29.7,3.7,89,81
2026-04-16 18:10:51.390949,bangalore,33.3,38.6,27.9,635.0,63.0,26.8,7.1,90,63
2026-04-16 18:10:52.307392,kolkata,14.1,17.6,8.1,260.0,56.0,26.2,3.6,97,56
2026-04-16 18:10:53.222266,chennai,10.7,16.1,6.3,157.0,55.0,28.5,4.7,90,55
2026-04-16 20:01:44.095044,delhi,86.1,427.5,15.5,350.0,60.0,27.8,3.1,47,396
2026-04-16 20:01:45.198151,mumbai,35.7,70.5,21.4,512.0,88.0,28.7,4.7,78,88
2026-04-16 20:01:46.291927,hyderabad,48.8,56.6,39.6,396.0,59.0,28.8,2.5,89,81
2026-04-16 20:01:47.406722,bangalore,33.3,38.6,27.9,635.0,63.0,25.5,3.3,90,63
2026-04-16 20:01:48.505381,kolkata,14.1,17.6,8.1,260.0,56.0,25.9,3.6,97,56
2026-04-16 20:01:49.617911,chennai,10.7,16.1,6.3,157.0,55.0,27.8,4.0,90,55
2026-04-16 21:50:54.001219,delhi,86.1,427.5,15.5,350.0,60.0,26.9,3.3,47,396
2026-04-16 21:50:54.770240,mumbai,35.7,70.5,21.4,512.0,88.0,28.2,4.8,78,88
2026-04-16 21:50:55.617107,hyderabad,48.8,56.6,39.6,396.0,59.0,28.2,3.9,89,81
2026-04-16 21:50:56.400596,bangalore,33.3,38.6,27.9,635.0,63.0,24.0,3.7,90,63
2026-04-16 21:50:57.274527,kolkata,14.1,17.6,8.1,260.0,56.0,26.0,2.5,97,56
2026-04-16 21:50:58.045140,chennai,10.7,16.1,6.3,157.0,55.0,27.6,4.8,90,55
2026-04-16 22:49:38.463947,delhi,85.2,435.9,14.7,350.0,59.0,26.5,3.8,47,500
2026-04-16 22:49:39.789267,mumbai,34.9,90.1,21.7,512.0,69.0,27.6,5.0,78,90
2026-04-16 22:49:41.106979,hyderabad,46.7,51.2,37.5,396.0,53.0,28.0,3.6,89,77
2026-04-16 22:49:42.421595,bangalore,32.8,37.0,33.7,635.0,48.0,23.6,3.3,90,54
2026-04-16 22:49:43.816525,kolkata,15.3,18.0,10.5,260.0,49.0,27.0,1.9,97,49
2026-04-16 22:49:45.143112,chennai,10.0,15.4,5.3,157.0,55.0,27.7,4.5,90,55
2026-04-16 23:49:00.805400,delhi,85.2,435.9,14.7,350.0,59.0,25.6,3.7,47,500
2026-04-16 23:49:01.945589,mumbai,34.9,90.1,21.7,512.0,69.0,27.3,6.3,78,90
2026-04-16 23:49:03.096430,hyderabad,46.7,51.2,37.5,396.0,53.0,28.1,5.0,89,77
2026-04-16 23:49:04.235273,bangalore,32.8,37.0,33.7,635.0,48.0,22.7,3.2,90,54
2026-04-16 23:49:05.367413,kolkata,15.3,18.0,10.5,260.0,49.0,27.0,2.1,97,49
2026-04-16 23:49:06.482691,chennai,10.0,15.4,5.3,157.0,55.0,27.7,4.4,90,55
2026-04-17 11:55:02.016044,delhi,99.7,466.6,17.9,400.0,55.0,34.9,6.6,44,500
2026-04-17 11:55:03.064504,mumbai,29.3,66.8,15.1,187.0,81.0,29.8,16.4,75,81
2026-04-17 11:55:04.178585,hyderabad,45.9,50.3,17.4,365.0,83.0,35.0,6.1,75,83
2026-04-17 11:55:05.203512,bangalore,32.1,34.8,29.9,447.0,64.0,34.5,13.6,60,64
2026-04-17 11:55:06.247295,kolkata,22.8,24.8,12.9,307.0,75.0,32.8,4.6,96,75
2026-04-17 11:55:07.305899,chennai,12.2,16.2,9.5,196.0,63.0,32.1,11.2,86,63
2026-04-17 13:42:13.534254,delhi,99.7,466.6,17.9,400.0,55.0,31.9,3.3,44,500
2026-04-17 13:42:14.839565,mumbai,29.3,66.8,15.1,187.0,81.0,30.0,13.8,75,81
2026-04-17 13:42:16.197367,hyderabad,45.9,50.3,17.4,365.0,83.0,33.4,2.5,75,83
2026-04-17 13:42:17.490416,bangalore,32.1,34.8,29.9,447.0,64.0,31.5,8.7,60,64
2026-04-17 13:42:18.781190,kolkata,22.8,24.8,12.9,307.0,75.0,29.9,9.9,96,75
2026-04-17 15:03:50.215267,delhi,99.7,466.6,17.9,400.0,55.0,30.4,2.6,44,500
2026-04-17 15:03:51.256840,mumbai,29.3,66.8,15.1,187.0,81.0,30.1,11.3,75,81
2026-04-17 15:03:52.303538,hyderabad,45.9,50.3,17.4,365.0,83.0,30.9,14.3,75,83
2026-04-17 15:03:53.340042,bangalore,32.1,34.8,29.9,447.0,64.0,29.1,8.2,60,64
2026-04-17 15:03:54.387841,kolkata,22.8,24.8,12.9,307.0,75.0,28.3,8.2,96,75
2026-04-17 15:03:55.440915,chennai,12.2,16.2,9.5,196.0,63.0,29.5,7.6,86,63
2026-04-17 16:58:22.102544,delhi,99.7,466.6,17.9,387.0,55.0,28.6,4.1,48,500
2026-04-17 16:58:22.998789,mumbai,29.3,66.8,15.1,552.0,81.0,30.1,9.7,71,81
2026-04-17 16:58:23.923027,hyderabad,45.9,50.3,17.4,624.0,83.0,29.8,1.5,74,83
2026-04-17 16:58:24.829617,bangalore,32.1,34.8,29.9,458.0,64.0,27.5,9.5,59,64
2026-04-17 16:58:25.759576,kolkata,22.8,24.8,12.9,312.0,75.0,27.7,5.8,97,75
2026-04-17 16:58:26.701380,chennai,12.2,16.2,9.5,183.0,63.0,29.1,6.0,91,63
2026-04-17 17:56:03.329436,delhi,99.7,466.6,17.9,387.0,55.0,28.2,2.5,48,500
2026-04-17 17:56:04.114832,mumbai,29.3,66.8,15.1,552.0,81.0,30.0,7.9,71,81
2026-04-17 17:56:04.905295,hyderabad,45.9,50.3,17.4,624.0,83.0,29.5,3.3,74,83
2026-04-17 17:56:05.703682,bangalore,32.1,34.8,29.9,458.0,64.0,26.7,9.4,59,64
2026-04-17 17:56:06.482440,kolkata,22.8,24.8,12.9,312.0,75.0,27.3,4.8,97,75
2026-04-17 17:56:07.267242,chennai,12.2,16.2,9.5,183.0,63.0,28.7,5.2,91,63
2026-04-17 19:11:48.699455,delhi,99.7,466.6,17.9,387.0,55.0,27.6,2.9,48,500
2026-04-17 19:11:49.609634,mumbai,29.3,66.8,15.1,552.0,81.0,29.9,7.4,71,81
2026-04-17 19:11:50.525483,hyderabad,45.9,50.3,17.4,624.0,83.0,28.6,4.5,74,83
2026-04-17 19:11:51.464977,bangalore,32.1,34.8,29.9,458.0,64.0,25.7,7.8,59,64
2026-04-17 19:11:52.385192,kolkata,22.8,24.8,12.9,312.0,75.0,27.0,4.3,97,75
2026-04-17 19:11:53.412082,chennai,12.2,16.2,9.5,183.0,63.0,28.3,4.7,91,63
2026-04-17 20:53:21.733097,delhi,99.7,466.6,17.9,387.0,55.0,26.6,2.2,48,500
2026-04-17 20:53:22.634863,mumbai,29.3,66.8,15.1,552.0,81.0,29.8,8.8,71,81
2026-04-17 20:53:23.555218,hyderabad,45.9,50.3,17.4,624.0,83.0,28.3,1.8,74,83
2026-04-17 20:53:24.501573,bangalore,32.1,34.8,29.9,458.0,64.0,24.4,4.6,59,64
2026-04-17 20:53:25.472409,kolkata,22.8,24.8,12.9,312.0,75.0,26.9,4.5,97,75
2026-04-17 20:53:26.396617,chennai,12.2,16.2,9.5,183.0,63.0,27.7,3.7,91,63
2026-04-17 21:50:06.551206,delhi,99.7,466.6,17.9,387.0,55.0,26.3,1.5,48,500
2026-04-17 21:50:09.997126,mumbai,29.3,66.8,15.1,552.0,81.0,29.7,9.3,71,81
2026-04-17 22:07:08.401671,bangalore,32.1,34.8,29.9,458.0,64.0,24.3,4.3,59,64
2026-04-17 22:07:09.188039,kolkata,22.8,24.8,12.9,312.0,75.0,26.9,5.1,97,75
2026-04-17 22:07:09.992216,chennai,12.2,16.2,9.5,183.0,63.0,27.9,3.4,91,63
2026-04-17 22:49:04.930835,delhi,102.4,462.9,22.8,387.0,42.0,26.2,2.2,48,500
2026-04-17 22:49:05.945325,mumbai,31.4,68.7,15.3,552.0,98.0,29.7,10.4,71,98
2026-04-17 22:49:06.971805,hyderabad,47.5,52.7,24.4,624.0,72.0,28.2,3.3,74,79
2026-04-17 22:49:07.979998,bangalore,34.8,38.1,35.3,458.0,53.0,23.8,3.8,59,57
2026-04-17 22:49:08.960030,kolkata,23.7,27.2,15.7,312.0,51.0,27.0,4.3,97,51
2026-04-17 22:49:10.002799,chennai,12.5,16.8,7.0,183.0,72.0,27.8,3.9,91,72
2026-04-17 23:45:09.824715,delhi,102.4,462.9,22.8,387.0,42.0,26.0,1.8,48,500
2026-04-17 23:45:11.083194,mumbai,31.4,68.7,15.3,552.0,98.0,29.5,9.8,71,98
2026-04-17 23:45:12.367855,hyderabad,47.5,52.7,24.4,624.0,72.0,28.0,2.3,74,79
2026-04-17 23:45:13.713116,bangalore,34.8,38.1,35.3,458.0,53.0,23.1,3.5,59,57
2026-04-17 23:45:14.967943,kolkata,23.7,27.2,15.7,312.0,51.0,27.0,3.6,97,51
2026-04-18 10:49:28.243028,delhi,80.6,395.8,22.0,497.0,43.0,38.5,5.2,61,357
2026-04-18 10:49:29.024580,mumbai,19.8,36.0,17.4,208.0,67.0,30.2,16.8,74,67
2026-04-18 10:49:29.790378,hyderabad,60.8,66.6,27.0,502.0,83.0,37.6,15.1,48,102
2026-04-18 10:49:30.600689,bangalore,39.2,42.3,34.2,477.0,71.0,35.4,12.2,78,71
2026-04-18 10:49:31.378472,kolkata,32.8,39.9,14.6,301.0,68.0,33.5,10.0,96,68
2026-04-18 10:49:32.247280,chennai,13.4,18.1,7.6,189.0,73.0,33.6,10.7,92,73
2026-04-18 11:39:05.925535,delhi,80.6,395.8,22.0,497.0,43.0,38.0,3.9,61,357
2026-04-18 11:39:07.187605,mumbai,19.8,36.0,17.4,208.0,67.0,30.2,16.8,74,67
2026-04-18 11:39:08.462564,hyderabad,60.8,66.6,27.0,502.0,83.0,36.6,7.8,48,102
2026-04-18 11:39:09.704623,bangalore,39.2,42.3,34.2,477.0,71.0,34.7,12.3,78,71
2026-04-18 11:39:10.964189,kolkata,32.8,39.9,14.6,301.0,68.0,32.4,9.9,96,68
2026-04-18 11:39:12.238055,chennai,13.4,18.1,7.6,189.0,73.0,32.5,10.2,92,73
2026-04-18 13:13:04.094422,delhi,80.6,395.8,22.0,497.0,43.0,35.8,3.1,61,357
2026-04-18 13:13:05.137047,mumbai,19.8,36.0,17.4,208.0,67.0,30.4,15.5,74,67
2026-04-18 13:13:06.144555,hyderabad,60.8,66.6,27.0,502.0,83.0,35.0,9.7,48,102
2026-04-18 13:13:07.212125,bangalore,39.2,42.3,34.2,477.0,71.0,32.6,9.8,78,71
2026-04-18 13:13:08.216718,kolkata,32.8,39.9,14.6,301.0,68.0,30.0,7.2,96,68
2026-04-18 13:13:09.213676,chennai,13.4,18.1,7.6,189.0,73.0,30.4,9.2,92,73
2026-04-18 14:45:40.747737,delhi,80.6,395.8,22.0,497.0,43.0,33.4,1.8,61,357
2026-04-18 14:45:41.536128,mumbai,19.8,36.0,17.4,208.0,67.0,30.5,14.0,74,67
2026-04-18 14:45:42.325376,hyderabad,60.8,66.6,27.0,502.0,83.0,30.8,13.4,48,102
2026-04-18 14:45:43.093209,bangalore,39.2,42.3,34.2,477.0,71.0,29.7,8.7,78,71
2026-04-18 14:45:43.948629,kolkata,32.8,39.9,14.6,301.0,68.0,28.6,9.7,96,68
2026-04-18 14:45:44.714297,chennai,13.4,18.1,7.6,189.0,73.0,29.1,7.0,92,73
2026-04-18 15:42:03.577434,delhi,80.6,395.8,22.0,351.0,43.0,32.7,1.5,61,357
2026-04-18 15:42:04.510119,mumbai,19.8,36.0,17.4,293.0,67.0,30.4,11.9,74,67
2026-04-18 15:42:05.505160,hyderabad,60.8,66.6,27.0,409.0,83.0,30.2,9.7,48,102
2026-04-18 15:42:06.435115,bangalore,39.2,42.3,34.2,452.0,71.0,28.9,9.0,78,71
2026-04-18 15:42:07.366589,kolkata,32.8,39.9,14.6,303.0,68.0,28.2,10.1,96,68
2026-04-18 15:42:08.263658,chennai,13.4,18.1,7.6,208.0,73.0,28.9,6.5,92,73
2026-04-18 16:50:15.492492,delhi,80.6,395.8,22.0,351.0,43.0,32.4,2.5,64,357
2026-04-18 16:50:17.066485,mumbai,19.8,36.0,17.4,293.0,67.0,30.4,8.7,74,67
2026-04-18 16:50:18.407277,hyderabad,60.8,66.6,27.0,409.0,83.0,30.0,3.1,52,102
2026-04-18 16:50:19.716337,bangalore,39.2,42.3,34.2,452.0,71.0,28.0,7.3,78,71
2026-04-18 16:50:20.998560,kolkata,32.8,39.9,14.6,303.0,68.0,27.9,9.5,96,68
2026-04-18 17:40:49.973355,delhi,80.6,395.8,22.0,351.0,43.0,32.1,2.4,64,357
2026-04-18 17:40:50.777196,mumbai,19.8,36.0,17.4,293.0,67.0,30.3,7.1,74,67
2026-04-18 17:40:51.557563,hyderabad,60.8,66.6,27.0,409.0,83.0,29.6,0.5,52,102
2026-04-18 17:40:52.334901,bangalore,39.2,42.3,34.2,452.0,71.0,27.2,6.3,78,71
2026-04-18 17:40:53.093232,kolkata,32.8,39.9,14.6,303.0,68.0,27.8,9.5,96,68
2026-04-18 17:40:53.885363,chennai,13.4,18.1,7.6,208.0,73.0,28.4,5.4,92,73
2026-04-18 18:58:59.490304,delhi,80.6,395.8,22.0,351.0,43.0,32.2,4.7,64,357
2026-04-18 18:59:00.685306,mumbai,19.8,36.0,17.4,293.0,67.0,30.1,7.5,74,67
2026-04-18 18:59:01.882858,hyderabad,60.8,66.6,27.0,409.0,83.0,28.6,1.8,52,102
2026-04-18 18:59:03.087658,bangalore,39.2,42.3,34.2,452.0,71.0,25.9,5.3,78,71
2026-04-18 18:59:04.283516,kolkata,32.8,39.9,14.6,303.0,68.0,27.6,9.0,96,68
2026-04-18 19:47:51.027447,delhi,80.6,395.8,22.0,351.0,43.0,29.9,4.0,64,357
2026-04-18 19:47:51.816282,mumbai,19.8,36.0,17.4,293.0,67.0,30.1,8.4,74,67
2026-04-18 19:47:52.586674,hyderabad,60.8,66.6,27.0,409.0,83.0,27.9,2.6,52,102
2026-04-18 19:47:53.369286,bangalore,39.2,42.3,34.2,452.0,71.0,25.1,4.4,78,71
2026-04-18 19:47:54.144097,kolkata,32.8,39.9,14.6,303.0,68.0,27.4,9.2,96,68
2026-04-18 19:47:54.911189,chennai,13.4,18.1,7.6,208.0,73.0,27.8,4.0,92,73
2026-04-18 20:42:35.989399,delhi,80.6,395.8,22.0,351.0,43.0,28.3,4.0,64,357
2026-04-18 20:42:37.268973,mumbai,19.8,36.0,17.4,293.0,67.0,30.0,8.4,74,67
2026-04-18 20:42:38.542980,hyderabad,60.8,66.6,27.0,409.0,83.0,27.6,3.2,52,102
2026-04-18 20:42:39.840156,bangalore,39.2,42.3,34.2,452.0,71.0,24.6,3.1,78,71
2026-04-18 20:42:41.105869,kolkata,32.8,39.9,14.6,303.0,68.0,27.3,9.1,96,68
2026-04-18 21:41:14.319999,delhi,80.6,395.8,22.0,351.0,43.0,27.3,3.6,64,357
2026-04-18 21:41:15.212656,mumbai,19.8,36.0,17.4,293.0,67.0,29.7,8.6,74,67
2026-04-18 21:41:16.210602,hyderabad,60.8,66.6,27.0,409.0,83.0,27.2,3.4,52,102
2026-04-18 21:41:17.122460,bangalore,39.2,42.3,34.2,452.0,71.0,24.2,1.9,78,71
2026-04-18 21:41:18.022452,kolkata,32.8,39.9,14.6,303.0,68.0,27.2,8.7,96,68
2026-04-18 21:41:18.975306,chennai,13.4,18.1,7.6,208.0,73.0,27.4,3.8,92,73
2026-04-18 22:41:09.027255,delhi,84.5,461.9,14.9,351.0,52.0,28.3,3.3,64,500
2026-04-18 22:41:10.337250,mumbai,23.5,48.7,23.3,293.0,61.0,29.7,6.0,74,61
2026-04-18 22:41:11.620354,hyderabad,51.5,57.4,23.8,409.0,85.0,27.2,3.3,52,85
2026-04-18 22:41:12.904536,bangalore,36.6,39.1,45.8,452.0,41.0,23.7,3.6,78,61
2026-04-18 22:41:14.180749,kolkata,49.9,57.5,20.9,303.0,72.0,27.4,7.2,96,83
2026-04-18 22:41:15.455733,chennai,12.5,16.1,7.1,208.0,67.0,27.7,4.1,92,67
2026-04-18 23:41:03.613369,delhi,84.5,461.9,14.9,351.0,52.0,27.9,2.8,64,500
2026-04-18 23:41:04.791017,mumbai,23.5,48.7,23.3,293.0,61.0,29.6,6.2,74,61
2026-04-18 23:41:05.985117,hyderabad,51.5,57.4,23.8,409.0,85.0,27.1,1.5,52,85
2026-04-18 23:41:07.166293,bangalore,36.6,39.1,45.8,452.0,41.0,23.2,3.2,78,61
2026-04-18 23:41:08.351480,kolkata,49.9,57.5,20.9,303.0,72.0,27.3,5.8,96,83
2026-04-18 23:41:09.553055,chennai,12.5,16.1,7.1,208.0,67.0,27.5,4.2,92,67
2026-04-19 10:45:43.778576,delhi,90.8,380.0,40.3,742.0,17.0,38.4,7.7,73,337
2026-04-19 10:45:44.986962,mumbai,20.0,46.8,10.4,161.0,59.0,29.8,18.2,82,59
2026-04-19 10:45:46.186299,hyderabad,44.8,49.5,16.5,357.0,99.0,37.4,7.4,53,99
2026-04-19 10:45:47.401697,bangalore,34.9,38.6,28.2,414.0,79.0,35.6,10.1,73,79
2026-04-19 10:45:48.602317,kolkata,24.2,28.2,11.5,219.0,54.0,32.8,13.7,95,54
2026-04-19 10:45:49.823577,chennai,9.4,13.0,7.8,155.0,58.0,33.9,12.6,92,58
2026-04-19 11:39:47.123047,delhi,90.8,380.0,40.3,742.0,17.0,37.8,6.4,73,337
2026-04-19 11:39:48.435249,mumbai,20.0,46.8,10.4,161.0,59.0,29.9,16.6,82,59
2026-04-19 11:39:49.706328,hyderabad,44.8,49.5,16.5,357.0,99.0,36.7,8.4,53,99
2026-04-19 11:39:51.004494,bangalore,34.9,38.6,28.2,414.0,79.0,34.9,11.3,73,79
2026-04-19 11:39:52.297977,kolkata,24.2,28.2,11.5,219.0,54.0,31.6,12.5,95,54
2026-04-19 13:12:54.423309,delhi,90.8,380.0,40.3,742.0,17.0,34.7,6.2,73,337
2026-04-19 13:12:55.436060,mumbai,20.0,46.8,10.4,161.0,59.0,30.1,11.3,82,59
2026-04-19 13:12:56.531662,hyderabad,44.8,49.5,16.5,357.0,99.0,30.3,11.2,53,99
2026-04-19 13:12:57.582875,bangalore,34.9,38.6,28.2,414.0,79.0,32.6,8.9,73,79
2026-04-19 13:12:58.604140,kolkata,24.2,28.2,11.5,219.0,54.0,29.4,11.2,95,54
2026-04-19 13:12:59.659521,chennai,9.4,13.0,7.8,155.0,58.0,30.4,10.3,92,58
2026-04-19 14:46:21.999405,delhi,90.8,380.0,40.3,742.0,17.0,30.8,9.4,73,337
2026-04-19 14:46:23.302333,mumbai,20.0,46.8,10.4,161.0,59.0,30.1,7.8,82,59
2026-04-19 14:46:24.594998,hyderabad,44.8,49.5,16.5,357.0,99.0,28.9,1.5,53,99
2026-04-19 14:46:25.948779,bangalore,34.9,38.6,28.2,414.0,79.0,29.5,6.9,73,79
2026-04-19 14:46:27.255516,kolkata,24.2,28.2,11.5,219.0,54.0,28.3,12.2,95,54
2026-04-19 15:41:54.595565,delhi,90.8,380.0,40.3,373.0,17.0,29.5,8.4,73,337
2026-04-19 15:41:55.889429,mumbai,20.0,46.8,10.4,251.0,59.0,30.0,6.5,82,59
2026-04-19 15:41:57.177584,hyderabad,44.8,49.5,16.5,349.0,99.0,28.7,3.4,53,99
2026-04-19 15:41:58.411390,bangalore,34.9,38.6,28.2,351.0,79.0,28.5,6.6,73,79
2026-04-19 15:41:59.698184,kolkata,24.2,28.2,11.5,279.0,54.0,28.1,11.2,95,54
2026-04-19 16:50:12.961396,delhi,90.8,380.0,40.3,373.0,17.0,28.6,5.2,66,337
2026-04-19 16:50:14.806371,mumbai,20.0,46.8,10.4,251.0,59.0,29.7,6.1,74,59
2026-04-19 16:50:16.192833,hyderabad,44.8,49.5,16.5,349.0,99.0,29.2,5.2,58,99
2026-04-19 17:07:11.823240,kolkata,24.2,28.2,11.5,279.0,54.0,28.2,9.0,95,54
2026-04-19 17:07:12.603856,chennai,9.4,13.0,7.8,169.0,58.0,28.8,7.4,88,58
2026-04-19 17:40:06.252254,delhi,90.8,380.0,40.3,373.0,17.0,28.1,4.2,66,337
2026-04-19 17:40:12.171315,mumbai,20.0,46.8,10.4,251.0,59.0,29.6,4.6,74,59
2026-04-19 17:58:31.618873,bangalore,34.9,38.6,28.2,351.0,79.0,26.3,3.9,80,79
2026-04-19 17:58:32.834887,kolkata,24.2,28.2,11.5,279.0,54.0,28.1,9.8,95,54
2026-04-19 17:58:34.059542,chennai,9.4,13.0,7.8,169.0,58.0,28.6,7.1,88,58
2026-04-19 18:59:10.202443,delhi,90.8,380.0,40.3,373.0,17.0,27.3,4.2,66,337
2026-04-19 18:59:11.497223,mumbai,20.0,46.8,10.4,251.0,59.0,29.4,5.6,74,59
2026-04-19 18:59:12.789173,hyderabad,44.8,49.5,16.5,349.0,99.0,28.2,5.8,58,99
2026-04-19 18:59:14.057025,bangalore,34.9,38.6,28.2,351.0,79.0,25.5,2.9,80,79
2026-04-19 18:59:15.347411,kolkata,24.2,28.2,11.5,279.0,54.0,28.0,8.6,95,54
2026-04-19 19:48:14.523117,delhi,90.8,380.0,40.3,373.0,17.0,26.5,4.1,66,337
2026-04-19 19:48:15.304088,mumbai,20.0,46.8,10.4,251.0,59.0,29.4,7.3,74,59
2026-04-19 19:48:16.086472,hyderabad,44.8,49.5,16.5,349.0,99.0,26.2,13.0,58,99
2026-04-19 19:48:16.868725,bangalore,34.9,38.6,28.2,351.0,79.0,24.6,2.6,80,79
2026-04-19 19:48:17.641890,kolkata,24.2,28.2,11.5,279.0,54.0,27.8,7.9,95,54
2026-04-19 19:48:18.410441,chennai,9.4,13.0,7.8,169.0,58.0,28.1,5.4,88,58
2026-04-19 20:44:59.472413,delhi,90.8,380.0,40.3,373.0,17.0,25.8,4.6,66,337
2026-04-19 20:45:00.324949,mumbai,20.0,46.8,10.4,251.0,59.0,29.3,9.4,74,59
2026-04-19 20:45:01.201081,hyderabad,44.8,49.5,16.5,349.0,99.0,25.4,6.6,58,99
2026-04-19 20:45:01.984495,bangalore,34.9,38.6,28.2,351.0,79.0,23.9,1.1,80,79
2026-04-19 20:45:02.778430,kolkata,24.2,28.2,11.5,279.0,54.0,27.6,8.3,95,54
2026-04-19 20:45:03.657534,chennai,9.4,13.0,7.8,169.0,58.0,27.9,5.8,88,58
2026-04-19 21:41:08.253507,delhi,90.8,380.0,40.3,373.0,17.0,24.7,4.8,66,337
2026-04-19 21:41:09.363212,mumbai,20.0,46.8,10.4,251.0,59.0,29.1,8.5,74,59
2026-04-19 21:41:10.470707,hyderabad,44.8,49.5,16.5,349.0,99.0,25.3,6.5,58,99
2026-04-19 21:41:11.577787,bangalore,34.9,38.6,28.2,351.0,79.0,23.3,1.8,80,79
2026-04-19 21:41:12.697848,kolkata,24.2,28.2,11.5,279.0,54.0,27.5,8.6,95,54
2026-04-19 21:41:13.787579,chennai,9.4,13.0,7.8,169.0,58.0,27.6,5.2,88,58
2026-04-19 22:41:28.419111,delhi,90.6,407.9,26.0,373.0,34.0,24.6,5.6,66,372
2026-04-19 22:41:29.496812,mumbai,19.7,44.7,12.5,251.0,64.0,28.8,8.1,74,64
2026-04-19 22:41:30.582204,hyderabad,38.8,43.7,15.6,349.0,101.0,25.9,7.5,58,101
2026-04-19 22:41:31.657768,bangalore,32.5,36.2,22.3,351.0,89.0,23.4,2.8,80,89
2026-04-19 22:41:32.742118,kolkata,25.6,29.3,13.0,279.0,50.0,27.7,8.1,95,50
2026-04-19 22:41:33.819466,chennai,8.8,12.4,7.7,169.0,45.0,27.4,4.2,88,45
2026-04-19 23:42:18.614725,delhi,90.6,407.9,26.0,373.0,34.0,23.8,5.6,66,372
2026-04-19 23:42:19.389416,mumbai,19.7,44.7,12.5,251.0,64.0,28.7,5.7,74,64
2026-04-19 23:42:20.157676,hyderabad,38.8,43.7,15.6,349.0,101.0,25.8,5.5,58,101
2026-04-19 23:42:20.922237,bangalore,32.5,36.2,22.3,351.0,89.0,22.8,3.1,80,89
2026-04-19 23:42:21.686976,kolkata,25.6,29.3,13.0,279.0,50.0,27.6,8.4,95,50
2026-04-19 23:42:22.453128,chennai,8.8,12.4,7.7,169.0,45.0,27.3,4.6,88,45
2026-04-20 11:22:00.579219,delhi,103.6,516.0,14.7,299.0,59.0,38.2,10.9,49,500
2026-04-20 11:22:01.423884,mumbai,25.2,61.2,16.8,202.0,54.0,28.6,16.6,82,61
2026-04-20 11:22:02.203056,hyderabad,27.3,32.9,14.4,315.0,86.0,37.9,2.3,55,86
2026-04-20 11:22:02.993175,bangalore,25.9,28.5,18.9,324.0,90.0,34.5,7.7,78,90
2026-04-20 11:22:03.782085,kolkata,23.7,27.9,12.0,229.0,55.0,31.8,12.1,89,55
2026-04-20 11:22:04.566364,chennai,8.9,12.7,7.1,137.0,49.0,33.1,12.8,88,49
2026-04-20 13:54:18.937639,delhi,103.6,516.0,14.7,299.0,59.0,33.4,5.9,49,500
2026-04-20 13:54:20.223017,mumbai,25.2,61.2,16.8,202.0,54.0,28.6,13.8,82,61
2026-04-20 13:54:21.530920,hyderabad,27.3,32.9,14.4,315.0,86.0,33.4,4.8,55,86
2026-04-20 13:54:22.786459,bangalore,25.9,28.5,18.9,324.0,90.0,30.9,4.1,78,90
2026-04-20 13:54:24.069650,kolkata,23.7,27.9,12.0,229.0,55.0,29.2,6.9,89,55
2026-04-20 15:20:12.464884,delhi,103.6,516.0,14.7,537.0,59.0,30.7,5.4,49,500
2026-04-20 15:20:14.269961,mumbai,25.2,61.2,16.8,401.0,54.0,28.5,6.9,82,61
2026-04-20 15:20:15.675644,hyderabad,27.3,32.9,14.4,249.0,86.0,31.5,2.5,55,86
2026-04-20 15:37:11.701192,kolkata,23.7,27.9,12.0,212.0,55.0,28.5,12.3,89,55
2026-04-20 15:37:12.475737,chennai,8.9,12.7,7.1,172.0,49.0,29.2,8.9,88,49
2026-04-20 17:10:52.664142,delhi,103.6,516.0,14.7,537.0,59.0,28.8,5.6,49,500
2026-04-20 17:10:53.946582,mumbai,25.2,61.2,16.8,401.0,54.0,28.7,4.6,81,61
2026-04-20 17:10:55.226355,hyderabad,27.3,32.9,14.4,249.0,86.0,29.8,2.3,53,86
2026-04-20 17:10:56.704146,bangalore,25.9,28.5,18.9,286.0,90.0,27.0,6.0,64,90
2026-04-20 17:10:58.006355,kolkata,23.7,27.9,12.0,212.0,55.0,28.6,10.1,89,55
2026-04-20 17:10:59.273098,chennai,8.9,12.7,7.1,172.0,49.0,29.2,8.4,88,49
2026-04-20 19:14:12.381812,delhi,103.6,516.0,14.7,537.0,59.0,26.9,4.4,49,500
2026-04-20 19:14:13.449837,mumbai,25.2,61.2,16.8,401.0,54.0,28.6,5.6,81,61
2026-04-20 19:14:14.501612,hyderabad,27.3,32.9,14.4,249.0,86.0,28.2,3.1,53,86
2026-04-20 19:14:15.527271,bangalore,25.9,28.5,18.9,286.0,90.0,25.6,3.6,64,90
2026-04-20 19:14:16.566366,kolkata,23.7,27.9,12.0,212.0,55.0,28.2,9.8,89,55
2026-04-20 19:14:17.587300,chennai,8.9,12.7,7.1,172.0,49.0,28.6,4.8,88,49
2026-04-20 20:55:01.541378,delhi,103.6,516.0,14.7,537.0,59.0,25.3,4.6,49,500
2026-04-20 20:55:02.874300,mumbai,25.2,61.2,16.8,401.0,54.0,28.3,6.2,81,61
2026-04-20 20:55:04.117539,hyderabad,27.3,32.9,14.4,249.0,86.0,27.4,2.5,53,86
2026-04-20 20:55:05.416202,bangalore,25.9,28.5,18.9,286.0,90.0,24.7,4.0,64,90
2026-04-20 20:55:06.763542,kolkata,23.7,27.9,12.0,212.0,55.0,27.8,8.5,89,55
2026-04-20 20:55:08.048558,chennai,8.9,12.7,7.1,172.0,49.0,28.2,3.9,88,49
2026-04-20 21:52:58.919295,delhi,103.6,516.0,14.7,537.0,59.0,24.4,5.9,49,500
2026-04-20 21:52:59.813763,mumbai,25.2,61.2,16.8,401.0,54.0,28.2,6.8,81,61
2026-04-20 21:53:00.734329,hyderabad,27.3,32.9,14.4,249.0,86.0,26.6,2.2,53,86
2026-04-20 21:53:01.646408,bangalore,25.9,28.5,18.9,286.0,90.0,24.1,4.0,64,90
2026-04-20 21:53:02.533684,kolkata,23.7,27.9,12.0,212.0,55.0,27.6,8.5,89,55
2026-04-20 21:53:03.460343,chennai,8.9,12.7,7.1,172.0,49.0,28.1,4.2,88,49
2026-04-20 22:51:45.060980,delhi,108.0,566.2,14.5,537.0,54.0,24.7,4.4,49,500
2026-04-20 22:51:45.993488,mumbai,19.4,43.8,14.4,401.0,60.0,28.4,7.6,81,60
2026-04-20 22:51:46.887139,hyderabad,38.1,44.4,17.7,249.0,100.0,26.0,4.0,53,100
2026-04-20 22:51:47.781527,bangalore,29.9,37.3,20.9,286.0,85.0,23.7,4.2,64,85
2026-04-20 22:51:48.696736,kolkata,25.8,31.3,13.9,212.0,45.0,27.4,7.6,89,45
2026-04-20 22:51:49.600170,chennai,9.0,13.1,7.4,172.0,48.0,28.3,3.3,88,48
2026-04-20 23:50:49.862997,delhi,108.0,566.2,14.5,537.0,54.0,24.1,3.9,49,500
2026-04-20 23:50:50.785820,mumbai,19.4,43.8,14.4,401.0,60.0,28.3,6.8,81,60
2026-04-20 23:50:51.694156,hyderabad,38.1,44.4,17.7,249.0,100.0,25.5,2.8,53,100
2026-04-20 23:50:52.599231,bangalore,29.9,37.3,20.9,286.0,85.0,23.0,4.0,64,85
2026-04-20 23:50:53.497292,kolkata,25.8,31.3,13.9,212.0,45.0,27.3,7.6,89,45
2026-04-20 23:50:54.406228,chennai,9.0,13.1,7.4,172.0,48.0,28.1,3.3,88,48
2026-04-21 12:02:08.638233,delhi,105.0,459.1,15.8,318.0,53.0,37.0,10.5,50,500
2026-04-21 12:02:09.978212,mumbai,36.9,115.5,27.2,267.0,43.0,30.3,17.6,81,110
2026-04-21 12:02:11.420523,hyderabad,25.7,31.8,13.6,273.0,85.0,34.7,13.0,51,85
2026-04-21 12:02:12.794403,bangalore,33.1,38.3,20.8,363.0,87.0,34.9,10.8,84,87
2026-04-21 12:02:14.146241,kolkata,17.0,22.1,8.0,166.0,53.0,32.4,13.8,86,53
2026-04-21 14:48:59.773920,delhi,105.0,459.1,15.8,318.0,53.0,32.1,5.4,50,500
2026-04-21 14:49:00.579818,mumbai,36.9,115.5,27.2,267.0,43.0,29.9,16.8,81,110
2026-04-21 14:49:01.377375,hyderabad,25.7,31.8,13.6,273.0,85.0,30.2,7.2,51,85
2026-04-21 14:49:02.222560,bangalore,33.1,38.3,20.8,363.0,87.0,29.8,7.6,84,87
2026-04-21 14:49:02.991258,kolkata,17.0,22.1,8.0,166.0,53.0,29.0,11.0,86,53
2026-04-21 14:49:03.763208,chennai,10.2,16.7,6.2,127.0,43.0,29.4,8.4,90,43
2026-04-21 16:13:42.925550,delhi,105.0,459.1,15.8,334.0,53.0,30.6,5.2,50,500
2026-04-21 16:13:44.150635,mumbai,36.9,115.5,27.2,521.0,43.0,29.8,14.4,81,110
2026-04-21 16:13:45.421273,hyderabad,25.7,31.8,13.6,281.0,85.0,28.6,7.2,51,85
2026-04-21 16:13:46.779211,bangalore,33.1,38.3,20.8,288.0,87.0,28.3,8.1,84,87
2026-04-21 16:13:47.985337,kolkata,17.0,22.1,8.0,211.0,53.0,28.3,10.5,86,53
2026-04-21 18:01:47.521599,delhi,105.0,459.1,15.8,334.0,53.0,29.2,3.8,51,500
2026-04-21 18:01:48.846560,mumbai,36.9,115.5,27.2,521.0,43.0,29.7,9.9,84,110
2026-04-21 18:01:50.176012,hyderabad,25.7,31.8,13.6,281.0,85.0,28.1,4.0,58,85
2026-04-21 18:01:51.459284,bangalore,33.1,38.3,20.8,288.0,87.0,26.3,5.3,82,87
2026-04-21 18:01:52.785200,kolkata,17.0,22.1,8.0,211.0,53.0,28.2,10.5,87,53
2026-04-21 20:05:53.015153,delhi,105.0,459.1,15.8,334.0,53.0,27.6,3.7,51,500
2026-04-21 20:05:53.842178,mumbai,36.9,115.5,27.2,521.0,43.0,29.5,7.8,84,110
2026-04-21 20:05:54.634101,hyderabad,25.7,31.8,13.6,281.0,85.0,27.8,3.5,58,85
2026-04-21 20:05:55.417813,bangalore,33.1,38.3,20.8,288.0,87.0,24.6,3.5,82,87
2026-04-21 20:05:56.213358,kolkata,17.0,22.1,8.0,211.0,53.0,27.9,5.8,87,53
2026-04-21 20:05:56.988125,chennai,10.2,16.7,6.2,153.0,43.0,29.0,6.1,90,43
2026-04-21 21:50:32.234681,delhi,105.0,459.1,15.8,334.0,53.0,26.1,4.4,51,500
2026-04-21 21:50:33.032072,mumbai,36.9,115.5,27.2,521.0,43.0,29.2,5.4,84,110
2026-04-21 21:50:33.815106,hyderabad,25.7,31.8,13.6,281.0,85.0,27.1,3.3,58,85
2026-04-21 21:50:34.603765,bangalore,33.1,38.3,20.8,288.0,87.0,23.7,2.3,82,87
2026-04-21 21:50:35.391270,kolkata,17.0,22.1,8.0,211.0,53.0,27.8,6.6,87,53
2026-04-21 21:50:36.185922,chennai,10.2,16.7,6.2,153.0,43.0,28.3,3.8,90,43
2026-04-21 22:42:12.264662,delhi,140.2,745.1,12.3,334.0,58.0,25.5,4.3,51,500
2026-04-21 22:42:13.042714,mumbai,25.7,74.7,19.0,521.0,49.0,29.2,5.1,84,74
2026-04-21 22:42:13.820841,hyderabad,29.7,36.3,14.0,281.0,88.0,27.0,5.7,58,88
2026-04-21 22:42:14.595645,bangalore,35.5,40.7,22.9,288.0,82.0,23.5,2.6,82,82
2026-04-21 22:42:15.365001,kolkata,19.2,23.1,9.2,211.0,53.0,27.8,6.5,87,53
2026-04-21 22:42:16.159250,chennai,10.2,17.6,6.3,153.0,44.0,28.4,3.5,90,44
2026-04-21 23:40:09.838021,delhi,140.2,745.1,12.3,334.0,58.0,24.9,4.3,51,500
2026-04-21 23:40:11.450981,mumbai,25.7,74.7,19.0,521.0,49.0,29.1,3.6,84,74
2026-04-21 23:40:12.688703,hyderabad,29.7,36.3,14.0,281.0,88.0,26.5,5.0,58,88
2026-04-21 23:57:09.186723,kolkata,19.2,23.1,9.2,211.0,53.0,27.7,7.0,87,53
2026-04-21 23:57:09.966684,chennai,10.2,17.6,6.3,153.0,44.0,28.2,3.8,90,44
2026-04-22 12:01:19.884133,delhi,105.0,480.6,20.8,376.0,50.0,38.2,9.5,60,500
2026-04-22 12:01:20.860475,mumbai,35.5,105.7,20.6,224.0,55.0,29.7,16.6,82,103
2026-04-22 12:01:21.853610,hyderabad,22.5,27.3,8.3,224.0,87.0,35.2,17.9,56,87
2026-04-22 12:01:22.843014,bangalore,33.1,36.8,25.6,417.0,73.0,34.6,12.3,83,73
2026-04-22 12:01:23.856516,kolkata,14.6,20.4,6.0,157.0,53.0,33.2,9.9,89,53
2026-04-22 12:01:24.923263,chennai,16.8,25.6,7.2,179.0,53.0,32.4,10.1,88,53
2026-04-22 14:48:58.905161,delhi,105.0,480.6,20.8,376.0,50.0,33.1,4.2,60,500
2026-04-22 14:48:59.737217,mumbai,35.5,105.7,20.6,224.0,55.0,29.7,12.6,82,103
2026-04-22 14:49:00.542543,hyderabad,22.5,27.3,8.3,224.0,87.0,31.5,6.6,56,87
2026-04-22 14:49:01.318788,bangalore,33.1,36.8,25.6,417.0,73.0,29.5,9.1,83,73
2026-04-22 14:49:02.110097,kolkata,14.6,20.4,6.0,157.0,53.0,29.5,10.7,89,53
2026-04-22 14:49:02.885552,chennai,16.8,25.6,7.2,179.0,53.0,29.3,7.6,88,53
2026-04-22 16:11:54.099373,delhi,105.0,480.6,20.8,391.0,50.0,31.7,4.0,60,500
2026-04-22 16:11:55.478355,mumbai,35.5,105.7,20.6,369.0,55.0,29.6,9.9,82,103
2026-04-22 16:11:56.803611,hyderabad,22.5,27.3,8.3,292.0,87.0,30.3,5.7,56,87
2026-04-22 16:11:58.131821,bangalore,33.1,36.8,25.6,395.0,73.0,27.8,9.3,83,73
2026-04-22 16:11:59.436707,kolkata,14.6,20.4,6.0,194.0,53.0,28.7,8.5,89,53
2026-04-22 18:02:48.459440,delhi,105.0,480.6,20.8,391.0,50.0,29.6,4.2,58,500
2026-04-22 18:02:49.237542,mumbai,35.5,105.7,20.6,369.0,55.0,29.6,6.8,83,103
2026-04-22 18:02:50.037677,hyderabad,22.5,27.3,8.3,292.0,87.0,27.9,3.7,62,87
2026-04-22 18:02:50.891417,bangalore,33.1,36.8,25.6,395.0,73.0,25.8,6.1,88,73
2026-04-22 18:02:51.663729,kolkata,14.6,20.4,6.0,194.0,53.0,28.0,6.9,92,53
2026-04-22 18:02:52.438119,chennai,16.8,25.6,7.2,169.0,53.0,28.8,5.8,88,53
2026-04-22 20:08:14.327237,delhi,105.0,480.6,20.8,391.0,50.0,28.2,4.0,58,500
2026-04-22 20:08:15.256968,mumbai,35.5,105.7,20.6,369.0,55.0,29.3,6.3,83,103
2026-04-22 20:08:16.165772,hyderabad,22.5,27.3,8.3,292.0,87.0,27.3,2.9,62,87
2026-04-22 20:08:17.079192,bangalore,33.1,36.8,25.6,395.0,73.0,24.5,2.6,88,73
2026-04-22 20:08:17.999922,kolkata,14.6,20.4,6.0,194.0,53.0,27.6,6.8,92,53
2026-04-22 20:08:18.983730,chennai,16.8,25.6,7.2,169.0,53.0,28.5,4.7,88,53
2026-04-22 21:54:33.409945,delhi,105.0,480.6,20.8,391.0,50.0,26.4,4.6,58,500
2026-04-22 21:54:34.217834,mumbai,35.5,105.7,20.6,369.0,55.0,29.2,8.4,83,103
2026-04-22 21:54:35.000814,hyderabad,22.5,27.3,8.3,292.0,87.0,27.0,2.5,62,87
2026-04-22 21:54:35.792184,bangalore,33.1,36.8,25.6,395.0,73.0,23.7,0.4,88,73
2026-04-22 21:54:36.571832,kolkata,14.6,20.4,6.0,194.0,53.0,27.3,5.5,92,53
2026-04-22 21:54:37.367848,chennai,16.8,25.6,7.2,169.0,53.0,28.1,4.0,88,53
2026-04-22 22:52:58.545909,delhi,105.0,480.6,20.8,391.0,50.0,26.3,4.7,58,500
2026-04-22 22:52:59.844951,mumbai,35.5,105.7,20.6,369.0,55.0,29.1,8.4,83,103
2026-04-22 22:53:01.166878,hyderabad,22.5,27.3,8.3,292.0,87.0,27.6,2.0,62,87
2026-04-22 22:53:02.529255,bangalore,33.1,36.8,25.6,395.0,73.0,23.5,1.6,88,73
2026-04-22 22:53:03.805961,kolkata,14.6,20.4,6.0,194.0,53.0,27.4,5.0,92,53
2026-04-22 23:51:10.435569,delhi,108.3,542.0,17.0,391.0,47.0,25.9,4.7,58,500
2026-04-22 23:51:11.497880,mumbai,37.4,105.2,21.1,369.0,62.0,29.0,7.6,83,103
2026-04-22 23:51:12.504758,hyderabad,22.5,25.8,9.9,292.0,84.0,27.0,3.9,62,84
2026-04-22 23:51:13.547202,bangalore,35.3,40.3,25.9,395.0,66.0,23.1,0.5,88,66
2026-04-22 23:51:14.644737,kolkata,16.0,21.0,6.4,194.0,56.0,27.3,6.0,92,56
2026-04-22 23:51:15.651010,chennai,15.9,24.2,7.0,169.0,52.0,28.3,3.3,88,52
2026-04-23 12:01:29.382876,delhi,85.0,405.1,16.2,268.0,63.0,38.8,6.3,66,368
2026-04-23 12:01:30.220427,mumbai,34.1,95.2,17.9,193.0,53.0,29.9,17.9,81,95
2026-04-23 12:01:31.074849,hyderabad,30.5,33.3,12.6,339.0,78.0,32.7,2.7,63,78
2026-04-23 12:01:31.914327,bangalore,29.5,31.2,22.8,461.0,54.0,34.4,11.2,87,54
2026-04-23 12:01:32.752319,kolkata,20.2,24.4,5.0,193.0,65.0,33.5,8.4,91,65
2026-04-23 12:01:33.603133,chennai,10.4,15.4,4.5,164.0,57.0,32.7,10.8,84,57
2026-04-23 15:16:40.648368,delhi,85.0,405.1,16.2,225.0,63.0,34.5,2.0,66,368
2026-04-23 15:16:41.564155,mumbai,34.1,95.2,17.9,403.0,53.0,30.0,12.0,81,95
2026-04-23 15:16:42.489297,hyderabad,30.5,33.3,12.6,305.0,78.0,30.7,2.2,63,78
2026-04-23 15:16:43.519883,bangalore,29.5,31.2,22.8,391.0,54.0,28.9,9.6,87,54
2026-04-23 15:16:44.448282,kolkata,20.2,24.4,5.0,208.0,65.0,29.2,9.7,91,65
2026-04-23 15:16:45.351829,chennai,10.4,15.4,4.5,177.0,57.0,29.6,7.3,84,57
2026-04-23 17:25:21.673260,delhi,85.0,405.1,16.2,225.0,63.0,33.5,3.8,64,368
2026-04-23 17:25:22.610032,mumbai,34.1,95.2,17.9,403.0,53.0,29.8,12.5,82,95
2026-04-23 17:25:23.517816,hyderabad,30.5,33.3,12.6,305.0,78.0,29.7,3.2,70,78
2026-04-23 17:25:24.432046,bangalore,29.5,31.2,22.8,391.0,54.0,26.8,7.5,87,54
2026-04-23 17:25:25.353309,kolkata,20.2,24.4,5.0,208.0,65.0,28.5,5.9,92,65
2026-04-23 17:25:26.267069,chennai,10.4,15.4,4.5,177.0,57.0,29.4,6.2,83,57
2026-04-23 19:19:37.631696,delhi,85.0,405.1,16.2,225.0,63.0,31.2,3.6,64,368
2026-04-23 19:19:38.940062,mumbai,34.1,95.2,17.9,403.0,53.0,29.4,14.3,82,95
2026-04-23 19:19:40.266743,hyderabad,30.5,33.3,12.6,305.0,78.0,28.4,3.9,70,78
2026-04-23 19:19:41.550158,bangalore,29.5,31.2,22.8,391.0,54.0,25.5,3.3,87,54
2026-04-23 19:19:42.872535,kolkata,20.2,24.4,5.0,208.0,65.0,28.1,6.5,92,65
2026-04-23 20:57:41.430030,delhi,85.0,405.1,16.2,225.0,63.0,30.2,2.7,64,368
2026-04-23 20:57:42.195921,mumbai,34.1,95.2,17.9,403.0,53.0,29.1,13.4,82,95
2026-04-23 20:57:42.954238,hyderabad,30.5,33.3,12.6,305.0,78.0,28.2,1.5,70,78
2026-04-23 20:57:43.746326,bangalore,29.5,31.2,22.8,391.0,54.0,24.9,2.3,87,54
2026-04-23 20:57:44.505485,kolkata,20.2,24.4,5.0,208.0,65.0,27.9,6.9,92,65
2026-04-23 20:57:45.285193,chennai,10.4,15.4,4.5,177.0,57.0,28.8,5.0,83,57
2026-04-23 21:55:21.527418,delhi,85.0,405.1,16.2,225.0,63.0,29.1,3.8,64,368
2026-04-23 21:55:22.661746,mumbai,34.1,95.2,17.9,403.0,53.0,28.9,11.3,82,95
2026-04-23 21:55:23.774408,hyderabad,30.5,33.3,12.6,305.0,78.0,27.2,3.8,70,78
2026-04-23 21:55:24.868319,bangalore,29.5,31.2,22.8,391.0,54.0,24.7,1.9,87,54
2026-04-23 21:55:26.002077,kolkata,20.2,24.4,5.0,208.0,65.0,27.7,6.6,92,65
2026-04-23 21:55:27.117271,chennai,10.4,15.4,4.5,177.0,57.0,28.5,5.0,83,57
2026-04-23 22:53:27.331219,delhi,153.2,666.8,18.5,225.0,46.0,28.8,3.7,64,500
2026-04-23 22:53:28.539638,mumbai,29.0,91.3,16.2,403.0,55.0,28.9,10.1,82,91
2026-04-23 22:53:29.778328,hyderabad,31.7,34.5,13.5,305.0,76.0,25.8,4.1,70,76
2026-04-23 22:53:30.968291,bangalore,31.1,33.9,26.8,391.0,44.0,23.9,2.1,87,51
2026-04-23 22:53:32.150457,kolkata,18.8,23.2,5.1,208.0,68.0,27.8,5.8,92,68
2026-04-23 23:53:11.650865,delhi,153.2,666.8,18.5,225.0,46.0,27.5,3.1,64,500
2026-04-23 23:53:12.421626,mumbai,29.0,91.3,16.2,403.0,55.0,28.8,8.7,82,91
2026-04-23 23:53:13.211837,hyderabad,31.7,34.5,13.5,305.0,76.0,25.6,3.2,70,76
2026-04-23 23:53:14.072898,bangalore,31.1,33.9,26.8,391.0,44.0,23.5,2.1,87,51
2026-04-23 23:53:14.845514,kolkata,18.8,23.2,5.1,208.0,68.0,27.7,3.6,92,68
2026-04-23 23:53:15.610582,chennai,11.2,15.9,4.6,177.0,54.0,27.9,3.9,83,54
2026-04-24 11:10:26.150516,delhi,100.4,393.0,30.4,451.0,41.0,40.6,9.4,75,353
2026-04-24 11:10:27.340302,mumbai,28.0,68.7,13.0,182.0,56.0,30.2,15.3,75,68
2026-04-24 11:10:28.487618,hyderabad,35.7,40.7,12.8,359.0,85.0,38.0,10.7,48,85
2026-04-24 11:10:29.758005,bangalore,32.7,35.5,24.0,456.0,58.0,35.0,10.5,92,58
2026-04-24 11:10:30.892278,kolkata,17.9,22.4,7.5,211.0,59.0,34.7,8.0,95,59
2026-04-24 11:10:32.020029,chennai,11.8,15.4,5.6,180.0,87.0,34.6,11.8,76,87
2026-04-24 13:48:22.838403,delhi,100.4,393.0,30.4,451.0,41.0,37.0,10.8,54,353
2026-04-24 13:48:23.704778,mumbai,28.0,68.7,13.0,182.0,56.0,31.7,11.1,81,68
2026-04-24 13:48:24.506955,hyderabad,35.7,40.7,12.8,359.0,85.0,33.3,5.7,49,85
2026-04-24 13:48:25.292375,bangalore,32.7,35.5,24.0,456.0,58.0,30.8,10.7,100,58
2026-04-24 13:48:26.164142,kolkata,17.9,22.4,7.5,211.0,59.0,30.1,11.7,99,59
2026-04-24 13:48:27.029495,chennai,11.8,15.4,5.6,180.0,87.0,30.1,15.5,81,87
2026-04-24 15:12:44.752440,delhi,100.4,393.0,30.4,523.0,41.0,35.7,9.0,54,353
2026-04-24 15:12:45.621399,mumbai,28.0,68.7,13.0,366.0,56.0,31.0,10.1,81,68
2026-04-24 15:12:46.399353,hyderabad,35.7,40.7,12.8,304.0,85.0,32.2,6.0,49,85
2026-04-24 15:12:47.177018,bangalore,32.7,35.5,24.0,510.0,58.0,29.8,12.1,100,58
2026-04-24 15:12:47.942318,kolkata,17.9,22.4,7.5,233.0,59.0,29.2,10.6,99,59
2026-04-24 15:12:48.709039,chennai,11.8,15.4,5.6,186.0,87.0,29.9,14.2,81,87
2026-04-24 17:03:44.859240,delhi,100.4,393.0,30.4,523.0,41.0,33.8,12.0,54,353
2026-04-24 17:03:45.996064,mumbai,28.0,68.7,13.0,366.0,56.0,30.5,14.3,81,68
2026-04-24 17:03:47.062534,hyderabad,35.7,40.7,12.8,304.0,85.0,30.4,6.2,49,85
2026-04-24 17:03:48.060676,bangalore,32.7,35.5,24.0,510.0,58.0,27.8,11.9,100,58
2026-04-24 17:03:49.129201,kolkata,17.9,22.4,7.5,233.0,59.0,28.0,11.4,99,59
2026-04-24 17:03:50.172930,chennai,11.8,15.4,5.6,186.0,87.0,29.4,11.5,81,87
2026-04-24 19:01:21.808040,delhi,100.4,393.0,30.4,523.0,41.0,31.0,5.8,56,353
2026-04-24 19:01:23.158357,mumbai,28.0,68.7,13.0,366.0,56.0,29.0,16.2,80,68
2026-04-24 19:01:24.475361,hyderabad,35.7,40.7,12.8,304.0,85.0,30.4,6.3,32,85
2026-04-24 19:01:25.793219,bangalore,32.7,35.5,24.0,510.0,58.0,26.3,10.9,100,58
2026-04-24 19:01:27.120925,kolkata,17.9,22.4,7.5,233.0,59.0,27.5,5.4,98,59
2026-04-24 20:55:16.451190,delhi,100.4,393.0,30.4,523.0,41.0,30.0,5.2,56,353
2026-04-24 20:55:17.757210,mumbai,28.0,68.7,13.0,366.0,56.0,28.1,8.4,80,68
2026-04-24 20:55:19.083339,hyderabad,35.7,40.7,12.8,304.0,85.0,29.1,6.7,32,85
2026-04-24 20:55:20.364384,bangalore,32.7,35.5,24.0,510.0,58.0,25.6,8.8,100,58
2026-04-24 20:55:21.642927,kolkata,17.9,22.4,7.5,233.0,59.0,27.9,6.5,98,59
2026-04-24 21:52:48.179034,delhi,100.4,393.0,30.4,523.0,41.0,29.0,5.5,56,353
2026-04-24 21:52:49.479744,mumbai,28.0,68.7,13.0,366.0,56.0,27.7,7.3,80,68
2026-04-24 21:52:50.754821,hyderabad,35.7,40.7,12.8,304.0,85.0,28.5,6.3,32,85
2026-04-24 21:52:52.043266,bangalore,32.7,35.5,24.0,510.0,58.0,25.2,8.1,100,58
2026-04-24 21:52:53.341902,kolkata,17.9,22.4,7.5,233.0,59.0,28.1,7.0,98,59
2026-04-24 22:44:13.921736,delhi,96.6,444.2,36.6,523.0,26.0,28.7,4.8,56,500
2026-04-24 22:44:14.849408,mumbai,29.0,79.6,12.9,366.0,55.0,27.5,6.7,80,79
2026-04-24 22:44:15.763631,hyderabad,39.7,47.1,16.7,304.0,81.0,28.2,6.0,32,81
2026-04-24 22:44:16.682858,bangalore,56.7,61.7,34.9,510.0,51.0,25.0,8.0,100,94
2026-04-24 22:44:17.596611,kolkata,18.6,23.7,6.5,233.0,61.0,27.9,6.6,98,61
2026-04-24 22:44:18.505939,chennai,11.2,14.9,5.8,186.0,83.0,28.0,10.1,85,83
2026-04-24 23:45:07.555243,delhi,96.6,444.2,36.6,523.0,26.0,28.3,2.7,56,500
2026-04-24 23:45:08.554562,mumbai,29.0,79.6,12.9,366.0,55.0,26.5,4.6,80,79
2026-04-24 23:45:09.549879,hyderabad,39.7,47.1,16.7,304.0,81.0,27.9,5.5,32,81
2026-04-24 23:45:10.613217,bangalore,56.7,61.7,34.9,510.0,51.0,24.4,7.5,100,94
2026-04-24 23:45:11.784567,kolkata,18.6,23.7,6.5,233.0,61.0,27.5,5.9,98,61
2026-04-24 23:45:12.906937,chennai,11.2,14.9,5.8,186.0,83.0,27.6,8.8,85,83
2026-04-25 10:58:23.042931,delhi,67.3,258.9,20.6,365.0,66.0,39.8,17.5,43,208
2026-04-25 10:58:24.283762,mumbai,21.6,36.7,12.8,180.0,72.0,37.0,16.2,78,72
2026-04-25 10:58:25.617358,hyderabad,33.4,36.3,5.3,279.0,118.0,37.7,10.6,37,126
2026-04-25 10:58:26.884552,bangalore,53.0,58.6,23.3,463.0,70.0,34.5,12.4,100,88
2026-04-25 10:58:28.130989,kolkata,14.0,18.5,6.5,180.0,55.0,34.0,17.2,99,55
2026-04-25 11:48:30.133069,delhi,67.3,258.9,20.6,365.0,66.0,39.2,16.7,43,208
2026-04-25 11:48:31.432930,mumbai,21.6,36.7,12.8,180.0,72.0,35.2,15.5,78,72
2026-04-25 11:48:32.712406,hyderabad,33.4,36.3,5.3,279.0,118.0,37.2,9.7,37,126
2026-04-25 11:48:33.994754,bangalore,53.0,58.6,23.3,463.0,70.0,33.4,13.1,100,88
2026-04-25 11:48:35.281971,kolkata,14.0,18.5,6.5,180.0,55.0,31.9,14.7,99,55
2026-04-25 13:16:04.725907,delhi,67.3,258.9,20.6,365.0,66.0,38.3,11.6,43,208
2026-04-25 13:16:06.034877,mumbai,21.6,36.7,12.8,180.0,72.0,31.9,12.5,78,72
2026-04-25 13:16:07.325660,hyderabad,33.4,36.3,5.3,279.0,118.0,36.0,7.8,37,126
2026-04-25 13:16:08.575557,bangalore,53.0,58.6,23.3,463.0,70.0,32.1,10.9,100,88
2026-04-25 13:16:09.858236,kolkata,14.0,18.5,6.5,180.0,55.0,30.1,9.9,99,55
2026-04-25 14:49:22.269138,delhi,67.3,258.9,20.6,365.0,66.0,35.8,10.2,43,208
2026-04-25 14:49:23.540783,mumbai,21.6,36.7,12.8,180.0,72.0,30.8,12.7,78,72
2026-04-25 14:49:24.797317,hyderabad,33.4,36.3,5.3,279.0,118.0,34.2,7.1,37,126
2026-04-25 14:49:26.073653,bangalore,53.0,58.6,23.3,463.0,70.0,29.6,14.3,100,88
2026-04-25 14:49:27.347997,kolkata,14.0,18.5,6.5,180.0,55.0,29.0,13.4,99,55
2026-04-25 15:45:07.380621,delhi,67.3,258.9,20.6,645.0,66.0,35.0,10.1,43,208
2026-04-25 15:45:08.331814,mumbai,21.6,36.7,12.8,236.0,72.0,30.5,10.8,78,72
2026-04-25 15:45:09.289198,hyderabad,33.4,36.3,5.3,268.0,118.0,33.1,6.3,37,126
2026-04-25 15:45:10.208690,bangalore,53.0,58.6,23.3,415.0,70.0,28.8,13.9,100,88
2026-04-25 15:45:11.120299,kolkata,14.0,18.5,6.5,217.0,55.0,28.4,13.9,99,55
2026-04-25 15:45:12.027838,chennai,9.0,11.4,9.6,197.0,65.0,29.5,12.0,74,65
2026-04-25 16:51:24.280220,delhi,67.3,258.9,20.6,645.0,66.0,33.5,6.6,43,208
2026-04-25 16:51:25.062436,mumbai,21.6,36.7,12.8,236.0,72.0,30.2,4.1,78,72
2026-04-25 16:51:25.846584,hyderabad,33.4,36.3,5.3,268.0,118.0,32.4,6.8,37,126
2026-04-25 16:51:26.659964,bangalore,53.0,58.6,23.3,415.0,70.0,27.9,12.7,100,88
2026-04-25 16:51:27.442369,kolkata,14.0,18.5,6.5,217.0,55.0,28.0,11.5,99,55
2026-04-25 16:51:28.228970,chennai,9.0,11.4,9.6,197.0,65.0,29.1,10.7,74,65
2026-04-25 17:42:30.092838,delhi,67.3,258.9,20.6,645.0,66.0,32.6,5.1,43,208
2026-04-25 17:42:31.002876,mumbai,21.6,36.7,12.8,236.0,72.0,30.0,4.1,78,72
2026-04-25 17:42:31.970806,hyderabad,33.4,36.3,5.3,268.0,118.0,31.9,7.9,37,126
2026-04-25 17:42:32.900501,bangalore,53.0,58.6,23.3,415.0,70.0,27.2,12.0,100,88
2026-04-25 17:42:33.829537,kolkata,14.0,18.5,6.5,217.0,55.0,27.7,9.7,99,55
2026-04-25 17:42:34.755520,chennai,9.0,11.4,9.6,197.0,65.0,28.9,10.3,74,65
2026-04-25 19:01:18.812,delhi,67.3,258.9,20.6,645.0,66.0,32.1,5.6,41,208
2026-04-25 19:01:19.676334,mumbai,21.6,36.7,12.8,236.0,72.0,29.9,5.6,77,72
2026-04-25 19:01:20.455529,hyderabad,33.4,36.3,5.3,268.0,118.0,30.6,7.5,38,126
2026-04-25 19:01:21.246686,bangalore,53.0,58.6,23.3,415.0,70.0,26.5,11.4,100,88
2026-04-25 19:01:22.026827,kolkata,14.0,18.5,6.5,217.0,55.0,27.7,11.0,96,55
2026-04-25 19:01:22.811280,chennai,9.0,11.4,9.6,197.0,65.0,28.3,9.9,79,65
2026-04-25 20:46:42.165265,delhi,67.3,258.9,20.6,645.0,66.0,30.6,5.7,41,208
2026-04-25 20:46:43.066979,mumbai,21.6,36.7,12.8,236.0,72.0,29.1,7.2,77,72
2026-04-25 20:46:43.987140,hyderabad,33.4,36.3,5.3,268.0,118.0,28.5,7.9,38,126
2026-04-25 20:46:44.928116,bangalore,53.0,58.6,23.3,415.0,70.0,25.3,7.6,100,88
2026-04-25 20:46:45.928631,kolkata,14.0,18.5,6.5,217.0,55.0,27.5,4.5,96,55
2026-04-25 20:46:46.885132,chennai,9.0,11.4,9.6,197.0,65.0,27.6,9.2,79,65
2026-04-25 21:41:27.286543,delhi,67.3,258.9,20.6,645.0,66.0,29.9,6.7,41,208
2026-04-25 21:41:28.525872,mumbai,21.6,36.7,12.8,236.0,72.0,28.8,7.0,77,72
2026-04-25 21:41:29.798688,hyderabad,33.4,36.3,5.3,268.0,118.0,28.1,7.3,38,126
2026-04-25 21:41:31.114888,bangalore,53.0,58.6,23.3,415.0,70.0,24.8,6.9,100,88
2026-04-25 21:41:32.362666,kolkata,14.0,18.5,6.5,217.0,55.0,27.5,6.1,96,55
2026-04-25 22:42:43.578993,delhi,73.6,233.3,41.4,645.0,36.0,28.8,6.5,41,188
2026-04-25 22:42:44.481195,mumbai,23.2,58.8,12.3,236.0,67.0,28.0,4.8,77,67
2026-04-25 22:42:45.379251,hyderabad,31.9,35.0,5.8,268.0,123.0,27.9,5.2,38,133
2026-04-25 22:42:46.277496,bangalore,58.3,63.3,25.5,415.0,60.0,24.2,6.3,100,97
2026-04-25 22:42:47.184148,kolkata,10.5,14.4,4.5,217.0,53.0,27.4,10.7,96,53
2026-04-25 22:42:48.085530,chennai,9.5,12.3,9.0,197.0,68.0,27.0,9.3,79,68
2026-04-25 23:44:14.407207,delhi,73.6,233.3,41.4,645.0,36.0,28.0,5.4,41,188
2026-04-25 23:44:15.731282,mumbai,23.2,58.8,12.3,236.0,67.0,27.4,2.7,77,67
2026-04-25 23:44:16.999488,hyderabad,31.9,35.0,5.8,268.0,123.0,27.5,4.5,38,133
2026-04-25 23:44:18.261302,bangalore,58.3,63.3,25.5,415.0,60.0,23.9,6.0,100,97
2026-04-25 23:44:19.517707,kolkata,10.5,14.4,4.5,217.0,53.0,27.2,13.0,96,53
2026-04-26 10:55:34.657945,delhi,96.2,471.2,15.8,393.0,92.0,40.0,20.8,42,500
2026-04-26 10:55:35.546687,mumbai,23.7,72.2,8.3,160.0,67.0,36.0,11.0,76,72
2026-04-26 10:55:36.442886,hyderabad,21.4,23.2,8.3,271.0,84.0,38.0,11.1,32,84
2026-04-26 10:55:37.343370,bangalore,38.1,40.4,21.0,462.0,64.0,35.6,13.5,98,64
2026-04-26 10:55:38.280880,kolkata,13.4,15.6,7.3,225.0,77.0,33.0,19.2,96,77
2026-04-26 10:55:39.216851,chennai,12.8,15.7,11.4,220.0,60.0,32.9,19.5,88,60
2026-04-26 11:43:36.819518,delhi,96.2,471.2,15.8,393.0,92.0,39.4,19.1,42,500
2026-04-26 11:43:37.946396,mumbai,23.7,72.2,8.3,160.0,67.0,34.8,10.8,76,72
2026-04-26 11:43:39.094383,hyderabad,21.4,23.2,8.3,271.0,84.0,37.3,12.0,32,84
2026-04-26 11:43:40.212582,bangalore,38.1,40.4,21.0,462.0,64.0,34.8,14.2,98,64
2026-04-26 11:43:41.329851,kolkata,13.4,15.6,7.3,225.0,77.0,32.4,17.9,96,77
2026-04-26 11:43:42.438716,chennai,12.8,15.7,11.4,220.0,60.0,31.9,18.8,88,60
2026-04-26 13:17:31.408231,delhi,96.2,471.2,15.8,393.0,92.0,37.8,12.4,42,500
2026-04-26 13:17:32.661839,mumbai,23.7,72.2,8.3,160.0,67.0,30.4,11.0,76,72
2026-04-26 13:17:33.864494,hyderabad,21.4,23.2,8.3,271.0,84.0,35.5,10.1,32,84
2026-04-26 13:17:35.022908,bangalore,38.1,40.4,21.0,462.0,64.0,32.7,11.8,98,64
2026-04-26 13:17:36.264897,kolkata,13.4,15.6,7.3,225.0,77.0,30.5,16.9,96,77
2026-04-26 13:17:37.481361,chennai,12.8,15.7,11.4,220.0,60.0,30.0,17.6,88,60
2026-04-26 14:51:42.729446,delhi,96.2,471.2,15.8,393.0,92.0,36.1,11.5,42,500
2026-04-26 14:51:43.852542,mumbai,23.7,72.2,8.3,160.0,67.0,29.6,7.1,76,72
2026-04-26 14:51:44.944724,hyderabad,21.4,23.2,8.3,271.0,84.0,35.0,6.0,32,84
2026-04-26 14:51:46.053229,bangalore,38.1,40.4,21.0,462.0,64.0,30.6,10.4,98,64
2026-04-26 14:51:47.172697,kolkata,13.4,15.6,7.3,225.0,77.0,29.5,15.7,96,77
2026-04-26 14:51:48.276148,chennai,12.8,15.7,11.4,220.0,60.0,29.5,15.7,88,60
2026-04-26 15:49:04.045654,delhi,96.2,471.2,15.8,420.0,92.0,35.0,11.3,42,500
2026-04-26 15:49:05.347714,mumbai,23.7,72.2,8.3,204.0,67.0,29.4,4.3,76,72
2026-04-26 15:49:06.622493,hyderabad,21.4,23.2,8.3,612.0,84.0,34.7,5.8,32,84
2026-04-26 15:49:07.897394,bangalore,38.1,40.4,21.0,388.0,64.0,28.8,14.3,98,64
2026-04-26 15:49:09.160855,kolkata,13.4,15.6,7.3,288.0,77.0,29.0,15.2,96,77
2026-04-26 16:52:18.325154,delhi,96.2,471.2,15.8,420.0,92.0,34.3,11.6,42,500
2026-04-26 16:52:19.106807,mumbai,23.7,72.2,8.3,204.0,67.0,29.1,2.7,76,72
2026-04-26 16:52:19.872961,hyderabad,21.4,23.2,8.3,612.0,84.0,34.0,6.9,32,84
2026-04-26 16:52:20.639650,bangalore,38.1,40.4,21.0,388.0,64.0,27.7,13.0,98,64
2026-04-26 16:52:21.488464,kolkata,13.4,15.6,7.3,288.0,77.0,28.7,15.3,96,77
2026-04-26 16:52:22.255910,chennai,12.8,15.7,11.4,226.0,60.0,29.0,15.2,88,60
2026-04-26 17:44:25.412305,delhi,96.2,471.2,15.8,420.0,92.0,34.0,10.5,42,500
2026-04-26 17:44:26.621757,mumbai,23.7,72.2,8.3,204.0,67.0,28.9,4.3,76,72
2026-04-26 17:44:27.806036,hyderabad,21.4,23.2,8.3,612.0,84.0,33.2,7.6,32,84
2026-04-26 17:44:29.024761,bangalore,38.1,40.4,21.0,388.0,64.0,27.1,12.0,98,64
2026-04-26 17:44:30.238518,kolkata,13.4,15.6,7.3,288.0,77.0,28.5,14.8,96,77
2026-04-26 17:44:31.415254,chennai,12.8,15.7,11.4,226.0,60.0,28.8,14.9,88,60
2026-04-26 19:03:01.548066,delhi,96.2,471.2,15.8,420.0,92.0,32.1,6.0,48,500
2026-04-26 19:03:02.655451,mumbai,23.7,72.2,8.3,204.0,67.0,28.3,7.0,88,72
2026-04-26 19:03:03.769203,hyderabad,21.4,23.2,8.3,612.0,84.0,30.3,9.6,34,84
2026-04-26 19:03:04.874381,bangalore,38.1,40.4,21.0,388.0,64.0,26.1,9.9,98,64
2026-04-26 19:03:05.962469,kolkata,13.4,15.6,7.3,288.0,77.0,28.4,12.5,94,77
2026-04-26 19:03:07.102768,chennai,12.8,15.7,11.4,226.0,60.0,28.4,13.6,85,60
2026-04-26 20:46:16.299396,delhi,96.2,471.2,15.8,420.0,92.0,30.4,1.8,48,500
2026-04-26 20:46:17.203187,mumbai,23.7,72.2,8.3,204.0,67.0,28.0,5.5,88,72
2026-04-26 20:46:18.122422,hyderabad,21.4,23.2,8.3,612.0,84.0,28.4,6.6,34,84
2026-04-26 20:46:19.019401,bangalore,38.1,40.4,21.0,388.0,64.0,25.2,8.4,98,64
2026-04-26 20:46:19.918116,kolkata,13.4,15.6,7.3,288.0,77.0,28.0,16.4,94,77
2026-04-26 20:46:20.846698,chennai,12.8,15.7,11.4,226.0,60.0,27.8,10.1,85,60
2026-04-26 21:44:00.065843,delhi,96.2,471.2,15.8,420.0,92.0,29.9,1.8,48,500
2026-04-26 21:44:01.342935,mumbai,23.7,72.2,8.3,204.0,67.0,27.8,5.8,88,72
2026-04-26 21:44:02.631512,hyderabad,21.4,23.2,8.3,612.0,84.0,28.0,6.0,34,84
2026-04-26 21:44:03.898740,bangalore,38.1,40.4,21.0,388.0,64.0,24.9,8.2,98,64
2026-04-26 21:44:05.188130,kolkata,13.4,15.6,7.3,288.0,77.0,27.9,16.5,94,77
2026-04-26 22:45:30.724946,delhi,87.3,401.4,20.2,420.0,60.0,29.1,2.1,48,364
2026-04-26 22:45:31.724794,mumbai,20.8,65.7,9.3,204.0,65.0,27.5,9.8,88,65
2026-04-26 22:45:32.765930,hyderabad,22.7,25.2,12.0,612.0,70.0,27.5,5.4,34,70
2026-04-26 22:45:33.855139,bangalore,27.8,30.2,20.9,388.0,50.0,24.2,6.6,98,50
2026-04-26 22:45:34.846181,kolkata,19.6,22.1,11.0,288.0,65.0,27.9,15.4,94,65
2026-04-26 22:45:35.861136,chennai,15.1,18.2,13.0,226.0,55.0,27.1,9.5,85,55
2026-04-26 23:45:41.396478,delhi,87.3,401.4,20.2,420.0,60.0,28.8,1.3,48,364
2026-04-26 23:45:42.175134,mumbai,20.8,65.7,9.3,204.0,65.0,27.1,9.7,88,65
2026-04-26 23:45:43.033611,hyderabad,22.7,25.2,12.0,612.0,70.0,27.4,5.0,34,70
2026-04-26 23:45:43.820829,bangalore,27.8,30.2,20.9,388.0,50.0,23.6,6.5,98,50
2026-04-26 23:45:44.603703,kolkata,19.6,22.1,11.0,288.0,65.0,27.9,12.8,94,65
2026-04-26 23:45:45.386265,chennai,15.1,18.2,13.0,226.0,55.0,27.2,10.6,85,55
2026-04-27 11:48:44.747217,delhi,132.7,633.3,56.5,947.0,19.0,40.5,19.0,55,500
2026-04-27 11:48:45.531926,mumbai,20.8,49.5,8.4,158.0,69.0,31.4,10.4,75,69
2026-04-27 11:48:46.334833,hyderabad,26.3,38.1,23.1,406.0,58.0,39.2,11.1,54,58
2026-04-27 11:48:47.169336,bangalore,28.6,32.8,17.6,353.0,66.0,35.7,14.3,96,66
2026-04-27 11:48:47.973001,kolkata,15.7,18.2,6.7,197.0,78.0,31.4,20.1,95,78
2026-04-27 11:48:48.769265,chennai,8.7,11.5,8.8,184.0,70.0,31.7,22.2,80,70
2026-04-27 14:06:50.891210,delhi,132.7,633.3,56.5,947.0,19.0,36.7,20.4,55,500
2026-04-27 14:06:51.946056,mumbai,20.8,49.5,8.4,158.0,69.0,29.4,7.2,75,69
2026-04-27 14:06:52.965755,hyderabad,26.3,38.1,23.1,406.0,58.0,36.2,9.9,54,58
2026-04-27 14:06:53.985872,bangalore,28.6,32.8,17.6,353.0,66.0,32.2,11.7,96,66
2026-04-27 14:06:55.041023,kolkata,15.7,18.2,6.7,197.0,78.0,29.5,18.9,95,78
2026-04-27 14:06:56.049375,chennai,8.7,11.5,8.8,184.0,70.0,30.0,18.0,80,70
2026-04-27 16:45:04.021674,delhi,132.7,633.3,56.5,564.0,19.0,34.4,10.7,55,500
2026-04-27 16:45:05.142728,mumbai,20.8,49.5,8.4,217.0,69.0,28.6,4.0,75,69
2026-04-27 16:45:06.286235,hyderabad,26.3,38.1,23.1,316.0,58.0,33.2,7.0,54,58
2026-04-27 16:45:07.399755,bangalore,28.6,32.8,17.6,366.0,66.0,28.8,9.7,96,66
2026-04-27 16:45:08.498505,kolkata,15.7,18.2,6.7,252.0,78.0,28.6,14.6,95,78
2026-04-27 16:45:09.582066,chennai,8.7,11.5,8.8,278.0,70.0,29.2,17.4,80,70
2026-04-27 18:06:50.251010,delhi,132.7,633.3,56.5,564.0,19.0,33.3,8.2,55,500
2026-04-27 18:06:51.303036,mumbai,20.8,49.5,8.4,217.0,69.0,28.4,2.5,75,69
2026-04-27 18:06:52.351459,hyderabad,26.3,38.1,23.1,316.0,58.0,32.0,5.0,54,58
2026-04-27 18:06:53.428304,bangalore,28.6,32.8,17.6,366.0,66.0,27.5,10.9,96,66
2026-04-27 18:06:54.445495,kolkata,15.7,18.2,6.7,252.0,78.0,28.4,15.8,95,78
2026-04-27 18:06:55.497148,chennai,8.7,11.5,8.8,278.0,70.0,29.0,17.2,80,70
2026-04-27 20:11:49.551909,delhi,132.7,633.3,56.5,564.0,19.0,31.1,3.3,58,500
2026-04-27 20:11:50.604999,mumbai,20.8,49.5,8.4,217.0,69.0,27.5,1.8,78,69
2026-04-27 20:11:51.697627,hyderabad,26.3,38.1,23.1,316.0,58.0,31.1,8.9,29,58
2026-04-27 20:11:52.750732,bangalore,28.6,32.8,17.6,366.0,66.0,26.0,8.5,98,66
2026-04-27 20:11:53.844290,kolkata,15.7,18.2,6.7,252.0,78.0,27.9,12.6,94,78
2026-04-27 20:11:54.927415,chennai,8.7,11.5,8.8,278.0,70.0,28.6,16.0,81,70
2026-04-27 21:57:06.251998,delhi,132.7,633.3,56.5,564.0,19.0,30.1,5.4,58,500
2026-04-27 21:57:07.069883,mumbai,20.8,49.5,8.4,217.0,69.0,27.0,3.9,78,69
2026-04-27 21:57:07.858549,hyderabad,26.3,38.1,23.1,316.0,58.0,29.1,5.6,29,58
2026-04-27 21:57:08.648264,bangalore,28.6,32.8,17.6,366.0,66.0,24.2,8.9,98,66
2026-04-27 21:57:09.444898,kolkata,15.7,18.2,6.7,252.0,78.0,27.8,12.0,94,78
2026-04-27 21:57:10.323511,chennai,8.7,11.5,8.8,278.0,70.0,28.5,15.5,81,70
2026-04-27 23:00:55.531579,delhi,106.6,430.3,41.0,564.0,38.0,29.4,2.3,58,500
2026-04-27 23:00:56.439457,mumbai,22.1,52.6,10.4,217.0,62.0,26.7,4.6,78,62
2026-04-27 23:00:57.359497,hyderabad,19.4,29.3,16.9,316.0,57.0,28.8,3.4,29,57
2026-04-27 23:00:58.288235,bangalore,26.4,29.6,15.7,366.0,67.0,23.4,8.6,98,67
2026-04-27 23:00:59.236817,kolkata,14.8,17.6,7.7,252.0,60.0,27.6,10.5,94,60
2026-04-27 23:01:00.172591,chennai,7.7,9.7,10.6,278.0,58.0,28.2,14.5,81,58
2026-04-28 11:49:37.198170,delhi,109.2,442.4,43.9,695.0,33.0,34.5,4.7,65,500
2026-04-28 11:49:38.488629,mumbai,23.1,60.1,10.1,160.0,64.0,31.5,11.9,78,64
2026-04-28 11:49:39.798574,hyderabad,22.5,31.8,19.4,353.0,54.0,38.8,6.2,71,54
2026-04-28 11:49:41.119488,bangalore,15.9,25.1,12.9,265.0,54.0,34.8,11.7,99,54
2026-04-28 11:49:42.439795,kolkata,15.8,18.8,6.3,182.0,66.0,27.8,10.1,93,66
2026-04-28 16:56:48.661518,delhi,109.2,442.4,43.9,695.0,33.0,31.1,3.8,65,500
2026-04-28 16:56:49.461584,mumbai,23.1,60.1,10.1,160.0,64.0,28.6,4.8,78,64
2026-04-28 16:56:50.283281,hyderabad,22.5,31.8,19.4,353.0,54.0,31.6,6.1,71,54
2026-04-28 16:56:51.092480,bangalore,15.9,25.1,12.9,265.0,54.0,29.6,1.4,99,54
2026-04-28 16:56:51.895315,kolkata,15.8,18.8,6.3,182.0,66.0,26.4,13.2,93,66
2026-04-28 16:56:52.700057,chennai,12.0,14.9,10.7,217.0,76.0,29.4,16.6,77,76
2026-04-28 18:22:45.109862,delhi,109.2,442.4,43.9,695.0,33.0,30.4,0.6,65,500
2026-04-28 18:22:46.086935,mumbai,23.1,60.1,10.1,160.0,64.0,28.0,1.3,78,64
2026-04-28 18:22:47.044892,hyderabad,22.5,31.8,19.4,353.0,54.0,30.5,8.4,71,54
2026-04-28 18:22:47.987793,bangalore,15.9,25.1,12.9,265.0,54.0,28.9,5.3,99,54
2026-04-28 18:22:48.917991,kolkata,15.8,18.8,6.3,182.0,66.0,26.4,13.3,93,66
2026-04-28 18:22:49.980483,chennai,12.0,14.9,10.7,217.0,76.0,29.0,15.9,77,76
2026-04-28 20:20:56.321583,delhi,109.2,442.4,43.9,695.0,33.0,28.5,4.6,63,500
2026-04-28 20:20:57.366696,mumbai,23.1,60.1,10.1,160.0,64.0,27.4,0.0,80,64
2026-04-28 20:20:58.437718,hyderabad,22.5,31.8,19.4,353.0,54.0,29.3,8.1,64,54
2026-04-28 20:20:59.546216,bangalore,15.9,25.1,12.9,265.0,54.0,26.8,8.5,98,54
2026-04-28 20:21:00.615560,kolkata,15.8,18.8,6.3,182.0,66.0,27.9,16.2,95,66
2026-04-28 20:21:01.726804,chennai,12.0,14.9,10.7,217.0,76.0,28.8,12.1,80,76
2026-04-28 22:03:08.393404,delhi,109.2,442.4,43.9,695.0,33.0,27.5,4.6,63,500
2026-04-28 22:03:09.496191,mumbai,23.1,60.1,10.1,160.0,64.0,26.7,1.5,80,64
2026-04-28 22:03:10.583010,hyderabad,22.5,31.8,19.4,353.0,54.0,28.5,7.0,64,54
2026-04-28 22:03:11.676045,bangalore,15.9,25.1,12.9,265.0,54.0,25.0,9.0,98,54
2026-04-28 22:03:12.712866,kolkata,15.8,18.8,6.3,182.0,66.0,27.8,15.1,95,66
2026-04-28 22:03:13.775018,chennai,12.0,14.9,10.7,217.0,76.0,28.4,12.0,80,76
2026-04-28 23:58:39.145779,delhi,100.6,529.0,30.1,487.0,43.0,27.0,5.4,63,500
2026-04-28 23:58:40.090333,mumbai,20.7,53.0,8.4,149.0,65.0,26.2,2.6,80,65
2026-04-28 23:58:41.073438,hyderabad,18.8,26.7,12.0,269.0,62.0,28.1,8.1,64,62
2026-04-28 23:58:42.068478,bangalore,16.9,23.7,13.5,286.0,53.0,23.0,6.3,98,53
2026-04-28 23:58:42.997677,kolkata,15.1,18.2,6.9,176.0,54.0,27.9,15.7,95,54
2026-04-28 23:58:43.935570,chennai,10.2,12.9,9.9,197.0,71.0,28.4,11.1,80,71
2026-04-29 11:42:08.230724,delhi,97.8,553.2,10.9,386.0,118.0,38.1,10.7,81,500
2026-04-29 11:42:09.054873,mumbai,21.9,51.6,8.1,163.0,68.0,31.5,13.4,81,68
2026-04-29 11:42:09.862288,hyderabad,27.7,44.0,18.2,375.0,54.0,39.3,4.5,50,54
2026-04-29 11:42:10.666161,bangalore,21.1,38.9,14.6,284.0,54.0,34.7,9.0,98,54
2026-04-29 11:42:11.470426,kolkata,16.5,20.5,6.5,193.0,73.0,28.0,7.1,99,73
2026-04-29 11:42:12.275121,chennai,21.4,26.4,10.9,284.0,84.0,32.4,20.9,86,84
2026-04-29 14:11:00.957184,delhi,97.8,553.2,10.9,386.0,118.0,33.2,11.3,81,500
2026-04-29 14:11:02.319452,mumbai,21.9,51.6,8.1,163.0,68.0,29.0,9.2,81,68
2026-04-29 14:11:03.701614,hyderabad,27.7,44.0,18.2,375.0,54.0,36.2,7.0,50,54
2026-04-29 14:11:05.073139,bangalore,21.1,38.9,14.6,284.0,54.0,27.5,11.4,98,54
2026-04-29 14:11:06.456663,kolkata,16.5,20.5,6.5,193.0,73.0,25.3,13.0,99,73
2026-04-29 16:45:23.639876,delhi,97.8,553.2,10.9,381.0,118.0,31.1,6.7,81,500
2026-04-29 16:45:24.704984,mumbai,21.9,51.6,8.1,203.0,68.0,28.9,5.9,81,68
2026-04-29 16:45:25.683170,hyderabad,27.7,44.0,18.2,363.0,54.0,32.7,7.3,50,54
2026-04-29 16:45:26.632351,bangalore,21.1,38.9,14.6,296.0,54.0,27.8,8.3,98,54
2026-04-29 16:45:27.598987,kolkata,16.5,20.5,6.5,237.0,73.0,25.1,15.8,99,73
2026-04-29 16:45:28.552406,chennai,21.4,26.4,10.9,273.0,84.0,30.0,18.4,86,84
2026-04-29 18:15:11.744164,delhi,97.8,553.2,10.9,381.0,118.0,29.6,4.7,81,500
2026-04-29 18:15:12.528867,mumbai,21.9,51.6,8.1,203.0,68.0,28.6,3.6,81,68
2026-04-29 18:15:13.304505,hyderabad,27.7,44.0,18.2,363.0,54.0,31.2,6.9,50,54
2026-04-29 18:15:14.087717,bangalore,21.1,38.9,14.6,296.0,54.0,27.2,5.8,98,54
2026-04-29 18:15:14.848631,kolkata,16.5,20.5,6.5,237.0,73.0,25.4,17.1,99,73
2026-04-29 18:15:15.634658,chennai,21.4,26.4,10.9,273.0,84.0,29.7,18.0,86,84
2026-04-29 20:13:32.097364,delhi,97.8,553.2,10.9,381.0,118.0,27.8,3.6,94,500
2026-04-29 20:13:33.028627,mumbai,21.9,51.6,8.1,203.0,68.0,28.0,3.3,84,68
2026-04-29 20:13:33.981358,hyderabad,27.7,44.0,18.2,363.0,54.0,30.5,8.5,55,54
2026-04-29 20:13:34.917905,bangalore,21.1,38.9,14.6,296.0,54.0,27.5,10.7,94,54
2026-04-29 20:13:35.863782,kolkata,16.5,20.5,6.5,237.0,73.0,27.0,5.4,97,73
2026-04-29 20:13:36.789449,chennai,21.4,26.4,10.9,273.0,84.0,29.8,17.3,90,84
2026-04-29 22:03:13.955011,delhi,97.8,553.2,10.9,381.0,118.0,27.2,5.2,94,500
2026-04-29 22:03:14.877868,mumbai,21.9,51.6,8.1,203.0,68.0,27.2,7.2,84,68
2026-04-29 22:03:15.800659,hyderabad,27.7,44.0,18.2,363.0,54.0,29.6,8.2,55,54
2026-04-29 22:03:16.732887,bangalore,21.1,38.9,14.6,296.0,54.0,24.1,9.1,94,54
2026-04-29 22:03:17.641860,kolkata,16.5,20.5,6.5,237.0,73.0,27.1,8.0,97,73
2026-04-29 22:03:18.550940,chennai,21.4,26.4,10.9,273.0,84.0,29.4,15.7,90,84
2026-04-29 23:59:12.042127,delhi,90.6,504.8,9.3,381.0,125.0,26.0,2.4,94,500
2026-04-29 23:59:12.820365,mumbai,21.4,54.2,7.2,203.0,66.0,26.9,8.6,84,66
2026-04-29 23:59:13.593795,hyderabad,22.9,39.5,19.4,363.0,45.0,29.3,9.3,55,45
2026-04-29 23:59:14.395681,bangalore,18.5,33.8,14.3,296.0,46.0,23.1,7.8,94,46
2026-04-29 23:59:15.179149,kolkata,18.7,22.4,9.5,237.0,61.0,24.5,11.5,97,61
2026-04-29 23:59:15.964382,chennai,17.3,22.1,10.5,273.0,77.0,29.0,14.4,90,77
2026-04-30 11:42:00.466403,delhi,74.0,418.2,11.8,353.0,107.0,31.9,9.0,72,385
2026-04-30 11:42:01.400265,mumbai,23.3,59.0,7.4,160.0,66.0,31.2,14.1,91,66
2026-04-30 11:42:02.340689,hyderabad,31.7,45.3,5.5,216.0,93.0,39.0,7.7,71,93
2026-04-30 11:42:03.252729,bangalore,47.1,60.8,44.0,630.0,39.0,25.0,6.0,92,78
2026-04-30 11:42:04.194889,kolkata,20.1,26.4,11.3,242.0,58.0,29.8,15.0,95,58
2026-04-30 11:42:05.123445,chennai,9.2,12.3,8.8,189.0,67.0,32.8,20.7,89,67
2026-04-30 14:08:32.560325,delhi,74.0,418.2,11.8,353.0,107.0,32.9,11.8,72,385
2026-04-30 14:08:33.511221,mumbai,23.3,59.0,7.4,160.0,66.0,29.4,10.5,91,66
2026-04-30 14:08:34.421525,hyderabad,31.7,45.3,5.5,216.0,93.0,36.8,9.2,71,93
2026-04-30 14:08:35.385740,bangalore,47.1,60.8,44.0,630.0,39.0,24.0,6.9,92,78
2026-04-30 14:08:36.315913,kolkata,20.1,26.4,11.3,242.0,58.0,24.5,10.9,95,58
2026-04-30 14:08:37.233587,chennai,9.2,12.3,8.8,189.0,67.0,30.9,16.1,89,67
2026-04-30 16:24:07.908867,delhi,74.0,418.2,11.8,318.0,107.0,30.1,11.1,72,385
2026-04-30 16:24:09.273600,mumbai,23.3,59.0,7.4,198.0,66.0,29.0,8.6,91,66
2026-04-30 16:24:10.648439,hyderabad,31.7,45.3,5.5,241.0,93.0,33.6,4.5,71,93
2026-04-30 16:24:11.981731,bangalore,47.1,60.8,44.0,409.0,39.0,23.7,5.2,92,78
2026-04-30 16:24:13.296409,kolkata,20.1,26.4,11.3,230.0,58.0,23.8,7.2,95,58
2026-04-30 18:14:00.517556,delhi,74.0,418.2,11.8,318.0,107.0,28.5,10.3,72,385
2026-04-30 18:14:01.696403,mumbai,23.3,59.0,7.4,198.0,66.0,28.8,9.5,91,66
2026-04-30 18:14:02.814553,hyderabad,31.7,45.3,5.5,241.0,93.0,32.2,6.1,71,93
2026-04-30 18:14:03.942987,bangalore,47.1,60.8,44.0,409.0,39.0,23.6,6.4,92,78
2026-04-30 18:14:05.085431,kolkata,20.1,26.4,11.3,230.0,58.0,23.8,4.9,95,58
2026-04-30 18:14:06.241100,chennai,9.2,12.3,8.8,282.0,67.0,30.0,18.3,89,67
2026-04-30 20:11:52.325495,delhi,74.0,418.2,11.8,318.0,107.0,26.8,9.6,72,385
2026-04-30 20:11:53.350402,mumbai,23.3,59.0,7.4,198.0,66.0,28.2,9.1,89,66
2026-04-30 20:11:54.261154,hyderabad,31.7,45.3,5.5,241.0,93.0,30.9,5.0,59,93
2026-04-30 20:11:55.185328,bangalore,47.1,60.8,44.0,409.0,39.0,23.2,7.8,89,78
2026-04-30 20:11:56.101859,kolkata,20.1,26.4,11.3,230.0,58.0,23.8,4.2,96,58
2026-04-30 20:11:56.991135,chennai,9.2,12.3,8.8,282.0,67.0,29.9,16.8,92,67
2026-04-30 22:00:24.856331,delhi,74.0,418.2,11.8,318.0,107.0,25.9,8.4,72,385
2026-04-30 22:00:27.920005,mumbai,23.3,59.0,7.4,198.0,66.0,28.2,9.4,89,66
2026-04-30 22:17:26.695819,bangalore,47.1,60.8,44.0,409.0,39.0,22.5,4.1,89,78
2026-04-30 22:17:27.482692,kolkata,20.1,26.4,11.3,230.0,58.0,23.8,3.1,96,58
2026-04-30 22:17:28.277420,chennai,9.2,12.3,8.8,282.0,67.0,29.3,14.6,92,67
2026-04-30 23:04:15.932806,delhi,48.1,169.5,10.9,318.0,108.0,25.0,9.2,72,146
2026-04-30 23:04:16.716950,mumbai,18.8,35.2,9.0,198.0,62.0,28.1,10.0,89,62
2026-04-30 23:04:17.594629,hyderabad,27.9,45.8,5.0,241.0,98.0,28.9,7.6,59,98
2026-04-30 23:04:18.430978,bangalore,41.6,58.1,34.4,409.0,45.0,22.3,3.8,89,69
2026-04-30 23:04:19.229409,kolkata,19.6,26.0,11.7,230.0,62.0,23.9,4.3,96,62
2026-04-30 23:04:20.020903,chennai,10.9,15.1,6.3,282.0,78.0,29.1,13.4,92,78
2026-05-01 11:11:22.203987,delhi,63.8,90.3,33.8,655.0,53.0,36.8,6.0,61,112
2026-05-01 11:11:23.114182,mumbai,28.6,89.6,11.1,181.0,68.0,31.4,15.7,93,89
2026-05-01 11:11:24.031723,hyderabad,32.7,46.3,6.0,244.0,99.0,38.6,13.9,71,99
2026-05-01 11:11:24.935678,bangalore,64.0,86.8,57.7,812.0,27.0,32.0,4.7,96,113
2026-05-01 11:11:25.838819,kolkata,31.2,35.3,20.9,360.0,43.0,29.0,3.6,98,52
2026-05-01 11:11:26.770658,chennai,12.6,17.1,6.3,187.0,89.0,33.8,21.2,84,89
2026-05-01 13:38:18.169528,delhi,63.8,90.3,33.8,655.0,53.0,34.3,5.3,61,112
2026-05-01 13:38:18.944203,mumbai,28.6,89.6,11.1,181.0,68.0,29.6,14.3,93,89
2026-05-01 13:38:19.710246,hyderabad,32.7,46.3,6.0,244.0,99.0,36.3,5.2,71,99
2026-05-01 13:38:20.557923,bangalore,64.0,86.8,57.7,812.0,27.0,27.7,7.2,96,113
2026-05-01 13:38:21.346072,kolkata,31.2,35.3,20.9,360.0,43.0,27.1,4.8,98,52
2026-05-01 13:38:22.153880,chennai,12.6,17.1,6.3,187.0,89.0,31.4,15.8,84,89
2026-05-01 15:00:46.238191,delhi,63.8,90.3,33.8,655.0,53.0,32.1,9.1,61,112
2026-05-01 15:00:48.195665,mumbai,28.6,89.6,11.1,181.0,68.0,29.5,14.1,93,89
2026-05-01 15:00:49.968149,hyderabad,32.7,46.3,6.0,244.0,99.0,34.3,6.0,71,99
2026-05-01 15:00:51.748640,bangalore,64.0,86.8,57.7,812.0,27.0,23.6,8.3,96,113
2026-05-01 15:18:16.388705,chennai,12.6,17.1,6.3,215.0,89.0,30.8,16.9,84,89
2026-05-01 17:02:14.602621,delhi,63.8,90.3,33.8,1269.0,53.0,30.2,8.2,61,112
2026-05-01 17:02:15.382938,mumbai,28.6,89.6,11.1,439.0,68.0,29.1,11.6,93,89
2026-05-01 17:02:16.196639,hyderabad,32.7,46.3,6.0,255.0,99.0,31.9,6.1,71,99
2026-05-01 17:02:16.987663,bangalore,64.0,86.8,57.7,411.0,27.0,23.0,6.2,96,113
2026-05-01 17:02:17.790148,kolkata,31.2,35.3,20.9,463.0,43.0,26.2,8.3,98,52
2026-05-01 17:02:18.564952,chennai,12.6,17.1,6.3,215.0,89.0,30.8,18.4,84,89
2026-05-01 19:18:35.029981,delhi,63.8,90.3,33.8,1269.0,53.0,27.8,8.8,67,112
2026-05-01 19:18:36.351287,mumbai,28.6,89.6,11.1,439.0,68.0,28.5,7.2,94,89
2026-05-01 19:18:37.684891,hyderabad,32.7,46.3,6.0,255.0,99.0,30.0,4.3,78,99
2026-05-01 19:18:38.940647,bangalore,64.0,86.8,57.7,411.0,27.0,23.3,8.2,93,113
2026-05-01 19:18:40.249749,kolkata,31.2,35.3,20.9,463.0,43.0,26.2,11.4,99,52
2026-05-01 19:18:41.555155,chennai,12.6,17.1,6.3,215.0,89.0,30.5,17.6,86,89
2026-05-01 20:58:22.128298,delhi,63.8,90.3,33.8,1269.0,53.0,26.9,8.5,67,112
2026-05-01 20:58:23.149192,mumbai,28.6,89.6,11.1,439.0,68.0,28.0,6.8,94,89
2026-05-01 20:58:24.221888,hyderabad,32.7,46.3,6.0,255.0,99.0,29.0,7.7,78,99
2026-05-01 20:58:25.311313,bangalore,64.0,86.8,57.7,411.0,27.0,22.5,5.5,93,113
2026-05-01 20:58:26.473808,kolkata,31.2,35.3,20.9,463.0,43.0,25.6,9.2,99,52
2026-05-01 20:58:27.545965,chennai,12.6,17.1,6.3,215.0,89.0,30.0,15.0,86,89
2026-05-01 21:59:12.694238,delhi,63.8,90.3,33.8,1269.0,53.0,26.4,8.5,67,112
2026-05-01 21:59:13.472683,mumbai,28.6,89.6,11.1,439.0,68.0,27.8,5.8,94,89
2026-05-01 21:59:14.241311,hyderabad,32.7,46.3,6.0,255.0,99.0,28.6,10.1,78,99
2026-05-01 21:59:15.019510,bangalore,64.0,86.8,57.7,411.0,27.0,22.1,6.2,93,113
2026-05-01 21:59:15.793033,kolkata,31.2,35.3,20.9,463.0,43.0,25.0,10.4,99,52
2026-05-01 21:59:16.644960,chennai,12.6,17.1,6.3,215.0,89.0,29.5,13.7,86,89
2026-05-01 23:00:13.575261,delhi,78.5,162.5,34.2,1269.0,45.0,25.9,8.5,67,161
2026-05-01 23:17:10.025539,hyderabad,31.2,43.2,8.3,255.0,93.0,28.5,10.5,78,93
2026-05-01 23:17:10.878022,bangalore,43.0,54.6,32.2,411.0,45.0,21.5,5.4,93,71
2026-05-01 23:17:11.659668,kolkata,25.1,28.2,18.0,463.0,42.0,24.8,9.2,99,42
2026-05-01 23:17:12.473361,chennai,10.2,14.0,6.4,215.0,72.0,29.3,13.9,86,72
2026-05-01 23:59:54.451839,delhi,78.5,162.5,34.2,1269.0,45.0,25.3,8.8,67,161
2026-05-01 23:59:55.551483,mumbai,28.3,89.4,10.5,439.0,68.0,27.2,6.1,94,89
2026-05-01 23:59:56.680231,hyderabad,31.2,43.2,8.3,255.0,93.0,28.0,9.9,78,93
2026-05-01 23:59:57.810265,bangalore,43.0,54.6,32.2,411.0,45.0,21.3,5.4,93,71
2026-05-01 23:59:58.939802,kolkata,25.1,28.2,18.0,463.0,42.0,25.0,9.4,99,42
2026-05-02 00:00:00.060971,chennai,10.2,14.0,6.4,215.0,72.0,29.1,14.0,86,72
2026-05-02 11:50:37.854266,delhi,70.5,243.1,21.4,428.0,85.0,37.0,10.1,63,195
2026-05-02 11:50:38.619429,mumbai,27.7,78.9,11.1,168.0,64.0,31.3,14.2,96,78
2026-05-02 11:50:39.384440,hyderabad,26.4,32.5,9.2,277.0,88.0,38.7,9.2,83,88
2026-05-02 11:50:40.160818,bangalore,43.2,57.2,21.3,421.0,72.0,32.3,4.5,97,72
2026-05-02 11:50:40.941060,kolkata,62.4,66.4,24.4,519.0,52.0,25.9,5.5,97,108
2026-05-02 11:50:41.707372,chennai,9.8,13.7,5.3,178.0,69.0,32.8,19.7,96,69
2026-05-02 13:22:50.062674,delhi,70.5,243.1,21.4,428.0,85.0,33.7,13.3,63,195
2026-05-02 13:22:50.828516,mumbai,27.7,78.9,11.1,168.0,64.0,30.4,12.6,96,78
2026-05-02 13:22:51.599565,hyderabad,26.4,32.5,9.2,277.0,88.0,37.5,4.3,83,88
2026-05-02 13:22:52.363630,bangalore,43.2,57.2,21.3,421.0,72.0,29.0,4.3,97,72
2026-05-02 13:22:53.129088,kolkata,62.4,66.4,24.4,519.0,52.0,26.6,4.5,97,108
2026-05-02 13:22:53.903632,chennai,9.8,13.7,5.3,178.0,69.0,31.2,19.1,96,69
2026-05-02 14:53:33.459897,delhi,70.5,243.1,21.4,428.0,85.0,31.6,6.4,63,195
2026-05-02 14:53:34.363329,mumbai,27.7,78.9,11.1,168.0,64.0,29.8,11.3,96,78
2026-05-02 14:53:35.298050,hyderabad,26.4,32.5,9.2,277.0,88.0,35.6,0.4,83,88
2026-05-02 14:53:36.215603,bangalore,43.2,57.2,21.3,421.0,72.0,28.9,2.5,97,72
2026-05-02 14:53:37.131620,kolkata,62.4,66.4,24.4,519.0,52.0,25.6,6.8,97,108
2026-05-02 14:53:38.051151,chennai,9.8,13.7,5.3,178.0,69.0,30.8,16.9,96,69
2026-05-02 15:53:04.020391,delhi,70.5,243.1,21.4,452.0,85.0,30.8,6.1,63,195
2026-05-02 15:53:04.955579,mumbai,27.7,78.9,11.1,369.0,64.0,29.5,10.8,96,78
2026-05-02 15:53:05.894588,hyderabad,26.4,32.5,9.2,242.0,88.0,34.2,3.5,83,88
2026-05-02 15:53:06.830508,bangalore,43.2,57.2,21.3,313.0,72.0,28.1,6.0,97,72
2026-05-02 15:53:07.744248,kolkata,62.4,66.4,24.4,390.0,52.0,25.0,6.9,97,108
2026-05-02 15:53:08.643500,chennai,9.8,13.7,5.3,221.0,69.0,31.0,16.4,96,69
2026-05-02 16:56:08.528860,delhi,70.5,243.1,21.4,452.0,85.0,30.0,7.4,63,195
2026-05-02 16:56:09.301850,mumbai,27.7,78.9,11.1,369.0,64.0,29.4,10.7,96,78
2026-05-02 16:56:10.072813,hyderabad,26.4,32.5,9.2,242.0,88.0,32.7,4.7,83,88
2026-05-02 16:56:10.883485,bangalore,43.2,57.2,21.3,313.0,72.0,26.0,13.4,97,72
2026-05-02 16:56:11.648385,kolkata,62.4,66.4,24.4,390.0,52.0,24.8,6.9,97,108
2026-05-02 16:56:12.422101,chennai,9.8,13.7,5.3,221.0,69.0,30.9,17.7,96,69
2026-05-02 17:51:52.365175,delhi,70.5,243.1,21.4,452.0,85.0,29.2,6.7,63,195
2026-05-02 17:51:53.278954,mumbai,27.7,78.9,11.1,369.0,64.0,29.2,10.8,96,78
2026-05-02 17:51:54.227149,hyderabad,26.4,32.5,9.2,242.0,88.0,31.9,7.2,83,88
2026-05-02 17:51:55.153693,bangalore,43.2,57.2,21.3,313.0,72.0,24.6,12.0,97,72
2026-05-02 17:51:56.153385,kolkata,62.4,66.4,24.4,390.0,52.0,24.7,5.6,97,108
2026-05-02 17:51:57.079271,chennai,9.8,13.7,5.3,221.0,69.0,30.7,18.5,96,69
2026-05-02 19:07:42.277582,delhi,70.5,243.1,21.4,452.0,85.0,28.9,6.2,73,195
2026-05-02 19:07:43.217610,mumbai,27.7,78.9,11.1,369.0,64.0,29.0,11.4,97,78
2026-05-02 19:07:44.123314,hyderabad,26.4,32.5,9.2,242.0,88.0,32.0,7.0,78,88
2026-05-02 19:07:45.031819,bangalore,43.2,57.2,21.3,313.0,72.0,23.7,12.6,100,72
2026-05-02 19:07:45.956956,kolkata,62.4,66.4,24.4,390.0,52.0,24.2,5.0,98,108
2026-05-02 19:07:46.871138,chennai,9.8,13.7,5.3,221.0,69.0,30.6,18.0,91,69
2026-05-02 20:50:25.458531,delhi,70.5,243.1,21.4,452.0,85.0,28.1,9.0,73,195
2026-05-02 20:50:26.614999,mumbai,27.7,78.9,11.1,369.0,64.0,28.6,10.9,97,78
2026-05-02 20:50:27.790796,hyderabad,26.4,32.5,9.2,242.0,88.0,30.8,11.1,78,88
2026-05-02 20:50:28.929611,bangalore,43.2,57.2,21.3,313.0,72.0,22.4,11.1,100,72
2026-05-02 20:50:30.086632,kolkata,62.4,66.4,24.4,390.0,52.0,24.1,3.6,98,108
2026-05-02 20:50:31.271574,chennai,9.8,13.7,5.3,221.0,69.0,29.8,12.5,91,69
2026-05-02 21:49:58.025616,delhi,70.5,243.1,21.4,452.0,85.0,27.6,9.8,73,195
2026-05-02 21:49:59.363026,mumbai,27.7,78.9,11.1,369.0,64.0,28.5,10.7,97,78
2026-05-02 21:50:06.160962,hyderabad,26.4,32.5,9.2,242.0,88.0,30.0,9.6,78,88
2026-05-02 22:08:36.368925,kolkata,62.4,66.4,24.4,390.0,52.0,24.5,5.6,98,108
2026-05-02 22:08:37.665780,chennai,9.8,13.7,5.3,221.0,69.0,29.4,12.0,91,69
2026-05-02 22:50:53.539368,delhi,82.0,331.6,16.3,452.0,91.0,27.0,10.5,73,281
2026-05-02 22:50:54.397751,mumbai,29.6,79.4,15.4,369.0,59.0,28.4,9.7,97,79
2026-05-02 22:50:55.180410,hyderabad,21.7,25.7,9.7,242.0,80.0,29.2,3.3,78,80
2026-05-02 22:50:55.994642,bangalore,55.1,64.0,31.6,313.0,47.0,21.5,8.6,100,91
2026-05-02 22:50:56.769927,kolkata,65.7,71.2,22.8,390.0,63.0,25.0,6.5,98,119
2026-05-02 22:50:57.554587,chennai,9.5,12.9,7.6,221.0,54.0,29.1,12.3,91,54
2026-05-02 23:51:59.409559,delhi,82.0,331.6,16.3,452.0,91.0,26.4,11.3,73,281
2026-05-02 23:52:00.703989,mumbai,29.6,79.4,15.4,369.0,59.0,28.2,8.7,97,79
2026-05-02 23:52:02.010429,hyderabad,21.7,25.7,9.7,242.0,80.0,28.5,5.0,78,80
2026-05-02 23:52:03.307756,bangalore,55.1,64.0,31.6,313.0,47.0,21.3,7.0,100,91
2026-05-02 23:52:04.603509,kolkata,65.7,71.2,22.8,390.0,63.0,25.6,5.8,98,119
2026-05-03 11:49:30.858337,delhi,103.1,517.8,14.3,408.0,104.0,32.7,12.2,57,500
2026-05-03 11:49:31.773495,mumbai,28.9,93.8,12.6,179.0,61.0,31.1,12.7,97,93
2026-05-03 11:49:32.708115,hyderabad,17.4,24.6,8.8,229.0,66.0,38.0,8.3,89,66
2026-05-03 11:49:33.606710,bangalore,55.4,68.0,39.1,591.0,43.0,32.3,4.5,98,92
2026-05-03 11:49:34.507877,kolkata,44.0,48.3,28.5,487.0,34.0,25.5,13.8,99,73
2026-05-03 11:49:35.437084,chennai,8.0,10.7,7.5,157.0,41.0,34.4,17.6,94,41
2026-05-03 13:22:21.275134,delhi,103.1,517.8,14.3,408.0,104.0,32.1,11.5,57,500
2026-05-03 13:22:22.184118,mumbai,28.9,93.8,12.6,179.0,61.0,29.6,10.7,97,93
2026-05-03 13:22:23.116538,hyderabad,17.4,24.6,8.8,229.0,66.0,36.7,1.5,89,66
2026-05-03 13:22:24.016826,bangalore,55.4,68.0,39.1,591.0,43.0,29.2,3.6,98,92
2026-05-03 13:22:24.958541,kolkata,44.0,48.3,28.5,487.0,34.0,24.3,2.3,99,73
2026-05-03 13:22:25.880719,chennai,8.0,10.7,7.5,157.0,41.0,32.2,13.3,94,41
2026-05-03 14:53:33.602199,delhi,103.1,517.8,14.3,408.0,104.0,31.0,9.7,57,500
2026-05-03 14:53:34.376552,mumbai,28.9,93.8,12.6,179.0,61.0,29.1,10.9,97,93
2026-05-03 14:53:35.151507,hyderabad,17.4,24.6,8.8,229.0,66.0,35.2,4.1,89,66
2026-05-03 14:53:35.912054,bangalore,55.4,68.0,39.1,591.0,43.0,28.2,1.4,98,92
2026-05-03 14:53:36.759718,kolkata,44.0,48.3,28.5,487.0,34.0,24.5,5.4,99,73
2026-05-03 14:53:37.524010,chennai,8.0,10.7,7.5,157.0,41.0,31.2,13.2,94,41
2026-05-03 15:53:12.344191,delhi,103.1,517.8,14.3,387.0,104.0,30.2,9.9,57,500
2026-05-03 15:53:13.694560,mumbai,28.9,93.8,12.6,437.0,61.0,29.1,12.0,97,93
2026-05-03 15:53:15.012636,hyderabad,17.4,24.6,8.8,228.0,66.0,34.5,7.3,89,66
2026-05-03 15:53:16.370958,bangalore,55.4,68.0,39.1,442.0,43.0,27.4,3.7,98,92
2026-05-03 15:53:17.678011,kolkata,44.0,48.3,28.5,478.0,34.0,24.9,7.1,99,73
2026-05-03 16:57:25.612239,delhi,103.1,517.8,14.3,387.0,104.0,29.6,8.8,57,500
2026-05-03 16:57:26.624952,mumbai,28.9,93.8,12.6,437.0,61.0,29.0,12.4,97,93
2026-05-03 16:57:27.772898,hyderabad,17.4,24.6,8.8,228.0,66.0,32.6,10.2,89,66
2026-05-03 16:57:28.804857,bangalore,55.4,68.0,39.1,442.0,43.0,26.4,6.0,98,92
2026-05-03 16:57:29.850445,kolkata,44.0,48.3,28.5,478.0,34.0,25.4,7.9,99,73
2026-05-03 16:57:30.974558,chennai,8.0,10.7,7.5,200.0,41.0,30.4,16.3,94,41
2026-05-03 17:53:46.947964,delhi,103.1,517.8,14.3,387.0,104.0,29.0,8.0,57,500
2026-05-03 17:53:47.976451,mumbai,28.9,93.8,12.6,437.0,61.0,29.0,11.7,97,93
2026-05-03 17:53:49.017751,hyderabad,17.4,24.6,8.8,228.0,66.0,31.0,10.5,89,66
2026-05-03 17:53:50.068841,bangalore,55.4,68.0,39.1,442.0,43.0,25.4,8.7,98,92
2026-05-03 17:53:51.097996,kolkata,44.0,48.3,28.5,478.0,34.0,25.2,2.7,99,73
2026-05-03 17:53:52.146385,chennai,8.0,10.7,7.5,200.0,41.0,30.2,17.1,94,41
2026-05-03 19:07:11.412683,delhi,103.1,517.8,14.3,387.0,104.0,28.0,13.8,60,500
2026-05-03 19:07:12.183382,mumbai,28.9,93.8,12.6,437.0,61.0,28.8,11.3,97,93
2026-05-03 19:07:12.947019,hyderabad,17.4,24.6,8.8,228.0,66.0,29.1,11.1,72,66
2026-05-03 19:07:13.711470,bangalore,55.4,68.0,39.1,442.0,43.0,23.7,8.8,93,92
2026-05-03 19:07:14.477108,kolkata,44.0,48.3,28.5,478.0,34.0,26.2,3.7,93,73
2026-05-03 19:07:15.242186,chennai,8.0,10.7,7.5,200.0,41.0,30.4,16.6,92,41
2026-05-03 20:52:38.812457,delhi,103.1,517.8,14.3,387.0,104.0,26.9,13.4,60,500
2026-05-03 20:52:39.581293,mumbai,28.9,93.8,12.6,437.0,61.0,28.5,9.4,97,93
2026-05-03 20:52:40.379513,hyderabad,17.4,24.6,8.8,228.0,66.0,28.1,8.3,72,66
2026-05-03 20:52:41.146211,bangalore,55.4,68.0,39.1,442.0,43.0,22.4,10.6,93,92
2026-05-03 20:52:41.911543,kolkata,44.0,48.3,28.5,478.0,34.0,26.3,9.7,93,73
2026-05-03 20:52:42.672411,chennai,8.0,10.7,7.5,200.0,41.0,29.9,16.9,92,41
2026-05-03 21:50:44.965633,delhi,103.1,517.8,14.3,387.0,104.0,26.0,15.6,60,500
2026-05-03 21:50:46.094518,mumbai,28.9,93.8,12.6,437.0,61.0,28.4,9.0,97,93
2026-05-03 21:50:47.329438,hyderabad,17.4,24.6,8.8,228.0,66.0,27.6,7.7,72,66
2026-05-03 21:50:48.443414,bangalore,55.4,68.0,39.1,442.0,43.0,21.9,10.1,93,92
2026-05-03 21:50:49.563550,kolkata,44.0,48.3,28.5,478.0,34.0,26.2,8.7,93,73
2026-05-03 21:50:50.736391,chennai,8.0,10.7,7.5,200.0,41.0,29.8,14.3,92,41
2026-05-03 22:51:08.419596,delhi,75.7,326.9,15.6,387.0,91.0,25.0,7.0,60,276
2026-05-03 22:51:09.336656,mumbai,28.1,83.6,16.3,437.0,56.0,28.2,9.8,97,83
2026-05-03 22:51:10.246506,hyderabad,19.7,26.8,11.1,228.0,54.0,27.0,6.2,72,54
2026-05-03 22:51:11.174866,bangalore,71.2,84.3,58.4,442.0,23.0,21.3,9.4,93,137
2026-05-03 22:51:12.105800,kolkata,45.8,50.1,23.2,478.0,46.0,26.0,6.8,93,76
2026-05-03 22:51:13.046320,chennai,10.2,13.0,12.4,200.0,31.0,29.6,13.4,92,31
2026-05-03 23:53:54.590330,delhi,75.7,326.9,15.6,387.0,91.0,23.9,10.0,60,276
2026-05-03 23:53:55.895755,mumbai,28.1,83.6,16.3,437.0,56.0,28.2,10.5,97,83
2026-05-03 23:53:57.199547,hyderabad,19.7,26.8,11.1,228.0,54.0,26.6,5.2,72,54
2026-05-03 23:53:58.473572,bangalore,71.2,84.3,58.4,442.0,23.0,21.0,7.3,93,137
2026-05-03 23:53:59.771010,kolkata,45.8,50.1,23.2,478.0,46.0,25.9,7.7,93,76
2026-05-04 11:54:16.010726,delhi,87.8,377.2,17.8,438.0,88.0,29.6,7.6,53,334
2026-05-04 11:54:17.177303,mumbai,24.4,55.5,16.6,197.0,62.0,31.2,14.1,83,62
2026-05-04 11:54:18.294551,hyderabad,7.0,9.9,8.2,159.0,36.0,38.2,9.0,87,36
2026-05-04 11:54:19.417564,bangalore,29.9,32.0,17.4,325.0,54.0,33.5,9.4,96,54
2026-05-04 11:54:20.572246,kolkata,91.0,101.3,26.0,655.0,64.0,29.0,9.2,97,203
2026-05-04 11:54:21.702731,chennai,5.5,7.0,8.0,147.0,36.0,31.2,16.8,98,36
2026-05-04 14:13:45.453233,delhi,87.8,377.2,17.8,438.0,88.0,26.6,8.4,53,334
2026-05-04 14:13:46.230347,mumbai,24.4,55.5,16.6,197.0,62.0,29.7,10.6,83,62
2026-05-04 14:13:47.087835,hyderabad,7.0,9.9,8.2,159.0,36.0,35.8,11.2,87,36
2026-05-04 14:13:47.889656,bangalore,29.9,32.0,17.4,325.0,54.0,29.6,5.2,96,54
2026-05-04 14:13:48.678674,kolkata,91.0,101.3,26.0,655.0,64.0,26.9,8.5,97,203
2026-05-04 14:13:49.450135,chennai,5.5,7.0,8.0,147.0,36.0,30.5,14.7,98,36
2026-05-04 16:51:33.322142,delhi,87.8,377.2,17.8,424.0,88.0,24.8,8.3,53,334
2026-05-04 16:51:34.091946,mumbai,24.4,55.5,16.6,316.0,62.0,29.4,11.3,83,62
2026-05-04 16:51:34.938720,hyderabad,7.0,9.9,8.2,191.0,36.0,32.1,12.8,87,36
2026-05-04 16:51:35.702190,bangalore,29.9,32.0,17.4,269.0,54.0,25.4,8.5,96,54
2026-05-04 16:51:36.474993,kolkata,91.0,101.3,26.0,621.0,64.0,25.7,6.7,97,203
2026-05-04 16:51:37.252690,chennai,5.5,7.0,8.0,188.0,36.0,29.9,11.9,98,36
2026-05-04 18:18:49.758252,delhi,87.8,377.2,17.8,424.0,88.0,23.8,7.0,53,334
2026-05-04 18:18:50.529964,mumbai,24.4,55.5,16.6,316.0,62.0,29.1,9.9,83,62
2026-05-04 18:18:51.323919,hyderabad,7.0,9.9,8.2,191.0,36.0,29.3,11.5,87,36
2026-05-04 18:18:52.102670,bangalore,29.9,32.0,17.4,269.0,54.0,24.5,11.7,96,54
2026-05-04 18:18:52.881935,kolkata,91.0,101.3,26.0,621.0,64.0,25.4,5.4,97,203
2026-05-04 18:18:53.662828,chennai,5.5,7.0,8.0,188.0,36.0,29.6,12.5,98,36
2026-05-04 20:20:14.783383,delhi,87.8,377.2,17.8,424.0,88.0,23.0,6.7,55,334
2026-05-04 20:20:17.370986,mumbai,24.4,55.5,16.6,316.0,62.0,28.9,8.9,87,62
2026-05-04 20:38:50.343651,bangalore,29.9,32.0,17.4,269.0,54.0,23.5,7.8,95,54
2026-05-04 20:38:51.639435,kolkata,91.0,101.3,26.0,621.0,64.0,22.5,9.5,93,203
2026-05-04 20:38:52.963205,chennai,5.5,7.0,8.0,188.0,36.0,28.2,4.8,96,36
2026-05-04 22:06:51.247530,delhi,87.8,377.2,17.8,424.0,88.0,22.5,8.5,55,334
2026-05-04 22:06:52.182520,mumbai,24.4,55.5,16.6,316.0,62.0,28.5,9.2,87,62
2026-05-04 22:06:53.099410,hyderabad,7.0,9.9,8.2,191.0,36.0,27.0,9.8,89,36
2026-05-04 22:06:54.016023,bangalore,29.9,32.0,17.4,269.0,54.0,23.0,10.8,95,54
2026-05-04 22:06:54.936362,kolkata,91.0,101.3,26.0,621.0,64.0,22.9,2.4,93,203
2026-05-04 22:06:55.859905,chennai,5.5,7.0,8.0,188.0,36.0,28.2,4.8,96,36
2026-05-04 23:58:48.583993,delhi,74.5,305.5,16.4,424.0,93.0,22.2,10.4,55,255
2026-05-04 23:58:49.891138,mumbai,23.7,54.2,15.2,316.0,59.0,28.2,7.5,87,59
2026-05-04 23:58:51.186604,hyderabad,6.6,8.3,9.9,191.0,28.0,26.1,6.2,89,28
2026-05-04 23:58:52.509234,bangalore,17.5,17.6,11.8,269.0,55.0,22.5,9.2,95,55
2026-05-04 23:58:53.816438,kolkata,149.9,156.9,63.0,621.0,3.0,22.8,7.4,93,323
2026-05-05 11:19:05.097643,delhi,81.5,326.9,17.6,484.0,89.0,29.6,4.3,56,276
2026-05-05 11:19:06.233277,mumbai,29.5,79.6,21.4,225.0,62.0,31.6,13.3,80,79
2026-05-05 11:19:07.405143,hyderabad,7.1,7.4,10.6,182.0,35.0,37.7,10.7,90,35
2026-05-05 11:19:08.558360,bangalore,5.9,6.0,14.1,209.0,30.0,32.0,10.8,94,30
2026-05-05 11:19:09.699742,kolkata,105.9,115.3,22.1,717.0,85.0,28.9,4.1,100,253
2026-05-05 11:19:10.892587,chennai,3.4,4.2,5.4,134.0,47.0,31.5,15.5,96,47
2026-05-05 16:27:49.466772,delhi,81.5,326.9,17.6,451.0,89.0,23.0,3.0,56,276
2026-05-05 16:27:50.411851,mumbai,29.5,79.6,21.4,506.0,62.0,28.7,6.0,80,79
2026-05-05 16:27:51.407722,hyderabad,7.1,7.4,10.6,190.0,35.0,29.8,7.4,90,35
2026-05-05 16:27:52.442181,bangalore,5.9,6.0,14.1,253.0,30.0,26.9,8.5,94,30
2026-05-05 16:27:53.375900,kolkata,105.9,115.3,22.1,472.0,85.0,26.0,5.4,100,253
2026-05-05 16:27:54.314272,chennai,3.4,4.2,5.4,150.0,47.0,29.1,11.4,96,47
2026-05-05 18:14:04.873408,delhi,81.5,326.9,17.6,451.0,89.0,22.2,2.4,56,276
2026-05-05 18:14:05.684596,mumbai,29.5,79.6,21.4,506.0,62.0,28.3,1.7,80,79
2026-05-05 18:14:06.549202,hyderabad,7.1,7.4,10.6,190.0,35.0,28.8,8.8,90,35
2026-05-05 18:14:07.358555,bangalore,5.9,6.0,14.1,253.0,30.0,25.1,7.8,94,30
2026-05-05 18:14:08.162091,kolkata,105.9,115.3,22.1,472.0,85.0,25.6,5.6,100,253
2026-05-05 18:14:08.924479,chennai,3.4,4.2,5.4,150.0,47.0,29.0,11.0,96,47
2026-05-05 20:11:35.407429,delhi,81.5,326.9,17.6,451.0,89.0,21.8,0.5,56,276
2026-05-05 20:11:36.716971,mumbai,29.5,79.6,21.4,506.0,62.0,27.8,2.6,80,79
2026-05-05 20:11:38.012525,hyderabad,7.1,7.4,10.6,190.0,35.0,27.4,7.4,90,35
2026-05-05 20:11:39.301602,bangalore,5.9,6.0,14.1,253.0,30.0,23.1,4.8,94,30
2026-05-05 20:11:40.588303,kolkata,105.9,115.3,22.1,472.0,85.0,25.0,3.3,100,253
2026-05-05 22:04:19.886257,delhi,81.5,326.9,17.6,451.0,89.0,21.2,1.8,56,276
2026-05-05 22:04:21.201793,mumbai,29.5,79.6,21.4,506.0,62.0,27.4,4.5,80,79
2026-05-05 22:04:22.475085,hyderabad,7.1,7.4,10.6,190.0,35.0,26.0,7.4,90,35
2026-05-05 22:04:23.820650,bangalore,5.9,6.0,14.1,253.0,30.0,22.4,6.0,94,30
2026-05-05 22:04:25.126654,kolkata,105.9,115.3,22.1,472.0,85.0,24.6,3.1,100,253
2026-05-05 23:54:01.850398,delhi,87.3,379.0,17.7,451.0,94.0,21.6,2.3,54,336
2026-05-05 23:54:02.628118,mumbai,25.6,62.6,18.7,506.0,63.0,27.0,3.0,88,63
2026-05-05 23:54:03.396235,hyderabad,6.7,7.3,10.9,190.0,30.0,25.3,9.4,88,30
2026-05-05 23:54:04.168630,bangalore,14.9,15.0,15.0,253.0,40.0,22.8,3.6,100,40
2026-05-05 23:54:04.932841,kolkata,76.1,83.8,45.7,472.0,6.0,25.5,4.0,95,153
2026-05-05 23:54:05.708144,chennai,3.8,4.8,6.4,150.0,48.0,28.5,5.9,96,48
2026-05-06 11:51:57.624327,delhi,83.1,393.9,15.4,493.0,99.0,34.5,10.5,77,354
2026-05-06 11:51:58.568400,mumbai,27.9,62.9,21.3,213.0,63.0,31.4,17.7,87,63
2026-05-06 11:51:59.474417,hyderabad,5.6,6.8,8.8,162.0,30.0,34.5,7.9,87,30
2026-05-06 11:52:00.439653,bangalore,27.2,27.4,20.6,320.0,45.0,29.0,10.6,94,45
2026-05-06 11:52:01.366806,kolkata,59.5,68.5,35.6,665.0,13.0,26.5,5.9,92,99
2026-05-06 11:52:02.274951,chennai,8.4,9.4,12.5,215.0,32.0,29.6,12.1,93,32
2026-05-06 14:26:48.157082,delhi,83.1,393.9,15.4,493.0,99.0,31.2,9.7,77,354
2026-05-06 14:26:48.942113,mumbai,27.9,62.9,21.3,213.0,63.0,29.0,15.3,87,63
2026-05-06 14:26:49.759987,hyderabad,5.6,6.8,8.8,162.0,30.0,33.0,11.4,87,30
2026-05-06 14:26:50.543619,bangalore,27.2,27.4,20.6,320.0,45.0,26.1,12.3,94,45
2026-05-06 14:26:51.352192,kolkata,59.5,68.5,35.6,665.0,13.0,25.1,5.9,92,99
2026-05-06 14:26:52.156181,chennai,8.4,9.4,12.5,215.0,32.0,29.3,10.3,93,32
2026-05-06 16:46:27.330753,delhi,83.1,393.9,15.4,413.0,99.0,28.1,1.7,77,354
2026-05-06 16:46:28.392662,mumbai,27.9,62.9,21.3,293.0,63.0,28.5,7.3,87,63
2026-05-06 16:46:29.427343,hyderabad,5.6,6.8,8.8,205.0,30.0,31.4,9.1,87,30
2026-05-06 16:46:30.434601,bangalore,27.2,27.4,20.6,262.0,45.0,24.2,12.9,94,45
2026-05-06 16:46:31.499704,kolkata,59.5,68.5,35.6,508.0,13.0,24.6,4.9,92,99
2026-05-06 16:46:32.509294,chennai,8.4,9.4,12.5,246.0,32.0,29.2,8.4,93,32
2026-05-06 18:21:37.768019,delhi,83.1,393.9,15.4,413.0,99.0,27.4,9.6,77,354
2026-05-06 18:21:38.709756,mumbai,27.9,62.9,21.3,293.0,63.0,28.0,5.5,87,63
2026-05-06 18:21:39.728517,hyderabad,5.6,6.8,8.8,205.0,30.0,29.1,11.8,87,30
2026-05-06 18:21:40.662640,bangalore,27.2,27.4,20.6,262.0,45.0,23.5,10.7,94,45
2026-05-06 18:21:41.580060,kolkata,59.5,68.5,35.6,508.0,13.0,24.4,3.7,92,99
2026-05-06 18:21:42.498663,chennai,8.4,9.4,12.5,246.0,32.0,29.1,7.0,93,32
2026-05-06 20:27:12.144392,delhi,83.1,393.9,15.4,413.0,99.0,25.8,9.0,78,354
2026-05-06 20:27:13.180535,mumbai,27.9,62.9,21.3,293.0,63.0,27.4,3.0,85,63
2026-05-06 20:27:14.182240,hyderabad,5.6,6.8,8.8,205.0,30.0,27.4,9.8,76,30
2026-05-06 20:27:15.190179,bangalore,27.2,27.4,20.6,262.0,45.0,21.9,7.0,96,45
2026-05-06 20:27:16.233102,kolkata,59.5,68.5,35.6,508.0,13.0,24.0,4.7,91,99
2026-05-06 20:27:17.265337,chennai,8.4,9.4,12.5,246.0,32.0,28.8,6.7,89,32
2026-05-06 22:01:16.400499,delhi,83.1,393.9,15.4,413.0,99.0,25.6,8.1,78,354
2026-05-06 22:01:17.789255,mumbai,27.9,62.9,21.3,293.0,63.0,27.0,5.7,85,63
2026-05-06 22:01:19.204369,hyderabad,5.6,6.8,8.8,205.0,30.0,26.2,8.2,76,30
2026-05-06 22:01:20.623428,bangalore,27.2,27.4,20.6,262.0,45.0,21.6,7.8,96,45
2026-05-06 22:01:22.003465,kolkata,59.5,68.5,35.6,508.0,13.0,24.4,4.5,91,99
2026-05-06 23:54:55.443528,delhi,73.8,327.8,15.2,413.0,94.0,24.8,9.2,78,277
2026-05-06 23:54:56.657993,mumbai,35.5,71.2,31.4,293.0,52.0,26.5,3.3,85,71
2026-05-06 23:54:57.893840,hyderabad,5.5,6.3,9.0,205.0,32.0,25.5,5.9,76,32
2026-05-06 23:54:59.097265,bangalore,19.6,19.6,14.1,262.0,48.0,21.1,6.6,96,48
2026-05-06 23:55:00.369695,kolkata,96.4,105.2,42.7,508.0,28.0,24.8,5.7,91,221
2026-05-07 11:52:19.035540,delhi,84.5,393.0,14.2,465.0,100.0,29.8,14.4,87,353
2026-05-07 11:52:19.818972,mumbai,30.9,60.1,26.5,238.0,55.0,32.0,14.9,81,60
2026-05-07 11:52:20.640230,hyderabad,5.3,7.5,9.4,164.0,30.0,34.8,8.7,82,30
2026-05-07 11:52:21.427163,bangalore,24.9,25.4,19.0,286.0,40.0,31.6,8.7,97,41
2026-05-07 11:52:22.285034,kolkata,73.6,85.7,31.7,663.0,24.0,28.8,3.7,92,145
2026-05-07 11:52:23.142308,chennai,9.9,11.1,10.6,225.0,30.0,30.6,12.5,93,30
2026-05-07 14:27:34.271273,delhi,84.5,393.0,14.2,465.0,100.0,27.4,10.1,87,353
2026-05-07 14:27:35.399930,mumbai,30.9,60.1,26.5,238.0,55.0,29.7,11.6,81,60
2026-05-07 14:27:36.532723,hyderabad,5.3,7.5,9.4,164.0,30.0,32.2,10.1,82,30
2026-05-07 14:27:37.699091,bangalore,24.9,25.4,19.0,286.0,40.0,28.6,4.8,97,41
2026-05-07 14:27:38.825578,kolkata,73.6,85.7,31.7,663.0,24.0,26.9,0.7,92,145
2026-05-07 14:27:39.981055,chennai,9.9,11.1,10.6,225.0,30.0,29.8,11.2,93,30
2026-05-07 16:55:54.345712,delhi,84.5,393.0,14.2,433.0,100.0,24.9,11.8,87,353
2026-05-07 16:55:55.441518,mumbai,30.9,60.1,26.5,297.0,55.0,29.0,11.3,81,60
2026-05-07 16:55:56.486927,hyderabad,5.3,7.5,9.4,172.0,30.0,29.4,9.3,82,30
2026-05-07 16:55:57.540192,bangalore,24.9,25.4,19.0,273.0,40.0,25.6,7.8,97,41
2026-05-07 16:55:58.626453,kolkata,73.6,85.7,31.7,516.0,24.0,26.5,3.5,92,145
2026-05-07 16:55:59.715409,chennai,9.9,11.1,10.6,248.0,30.0,29.7,10.9,93,30
2026-05-07 18:49:08.389858,delhi,84.5,393.0,14.2,433.0,100.0,23.9,11.1,74,353
2026-05-07 18:49:09.541469,mumbai,30.9,60.1,26.5,297.0,55.0,28.4,3.8,87,60
2026-05-07 18:49:10.721516,hyderabad,5.3,7.5,9.4,172.0,30.0,27.7,7.3,82,30
2026-05-07 18:49:11.898873,bangalore,24.9,25.4,19.0,273.0,40.0,24.1,8.5,99,41
2026-05-07 18:49:13.156893,kolkata,73.6,85.7,31.7,516.0,24.0,23.6,5.1,91,145
2026-05-07 18:49:14.321899,chennai,9.9,11.1,10.6,248.0,30.0,29.7,9.7,96,30
2026-05-07 20:18:17.846370,delhi,84.5,393.0,14.2,433.0,100.0,23.0,8.9,74,353
2026-05-07 20:18:19.116747,mumbai,30.9,60.1,26.5,297.0,55.0,28.1,3.1,87,60
2026-05-07 20:18:20.414419,hyderabad,5.3,7.5,9.4,172.0,30.0,27.0,7.0,82,30
2026-05-07 20:18:21.800531,bangalore,24.9,25.4,19.0,273.0,40.0,23.2,8.5,99,41
2026-05-07 20:18:23.076526,kolkata,73.6,85.7,31.7,516.0,24.0,23.3,4.3,91,145
2026-05-07 22:04:52.221967,delhi,84.5,393.0,14.2,433.0,100.0,22.2,8.9,74,353
2026-05-07 22:04:53.558644,mumbai,30.9,60.1,26.5,297.0,55.0,27.8,3.8,87,60
2026-05-07 22:04:54.907869,hyderabad,5.3,7.5,9.4,172.0,30.0,26.4,5.9,82,30
2026-05-07 22:04:56.185508,bangalore,24.9,25.4,19.0,273.0,40.0,22.4,6.0,99,41
2026-05-07 22:04:57.448408,kolkata,73.6,85.7,31.7,516.0,24.0,22.9,1.5,91,145
2026-05-07 23:57:14.851734,delhi,88.9,421.0,13.5,433.0,103.0,21.9,9.2,74,388
2026-05-07 23:57:16.128648,mumbai,29.7,61.9,25.4,297.0,55.0,27.5,2.8,87,61
2026-05-07 23:57:17.409836,hyderabad,7.9,13.4,10.6,172.0,39.0,25.2,4.4,82,39
2026-05-07 23:57:18.709413,bangalore,20.4,20.7,12.3,273.0,46.0,22.0,6.1,99,46
2026-05-07 23:57:19.983384,kolkata,55.6,60.3,26.7,516.0,20.0,23.5,0.4,91,92
2026-05-08 12:11:08.738418,delhi,96.9,450.8,11.8,472.0,116.0,30.8,8.3,66,500
2026-05-08 12:11:09.521745,mumbai,24.4,39.7,16.3,195.0,72.0,31.9,16.5,83,72
2026-05-08 12:11:10.346146,hyderabad,7.1,11.7,10.8,174.0,32.0,33.1,10.5,83,32
2026-05-08 12:11:11.131886,bangalore,19.6,20.4,27.7,356.0,28.0,27.0,13.0,93,34
2026-05-08 12:11:11.922431,kolkata,19.7,22.3,13.3,281.0,30.0,25.4,3.8,88,32
2026-05-08 12:11:12.784366,chennai,12.7,14.0,11.1,252.0,30.0,29.5,12.8,95,30
2026-05-08 14:55:19.033596,delhi,96.9,450.8,11.8,472.0,116.0,28.7,8.3,66,500
2026-05-08 14:55:20.332973,mumbai,24.4,39.7,16.3,195.0,72.0,29.6,12.2,83,72
2026-05-08 14:55:21.641287,hyderabad,7.1,11.7,10.8,174.0,32.0,29.9,15.3,83,32
2026-05-08 14:55:22.911865,bangalore,19.6,20.4,27.7,356.0,28.0,25.4,9.2,93,34
2026-05-08 14:55:24.220848,kolkata,19.7,22.3,13.3,281.0,30.0,24.6,0.5,88,32
2026-05-08 16:18:25.073121,delhi,96.9,450.8,11.8,454.0,116.0,27.5,9.0,66,500
2026-05-08 16:18:26.349586,mumbai,24.4,39.7,16.3,406.0,72.0,29.5,6.2,83,72
2026-05-08 16:18:27.654748,hyderabad,7.1,11.7,10.8,165.0,32.0,27.9,10.6,83,32
2026-05-08 16:18:28.930256,bangalore,19.6,20.4,27.7,268.0,28.0,24.6,8.5,93,34
2026-05-08 16:18:30.206369,kolkata,19.7,22.3,13.3,303.0,30.0,24.6,4.8,88,32
2026-05-08 16:18:31.499892,chennai,12.7,14.0,11.1,135.0,30.0,28.0,9.0,95,30
2026-05-08 18:12:59.804620,delhi,96.9,450.8,11.8,454.0,116.0,26.5,6.9,66,500
2026-05-08 18:13:00.838416,mumbai,24.4,39.7,16.3,406.0,72.0,29.1,4.2,83,72
2026-05-08 18:13:01.869533,hyderabad,7.1,11.7,10.8,165.0,32.0,27.2,7.8,83,32
2026-05-08 18:13:02.890664,bangalore,19.6,20.4,27.7,268.0,28.0,24.0,8.8,93,34
2026-05-08 18:13:03.891615,kolkata,19.7,22.3,13.3,303.0,30.0,24.6,3.9,88,32
2026-05-08 18:13:04.934123,chennai,12.7,14.0,11.1,135.0,30.0,28.0,7.4,95,30
2026-05-08 20:08:46.362245,delhi,96.9,450.8,11.8,454.0,116.0,25.9,6.5,69,500
2026-05-08 20:08:47.506736,mumbai,24.4,39.7,16.3,406.0,72.0,28.5,6.5,81,72
2026-05-08 20:08:48.612076,hyderabad,7.1,11.7,10.8,165.0,32.0,26.5,5.3,76,32
2026-05-08 20:08:49.759193,bangalore,19.6,20.4,27.7,268.0,28.0,22.5,7.6,98,34
2026-05-08 20:08:50.905549,kolkata,19.7,22.3,13.3,303.0,30.0,25.8,0.4,88,32
2026-05-08 20:08:52.025881,chennai,12.7,14.0,11.1,135.0,30.0,28.1,2.0,92,30
2026-05-08 22:01:46.502424,delhi,96.9,450.8,11.8,454.0,116.0,24.6,6.6,69,500
2026-05-08 22:01:47.736783,mumbai,24.4,39.7,16.3,406.0,72.0,27.8,6.2,81,72
2026-05-08 22:01:48.989901,hyderabad,7.1,11.7,10.8,165.0,32.0,25.7,3.9,76,32
2026-05-08 22:01:50.225476,bangalore,19.6,20.4,27.7,268.0,28.0,21.6,4.5,98,34
2026-05-08 22:01:51.443729,kolkata,19.7,22.3,13.3,303.0,30.0,25.1,2.3,88,32
2026-05-08 22:01:52.680582,chennai,12.7,14.0,11.1,135.0,30.0,27.5,2.4,92,30
2026-05-08 23:59:19.931614,delhi,98.7,482.4,11.5,454.0,113.0,23.6,7.8,69,500
2026-05-08 23:59:20.851377,mumbai,27.8,43.3,19.8,406.0,63.0,27.4,5.0,81,63
2026-05-08 23:59:21.762178,hyderabad,9.7,17.2,11.2,165.0,40.0,24.9,5.3,76,40
2026-05-08 23:59:22.672835,bangalore,27.1,29.2,38.0,268.0,23.0,21.3,6.4,98,47
2026-05-08 23:59:23.717500,kolkata,20.4,24.4,13.8,303.0,29.0,25.2,0.9,88,33
2026-05-08 23:59:24.644518,chennai,10.1,11.9,10.5,135.0,26.0,27.0,4.3,92,26
2026-05-09 11:54:22.439757,delhi,115.9,303.6,68.8,1164.0,20.0,35.3,10.1,30,286
2026-05-09 11:54:23.554524,mumbai,23.0,37.5,13.0,182.0,69.0,33.8,15.7,84,69
2026-05-09 11:54:24.554107,hyderabad,12.5,18.6,11.1,199.0,52.0,35.0,10.4,81,52
2026-05-09 11:54:25.576723,bangalore,36.3,44.2,45.2,587.0,38.0,26.9,16.2,97,60
2026-05-09 11:54:26.589972,kolkata,17.4,21.0,11.4,238.0,30.0,27.5,8.1,88,30
2026-05-09 11:54:27.716426,chennai,8.3,10.1,13.4,193.0,27.0,28.2,11.4,92,27
2026-05-09 13:27:11.303069,delhi,115.9,303.6,68.8,1164.0,20.0,33.4,10.0,30,286
2026-05-09 13:27:12.260292,mumbai,23.0,37.5,13.0,182.0,69.0,32.0,11.7,84,69
2026-05-09 13:27:13.224427,hyderabad,12.5,18.6,11.1,199.0,52.0,33.4,8.9,81,52
2026-05-09 13:27:14.195308,bangalore,36.3,44.2,45.2,587.0,38.0,24.9,8.1,97,60
2026-05-09 13:27:15.139319,kolkata,17.4,21.0,11.4,238.0,30.0,26.8,2.5,88,30
2026-05-09 13:27:16.199067,chennai,8.3,10.1,13.4,193.0,27.0,28.1,6.6,92,27
2026-05-09 14:56:40.820054,delhi,115.9,303.6,68.8,1164.0,20.0,31.1,8.5,30,286
2026-05-09 14:56:41.588459,mumbai,23.0,37.5,13.0,182.0,69.0,31.0,7.7,84,69
2026-05-09 14:56:42.361213,hyderabad,12.5,18.6,11.1,199.0,52.0,32.5,9.0,81,52
2026-05-09 14:56:43.120442,bangalore,36.3,44.2,45.2,587.0,38.0,23.6,8.3,97,60
2026-05-09 14:56:43.884853,kolkata,17.4,21.0,11.4,238.0,30.0,26.2,2.7,88,30
2026-05-09 14:56:44.650155,chennai,8.3,10.1,13.4,193.0,27.0,28.0,5.1,92,27
2026-05-09 15:59:30.540245,delhi,115.9,303.6,68.8,1750.0,20.0,30.0,8.1,30,286
2026-05-09 15:59:31.474974,mumbai,23.0,37.5,13.0,282.0,69.0,30.7,4.4,84,69
2026-05-09 15:59:32.401976,hyderabad,12.5,18.6,11.1,194.0,52.0,31.6,9.3,81,52
2026-05-09 15:59:33.310665,bangalore,36.3,44.2,45.2,393.0,38.0,23.0,5.7,97,60
2026-05-09 15:59:34.218674,kolkata,17.4,21.0,11.4,177.0,30.0,26.1,4.3,88,30
2026-05-09 15:59:35.111830,chennai,8.3,10.1,13.4,145.0,27.0,27.8,4.2,92,27
2026-05-09 17:06:30.908791,delhi,115.9,303.6,68.8,1750.0,20.0,29.0,8.1,30,286
2026-05-09 17:06:31.707956,mumbai,23.0,37.5,13.0,282.0,69.0,30.5,5.7,84,69
2026-05-09 17:06:32.466657,hyderabad,12.5,18.6,11.1,194.0,52.0,30.4,9.8,81,52
2026-05-09 17:06:33.238643,bangalore,36.3,44.2,45.2,393.0,38.0,22.5,3.7,97,60
2026-05-09 17:06:34.032686,kolkata,17.4,21.0,11.4,177.0,30.0,22.8,18.8,88,30
2026-05-09 17:06:34.809533,chennai,8.3,10.1,13.4,145.0,27.0,27.6,2.1,92,27
2026-05-09 19:10:35.725239,delhi,115.9,303.6,68.8,1750.0,20.0,27.5,6.7,31,286
2026-05-09 19:10:36.519350,mumbai,23.0,37.5,13.0,282.0,69.0,29.0,7.3,90,69
2026-05-09 19:10:37.276565,hyderabad,12.5,18.6,11.1,194.0,52.0,28.8,8.2,48,52
2026-05-09 19:10:38.073480,bangalore,36.3,44.2,45.2,393.0,38.0,22.0,5.3,88,60
2026-05-09 19:10:38.839787,kolkata,17.4,21.0,11.4,177.0,30.0,26.0,4.4,89,30
2026-05-09 19:10:39.600226,chennai,8.3,10.1,13.4,145.0,27.0,26.1,7.6,87,27
2026-05-09 20:51:51.328546,delhi,115.9,303.6,68.8,1750.0,20.0,26.5,6.5,31,286
2026-05-09 20:51:52.116193,mumbai,23.0,37.5,13.0,282.0,69.0,28.3,6.2,90,69
2026-05-09 20:51:52.904073,hyderabad,12.5,18.6,11.1,194.0,52.0,26.8,8.0,48,52
2026-05-09 20:51:53.698365,bangalore,36.3,44.2,45.2,393.0,38.0,21.4,1.5,88,60
2026-05-09 20:51:54.517496,kolkata,17.4,21.0,11.4,177.0,30.0,25.5,4.2,89,30
2026-05-09 20:51:55.308332,chennai,8.3,10.1,13.4,145.0,27.0,26.5,7.3,87,27
2026-05-09 21:52:05.813653,delhi,115.9,303.6,68.8,1750.0,20.0,26.3,6.6,31,286
2026-05-09 21:52:06.809054,mumbai,23.0,37.5,13.0,282.0,69.0,27.7,2.6,90,69
2026-05-09 21:52:07.724732,hyderabad,12.5,18.6,11.1,194.0,52.0,25.9,7.6,48,52
2026-05-09 21:52:08.616857,bangalore,36.3,44.2,45.2,393.0,38.0,21.2,1.9,88,60
2026-05-09 21:52:09.523922,kolkata,17.4,21.0,11.4,177.0,30.0,25.0,3.8,89,30
2026-05-09 21:52:10.431795,chennai,8.3,10.1,13.4,145.0,27.0,26.6,3.9,87,27
2026-05-09 22:52:49.887640,delhi,119.7,304.5,80.0,1750.0,25.0,26.0,6.2,31,299
2026-05-09 22:52:51.162589,mumbai,26.0,44.9,14.3,282.0,64.0,27.3,1.8,90,64
2026-05-09 22:52:52.435684,hyderabad,13.0,18.2,12.0,194.0,41.0,25.2,7.2,48,41
2026-05-09 22:52:53.711067,bangalore,23.5,27.6,27.9,393.0,40.0,21.1,4.5,88,40
2026-05-09 22:52:54.955021,kolkata,13.3,17.2,8.3,177.0,42.0,24.9,4.0,89,42
2026-05-09 22:52:56.178609,chennai,6.0,7.9,8.9,145.0,45.0,26.5,6.3,87,45
2026-05-09 23:54:45.877416,delhi,119.7,304.5,80.0,1750.0,25.0,25.5,6.1,31,299
2026-05-09 23:54:46.643506,mumbai,26.0,44.9,14.3,282.0,64.0,27.0,1.7,90,64
2026-05-09 23:54:47.487437,hyderabad,13.0,18.2,12.0,194.0,41.0,24.9,6.2,48,41
2026-05-09 23:54:48.252222,bangalore,23.5,27.6,27.9,393.0,40.0,20.8,6.2,88,40
2026-05-09 23:54:49.016665,kolkata,13.3,17.2,8.3,177.0,42.0,25.0,3.9,89,42
2026-05-09 23:54:49.783906,chennai,6.0,7.9,8.9,145.0,45.0,26.0,6.1,87,45
2026-05-10 11:56:20.063015,delhi,110.6,464.7,34.1,671.0,44.0,36.5,13.1,23,500
2026-05-10 11:56:20.841021,mumbai,23.1,34.1,9.9,181.0,69.0,35.2,18.4,82,69
2026-05-10 11:56:21.623740,hyderabad,22.2,33.5,11.6,260.0,61.0,36.0,8.8,54,61
2026-05-10 11:56:22.401492,bangalore,30.7,43.2,12.9,314.0,70.0,32.5,16.3,99,70
2026-05-10 11:56:23.177406,kolkata,6.5,7.7,5.3,153.0,42.0,28.2,5.0,89,42
2026-05-10 11:56:23.953221,chennai,11.1,12.1,28.8,257.0,13.0,30.0,12.7,73,36
2026-05-10 13:46:08.759086,delhi,110.6,464.7,34.1,671.0,44.0,33.1,11.4,23,500
2026-05-10 13:46:10.008146,mumbai,23.1,34.1,9.9,181.0,69.0,32.2,14.1,82,69
2026-05-10 13:46:11.255371,hyderabad,22.2,33.5,11.6,260.0,61.0,33.8,8.5,54,61
2026-05-10 13:46:12.481871,bangalore,30.7,43.2,12.9,314.0,70.0,27.6,11.9,99,70
2026-05-10 13:46:13.740102,kolkata,6.5,7.7,5.3,153.0,42.0,26.3,2.6,89,42
2026-05-10 13:46:14.976762,chennai,11.1,12.1,28.8,257.0,13.0,29.3,9.0,73,36
2026-05-10 14:58:00.201271,delhi,110.6,464.7,34.1,671.0,44.0,32.1,7.6,23,500
2026-05-10 14:58:01.187462,mumbai,23.1,34.1,9.9,181.0,69.0,31.9,14.3,82,69
2026-05-10 14:58:02.211275,hyderabad,22.2,33.5,11.6,260.0,61.0,33.3,8.3,54,61
2026-05-10 14:58:03.239487,bangalore,30.7,43.2,12.9,314.0,70.0,26.5,10.7,99,70
2026-05-10 14:58:04.233386,kolkata,6.5,7.7,5.3,153.0,42.0,26.0,2.8,89,42
2026-05-10 14:58:05.225690,chennai,11.1,12.1,28.8,257.0,13.0,29.2,9.0,73,36
2026-05-10 16:02:10.264104,delhi,110.6,464.7,34.1,477.0,44.0,30.8,8.4,23,500
2026-05-10 16:02:11.052370,mumbai,23.1,34.1,9.9,345.0,69.0,31.5,14.7,82,69
2026-05-10 16:02:11.919374,hyderabad,22.2,33.5,11.6,261.0,61.0,32.4,8.6,54,61
2026-05-10 16:02:12.698863,bangalore,30.7,43.2,12.9,337.0,70.0,25.6,9.7,99,70
2026-05-10 16:02:13.484649,kolkata,6.5,7.7,5.3,170.0,42.0,25.6,4.4,89,42
2026-05-10 16:02:14.264132,chennai,11.1,12.1,28.8,302.0,13.0,29.0,7.5,73,36
2026-05-10 17:54:40.994190,delhi,110.6,464.7,34.1,477.0,44.0,29.3,8.2,23,500
2026-05-10 17:54:42.186677,mumbai,23.1,34.1,9.9,345.0,69.0,31.0,11.1,82,69
2026-05-10 17:54:43.423567,hyderabad,22.2,33.5,11.6,261.0,61.0,29.5,12.9,54,61
2026-05-10 17:54:44.654531,bangalore,30.7,43.2,12.9,337.0,70.0,23.7,9.6,99,70
2026-05-10 17:54:45.859118,kolkata,6.5,7.7,5.3,170.0,42.0,25.0,5.4,89,42
2026-05-10 17:54:47.119644,chennai,11.1,12.1,28.8,302.0,13.0,28.4,2.7,73,36
2026-05-10 19:12:08.955619,delhi,110.6,464.7,34.1,477.0,44.0,28.9,7.4,26,500
2026-05-10 19:12:09.851852,mumbai,23.1,34.1,9.9,345.0,69.0,29.5,2.8,91,69
2026-05-10 19:12:10.791209,hyderabad,22.2,33.5,11.6,261.0,61.0,27.4,11.3,53,61
2026-05-10 19:12:11.742157,bangalore,30.7,43.2,12.9,337.0,70.0,23.0,9.5,95,70
2026-05-10 19:12:12.673397,kolkata,6.5,7.7,5.3,170.0,42.0,25.3,5.8,90,42
2026-05-10 19:12:13.604347,chennai,11.1,12.1,28.8,302.0,13.0,28.1,2.0,82,36
2026-05-10 20:54:46.872236,delhi,110.6,464.7,34.1,477.0,44.0,27.9,7.1,26,500
2026-05-10 20:54:48.015574,mumbai,23.1,34.1,9.9,345.0,69.0,28.8,1.8,91,69
2026-05-10 20:54:49.200543,hyderabad,22.2,33.5,11.6,261.0,61.0,26.1,9.7,53,61
2026-05-10 20:54:50.330420,bangalore,30.7,43.2,12.9,337.0,70.0,21.8,7.2,95,70
2026-05-10 20:54:51.481935,kolkata,6.5,7.7,5.3,170.0,42.0,24.6,4.2,90,42
2026-05-10 20:54:52.591640,chennai,11.1,12.1,28.8,302.0,13.0,27.1,3.1,82,36
2026-05-10 21:53:36.272931,delhi,110.6,464.7,34.1,477.0,44.0,27.4,7.4,26,500
2026-05-10 21:53:37.047959,mumbai,23.1,34.1,9.9,345.0,69.0,28.8,4.8,91,69
2026-05-10 21:53:37.817478,hyderabad,22.2,33.5,11.6,261.0,61.0,25.6,7.6,53,61
2026-05-10 21:53:38.602514,bangalore,30.7,43.2,12.9,337.0,70.0,21.4,6.9,95,70
2026-05-10 21:53:39.374332,kolkata,6.5,7.7,5.3,170.0,42.0,24.6,3.8,90,42
2026-05-10 21:53:40.227699,chennai,11.1,12.1,28.8,302.0,13.0,26.6,5.2,82,36
2026-05-10 22:54:08.131253,delhi,110.6,464.7,34.1,477.0,44.0,26.8,9.2,26,500
2026-05-10 22:54:08.945703,mumbai,23.1,34.1,9.9,345.0,69.0,28.6,4.6,91,69
2026-05-10 22:54:09.728891,hyderabad,22.2,33.5,11.6,261.0,61.0,25.2,7.0,53,61
2026-05-10 22:54:10.508552,bangalore,30.7,43.2,12.9,337.0,70.0,21.1,5.6,95,70
2026-05-10 22:54:11.302640,kolkata,6.5,7.7,5.3,170.0,42.0,24.5,4.2,90,42
2026-05-10 22:54:12.108925,chennai,11.1,12.1,28.8,302.0,13.0,26.2,6.5,82,36
2026-05-10 23:57:19.575395,delhi,110.6,464.7,34.1,477.0,44.0,27.2,9.2,26,500
2026-05-10 23:57:20.350859,mumbai,23.1,34.1,9.9,345.0,69.0,28.8,3.9,91,69
2026-05-10 23:57:21.124822,hyderabad,22.2,33.5,11.6,261.0,61.0,25.1,6.4,53,61
2026-05-10 23:57:21.904439,bangalore,30.7,43.2,12.9,337.0,70.0,21.5,3.3,95,70
2026-05-10 23:57:22.679060,kolkata,6.5,7.7,5.3,170.0,42.0,22.6,3.5,90,42
2026-05-10 23:57:23.451804,chennai,11.1,12.1,28.8,302.0,13.0,26.9,6.5,82,36
2026-05-11 12:15:28.810728,delhi,172.8,756.2,19.0,408.0,76.0,36.8,6.7,25,500
2026-05-11 12:15:29.728949,mumbai,13.2,20.3,6.0,121.0,50.0,32.1,17.7,92,50
2026-05-11 12:15:30.650134,hyderabad,43.1,55.3,8.1,307.0,96.0,35.1,11.7,55,96
2026-05-11 12:15:31.568070,bangalore,23.9,34.7,16.8,327.0,68.0,31.2,19.6,98,68
2026-05-11 12:15:32.500848,kolkata,7.7,9.7,5.7,164.0,45.0,28.6,4.5,93,45
2026-05-11 12:15:33.422851,chennai,17.9,27.7,18.5,240.0,54.0,30.0,13.1,75,54
2026-05-11 15:59:03.002988,delhi,172.8,756.2,19.0,497.0,76.0,32.3,6.3,25,500
2026-05-11 15:59:03.963871,mumbai,13.2,20.3,6.0,176.0,50.0,30.2,7.5,92,50
2026-05-11 15:59:04.880158,hyderabad,43.1,55.3,8.1,284.0,96.0,32.2,9.3,55,96
2026-05-11 15:59:05.838218,bangalore,23.9,34.7,16.8,421.0,68.0,28.2,5.7,98,68
2026-05-11 15:59:06.780874,kolkata,7.7,9.7,5.7,152.0,45.0,26.9,7.9,93,45
2026-05-11 15:59:07.719915,chennai,17.9,27.7,18.5,360.0,54.0,29.1,8.9,75,54
2026-05-11 18:01:32.119477,delhi,172.8,756.2,19.0,497.0,76.0,30.1,9.0,25,500
2026-05-11 18:01:33.864520,mumbai,13.2,20.3,6.0,176.0,50.0,29.9,3.2,92,50
2026-05-11 18:01:35.563561,hyderabad,43.1,55.3,8.1,284.0,96.0,30.0,9.3,55,96
2026-05-11 18:01:37.215699,bangalore,23.9,34.7,16.8,421.0,68.0,26.9,7.9,98,68
2026-05-11 18:20:14.631886,chennai,17.9,27.7,18.5,360.0,54.0,28.8,5.1,75,54
2026-05-11 20:48:54.458540,delhi,172.8,756.2,19.0,497.0,76.0,28.9,7.1,27,500
2026-05-11 20:48:55.730695,mumbai,13.2,20.3,6.0,176.0,50.0,28.8,2.6,89,50
2026-05-11 20:48:57.013544,hyderabad,43.1,55.3,8.1,284.0,96.0,27.0,8.2,53,96
2026-05-11 20:48:58.300345,bangalore,23.9,34.7,16.8,421.0,68.0,23.2,9.6,99,68
2026-05-11 20:48:59.613354,kolkata,7.7,9.7,5.7,152.0,45.0,25.5,5.8,95,45
2026-05-11 22:10:57.588193,delhi,172.8,756.2,19.0,497.0,76.0,28.4,7.3,27,500
2026-05-11 22:10:58.390436,mumbai,13.2,20.3,6.0,176.0,50.0,28.3,2.5,89,50
2026-05-11 22:10:59.192579,hyderabad,43.1,55.3,8.1,284.0,96.0,26.4,6.4,53,96
2026-05-11 22:10:59.976382,bangalore,23.9,34.7,16.8,421.0,68.0,22.2,5.6,99,68
2026-05-11 22:11:00.785492,kolkata,7.7,9.7,5.7,152.0,45.0,25.1,3.9,95,45
2026-05-11 22:11:01.553318,chennai,17.9,27.7,18.5,360.0,54.0,27.5,2.2,81,54
2026-05-12 13:07:38.490971,delhi,95.5,432.1,19.3,361.0,70.0,33.7,6.9,21,500
2026-05-12 13:07:40.305308,mumbai,12.7,32.9,8.1,126.0,41.0,31.0,15.5,80,41
2026-05-12 13:07:41.579137,hyderabad,26.6,41.4,11.5,293.0,69.0,32.2,6.9,52,69
2026-05-12 13:07:42.919226,bangalore,33.1,46.8,20.3,421.0,63.0,30.0,12.8,100,63
2026-05-12 13:07:44.849088,kolkata,11.0,18.3,6.3,159.0,36.0,28.9,8.4,91,36
2026-05-12 16:23:46.754442,delhi,95.5,432.1,19.3,416.0,70.0,31.1,4.7,21,500
2026-05-12 16:23:47.686585,mumbai,12.7,32.9,8.1,236.0,41.0,29.9,7.7,80,41
2026-05-12 16:23:48.676783,hyderabad,26.6,41.4,11.5,290.0,69.0,30.2,7.1,52,69
2026-05-12 16:23:49.605465,bangalore,33.1,46.8,20.3,349.0,63.0,27.1,9.1,100,63
2026-05-12 16:23:50.546372,kolkata,11.0,18.3,6.3,159.0,36.0,27.3,8.2,91,36
2026-05-12 16:23:51.528162,chennai,14.7,20.4,12.0,327.0,74.0,29.6,8.2,63,74
2026-05-12 19:00:23.822377,delhi,95.5,432.1,19.3,416.0,70.0,29.2,5.9,21,500
2026-05-12 19:17:40.108366,hyderabad,26.6,41.4,11.5,290.0,69.0,28.0,8.9,52,69
2026-05-12 19:17:41.074136,bangalore,33.1,46.8,20.3,349.0,63.0,25.1,6.2,100,63
2026-05-12 19:17:42.049005,kolkata,11.0,18.3,6.3,159.0,36.0,26.5,9.6,91,36
2026-05-12 19:17:43.059071,chennai,14.7,20.4,12.0,327.0,74.0,29.0,5.2,63,74
2026-05-12 20:47:36.537835,delhi,95.5,432.1,19.3,416.0,70.0,28.2,8.4,24,500
2026-05-12 20:47:37.686852,mumbai,12.7,32.9,8.1,236.0,41.0,29.5,2.3,87,41
2026-05-12 20:47:38.875031,hyderabad,26.6,41.4,11.5,290.0,69.0,27.8,8.4,67,69
2026-05-12 20:47:39.928868,bangalore,33.1,46.8,20.3,349.0,63.0,24.6,4.8,100,63
2026-05-12 20:47:40.945719,kolkata,11.0,18.3,6.3,159.0,36.0,26.8,8.1,92,36
2026-05-12 20:47:42.003775,chennai,14.7,20.4,12.0,327.0,74.0,28.8,4.5,81,74
2026-05-12 22:15:52.124359,delhi,95.5,432.1,19.3,416.0,70.0,27.6,9.2,24,500
2026-05-12 22:15:53.330242,mumbai,12.7,32.9,8.1,236.0,41.0,29.4,6.2,87,41
2026-05-12 22:15:54.530157,hyderabad,26.6,41.4,11.5,290.0,69.0,27.0,6.5,67,69
2026-05-12 22:15:55.720288,bangalore,33.1,46.8,20.3,349.0,63.0,23.7,2.3,100,63
2026-05-12 22:15:56.947973,kolkata,11.0,18.3,6.3,159.0,36.0,26.6,8.9,92,36
2026-05-12 22:15:58.130688,chennai,14.7,20.4,12.0,327.0,74.0,28.1,6.2,81,74
2026-05-13 13:20:14.488973,delhi,201.2,786.0,15.8,362.0,75.0,35.8,4.6,32,500
2026-05-13 13:20:16.658139,mumbai,29.6,77.3,15.5,158.0,50.0,30.0,13.1,74,77
2026-05-13 13:20:18.384596,hyderabad,20.5,22.6,11.7,254.0,61.0,34.8,6.7,44,61
2026-05-13 13:37:16.246793,kolkata,13.5,17.9,8.1,204.0,52.0,25.1,3.8,91,52
2026-05-13 13:37:17.061488,chennai,11.7,14.1,12.0,238.0,73.0,30.2,12.6,67,73
2026-05-13 16:23:47.262872,delhi,201.2,786.0,15.8,362.0,75.0,31.6,3.5,32,500
2026-05-13 16:23:48.547209,mumbai,29.6,77.3,15.5,158.0,50.0,29.5,5.0,74,77
2026-05-13 16:23:49.850712,hyderabad,20.5,22.6,11.7,254.0,61.0,33.3,5.2,44,61
2026-05-13 16:23:51.134394,bangalore,13.0,13.9,11.7,294.0,51.0,28.8,5.6,99,51
2026-05-13 16:23:52.422438,kolkata,13.5,17.9,8.1,204.0,52.0,26.7,11.3,91,52
2026-05-13 16:23:53.713162,chennai,11.7,14.1,12.0,238.0,73.0,30.0,10.2,67,73
2026-05-13 18:59:27.232139,delhi,201.2,786.0,15.8,362.0,75.0,31.5,2.5,36,500
2026-05-13 18:59:28.044070,mumbai,29.6,77.3,15.5,158.0,50.0,29.7,4.7,75,77
2026-05-13 18:59:28.822815,hyderabad,20.5,22.6,11.7,254.0,61.0,30.7,7.6,55,61
2026-05-13 18:59:29.619786,bangalore,13.0,13.9,11.7,294.0,51.0,27.0,3.0,100,51
2026-05-13 18:59:30.441226,kolkata,13.5,17.9,8.1,204.0,52.0,27.9,11.6,95,52
2026-05-13 18:59:31.223431,chennai,11.7,14.1,12.0,238.0,73.0,29.2,7.9,65,73
2026-05-13 20:51:55.762488,delhi,201.2,786.0,15.8,362.0,75.0,29.8,3.2,36,500
2026-05-13 20:51:56.943504,mumbai,29.6,77.3,15.5,158.0,50.0,29.5,6.5,75,77
2026-05-13 20:51:58.125816,hyderabad,20.5,22.6,11.7,254.0,61.0,29.5,5.6,55,61
2026-05-13 20:51:59.366895,bangalore,13.0,13.9,11.7,294.0,51.0,24.8,7.3,100,51
2026-05-13 20:52:00.554217,kolkata,13.5,17.9,8.1,204.0,52.0,27.7,13.1,95,52
2026-05-13 20:52:01.716444,chennai,11.7,14.1,12.0,238.0,73.0,28.6,5.0,65,73
2026-05-13 22:17:55.462363,delhi,201.2,786.0,15.8,362.0,75.0,29.2,2.3,36,500
2026-05-13 22:17:56.238730,mumbai,29.6,77.3,15.5,158.0,50.0,29.6,5.2,75,77
2026-05-13 22:17:57.011219,hyderabad,20.5,22.6,11.7,254.0,61.0,29.0,3.6,55,61
2026-05-13 22:17:57.781415,bangalore,13.0,13.9,11.7,294.0,51.0,24.2,4.8,100,51
2026-05-13 22:17:58.551762,kolkata,13.5,17.9,8.1,204.0,52.0,27.8,11.8,95,52
2026-05-13 22:17:59.327302,chennai,11.7,14.1,12.0,238.0,73.0,28.1,5.1,65,73
2026-05-14 12:55:27.083915,delhi,168.6,778.6,15.7,232.0,51.0,37.7,7.3,31,500
2026-05-14 12:55:28.014010,mumbai,22.1,56.9,7.0,122.0,58.0,30.7,15.4,78,58
2026-05-14 12:55:28.952092,hyderabad,18.3,23.9,8.4,213.0,73.0,34.8,5.3,50,73
2026-05-14 12:55:29.898317,bangalore,11.7,12.8,14.7,271.0,47.0,32.2,11.0,97,47
2026-05-14 12:55:30.840428,kolkata,25.6,32.7,7.6,258.0,81.0,30.5,16.6,90,81
2026-05-14 12:55:31.760806,chennai,19.3,22.4,13.2,309.0,74.0,30.5,9.6,63,74
2026-05-14 15:23:56.019697,delhi,168.6,778.6,15.7,201.0,51.0,33.8,6.8,31,500
2026-05-14 15:23:57.035278,mumbai,22.1,56.9,7.0,174.0,58.0,29.9,9.2,78,58
2026-05-14 15:23:58.088856,hyderabad,18.3,23.9,8.4,247.0,73.0,33.5,7.1,50,73
2026-05-14 15:23:59.112058,bangalore,11.7,12.8,14.7,333.0,47.0,29.7,8.4,97,47
2026-05-14 15:24:00.173703,kolkata,25.6,32.7,7.6,288.0,81.0,28.6,14.0,90,81
2026-05-14 15:24:01.254187,chennai,19.3,22.4,13.2,318.0,74.0,30.5,8.6,63,74
2026-05-14 17:57:39.193748,delhi,168.6,778.6,15.7,201.0,51.0,32.5,0.4,31,500
2026-05-14 17:57:40.155643,mumbai,22.1,56.9,7.0,174.0,58.0,29.5,5.0,78,58
2026-05-14 17:57:41.090140,hyderabad,18.3,23.9,8.4,247.0,73.0,31.9,6.4,50,73
2026-05-14 17:57:42.017270,bangalore,11.7,12.8,14.7,333.0,47.0,28.0,7.6,97,47
2026-05-14 17:57:43.029186,kolkata,25.6,32.7,7.6,288.0,81.0,28.0,11.9,90,81
2026-05-14 17:57:43.952408,chennai,19.3,22.4,13.2,318.0,74.0,30.0,8.0,63,74
2026-05-14 19:57:16.540139,delhi,168.6,778.6,15.7,201.0,51.0,31.5,6.0,39,500
2026-05-14 19:57:17.322211,mumbai,22.1,56.9,7.0,174.0,58.0,29.5,6.5,77,58
2026-05-14 19:57:18.102843,hyderabad,18.3,23.9,8.4,247.0,73.0,29.9,7.0,71,73
2026-05-14 19:57:18.894111,bangalore,11.7,12.8,14.7,333.0,47.0,25.5,4.3,100,47
2026-05-14 19:57:19.671944,kolkata,25.6,32.7,7.6,288.0,81.0,28.0,12.8,89,81
2026-05-14 19:57:20.454713,chennai,19.3,22.4,13.2,318.0,74.0,29.2,4.1,63,74
2026-05-14 21:17:16.584856,delhi,168.6,778.6,15.7,201.0,51.0,31.2,8.1,39,500
2026-05-14 21:17:17.715586,mumbai,22.1,56.9,7.0,174.0,58.0,29.2,7.2,77,58
2026-05-14 21:17:18.857362,hyderabad,18.3,23.9,8.4,247.0,73.0,29.0,5.5,71,73
2026-05-14 21:17:20.007757,bangalore,11.7,12.8,14.7,333.0,47.0,24.8,5.1,100,47
2026-05-14 21:17:21.136422,kolkata,25.6,32.7,7.6,288.0,81.0,27.9,11.7,89,81
2026-05-14 21:17:22.331373,chennai,19.3,22.4,13.2,318.0,74.0,28.7,5.4,63,74
2026-05-14 23:01:02.320448,delhi,168.6,778.6,15.7,201.0,51.0,30.0,5.8,39,500
2026-05-14 23:01:03.500247,mumbai,22.1,56.9,7.0,174.0,58.0,29.0,8.1,77,58
2026-05-14 23:01:04.680306,hyderabad,18.3,23.9,8.4,247.0,73.0,28.5,3.7,71,73
2026-05-14 23:01:05.842270,bangalore,11.7,12.8,14.7,333.0,47.0,24.1,7.7,100,47
2026-05-14 23:01:06.942439,kolkata,25.6,32.7,7.6,288.0,81.0,27.9,9.5,89,81
2026-05-14 23:01:08.101104,chennai,19.3,22.4,13.2,318.0,74.0,28.1,5.8,63,74
2026-05-15 12:57:20.698623,delhi,93.4,454.5,25.3,354.0,48.0,37.8,14.9,24,500
2026-05-15 12:57:21.861947,mumbai,23.2,64.3,5.7,119.0,58.0,30.8,11.7,75,64
2026-05-15 12:57:23.003576,hyderabad,15.1,19.8,8.7,207.0,67.0,35.9,8.1,67,67
2026-05-15 12:57:24.204644,bangalore,7.3,7.5,11.0,222.0,40.0,29.7,11.1,98,40
2026-05-15 12:57:25.350486,kolkata,26.2,31.0,10.7,292.0,78.0,28.1,2.8,97,78
2026-05-15 12:57:26.476291,chennai,17.3,18.5,12.4,276.0,71.0,27.8,5.8,65,71
2026-05-15 15:22:50.329992,delhi,93.4,454.5,25.3,244.0,48.0,34.8,5.5,24,500
2026-05-15 15:22:51.500351,mumbai,23.2,64.3,5.7,159.0,58.0,29.6,10.7,75,64
2026-05-15 15:22:52.680238,hyderabad,15.1,19.8,8.7,228.0,67.0,34.8,3.2,67,67
2026-05-15 15:22:53.806874,bangalore,7.3,7.5,11.0,295.0,40.0,29.0,5.1,98,40
2026-05-15 15:22:54.987738,kolkata,26.2,31.0,10.7,291.0,78.0,28.6,15.3,97,78
2026-05-15 15:22:56.151864,chennai,17.3,18.5,12.4,300.0,71.0,28.0,6.5,65,71
2026-05-15 17:45:22.211432,delhi,93.4,454.5,25.3,244.0,48.0,31.8,3.5,24,500
2026-05-15 17:45:23.074249,mumbai,23.2,64.3,5.7,159.0,58.0,29.4,9.6,75,64
2026-05-15 17:45:23.880427,hyderabad,15.1,19.8,8.7,228.0,67.0,33.8,4.1,67,67
2026-05-15 17:45:24.652023,bangalore,7.3,7.5,11.0,295.0,40.0,28.3,4.4,98,40
2026-05-15 17:45:25.431010,kolkata,26.2,31.0,10.7,291.0,78.0,28.4,13.3,97,78
2026-05-15 17:45:26.233612,chennai,17.3,18.5,12.4,300.0,71.0,28.0,7.6,65,71
2026-05-15 19:45:19.307653,delhi,93.4,454.5,25.3,244.0,48.0,31.5,0.6,25,500
2026-05-15 19:45:20.081838,mumbai,23.2,64.3,5.7,159.0,58.0,29.2,9.3,78,64
2026-05-15 19:45:20.873781,hyderabad,15.1,19.8,8.7,228.0,67.0,32.7,4.0,56,67
2026-05-15 19:45:21.641447,bangalore,7.3,7.5,11.0,295.0,40.0,26.1,7.3,99,40
2026-05-15 19:45:22.432551,kolkata,26.2,31.0,10.7,291.0,78.0,28.4,12.4,95,78
2026-05-15 19:45:23.204982,chennai,17.3,18.5,12.4,300.0,71.0,27.2,6.1,67,71
2026-05-15 21:09:29.695570,delhi,93.4,454.5,25.3,244.0,48.0,30.4,2.4,25,500
2026-05-15 21:09:30.863208,mumbai,23.2,64.3,5.7,159.0,58.0,29.2,8.3,78,64
2026-05-15 21:09:31.984376,hyderabad,15.1,19.8,8.7,228.0,67.0,32.1,6.6,56,67
2026-05-15 21:09:33.215857,bangalore,7.3,7.5,11.0,295.0,40.0,25.1,8.6,99,40
2026-05-15 21:09:34.339226,kolkata,26.2,31.0,10.7,291.0,78.0,28.4,10.8,95,78
2026-05-15 21:09:35.521349,chennai,17.3,18.5,12.4,300.0,71.0,26.7,7.3,67,71
2026-05-15 22:59:34.048363,delhi,93.4,454.5,25.3,244.0,48.0,29.1,3.0,25,500
2026-05-15 22:59:34.957888,mumbai,23.2,64.3,5.7,159.0,58.0,29.2,8.3,78,64
2026-05-15 22:59:35.876050,hyderabad,15.1,19.8,8.7,228.0,67.0,30.2,6.8,56,67
2026-05-15 22:59:36.769354,bangalore,7.3,7.5,11.0,295.0,40.0,24.5,5.2,99,40
2026-05-15 22:59:37.672252,kolkata,26.2,31.0,10.7,291.0,78.0,28.2,11.0,95,78
2026-05-15 22:59:38.602088,chennai,17.3,18.5,12.4,300.0,71.0,26.4,6.1,67,71
2026-05-16 13:42:24.194965,delhi,114.8,471.2,24.1,338.0,39.0,37.5,13.9,26,500
2026-05-16 13:42:25.110969,mumbai,13.2,23.2,8.1,120.0,44.0,30.0,13.6,88,44
2026-05-16 13:42:26.042229,hyderabad,19.8,24.4,9.4,222.0,68.0,33.5,6.9,72,68
2026-05-16 13:42:26.970514,bangalore,8.1,8.6,13.7,252.0,42.0,26.4,4.2,96,42
2026-05-16 13:42:27.863884,kolkata,36.9,43.3,12.8,395.0,75.0,27.6,8.7,96,75
2026-05-16 13:42:28.793442,chennai,14.0,15.1,12.6,260.0,68.0,30.0,11.8,61,68
2026-05-16 15:00:52.014720,delhi,114.8,471.2,24.1,338.0,39.0,36.3,12.7,26,500
2026-05-16 15:00:54.198002,mumbai,13.2,23.2,8.1,120.0,44.0,29.6,11.5,88,44
2026-05-16 15:00:56.336461,hyderabad,19.8,24.4,9.4,222.0,68.0,32.8,8.3,72,68
2026-05-16 15:00:58.260472,bangalore,8.1,8.6,13.7,252.0,42.0,24.8,8.5,96,42
2026-05-16 15:01:00.209082,kolkata,36.9,43.3,12.8,395.0,75.0,28.3,15.1,96,75
2026-05-16 17:03:34.080921,delhi,114.8,471.2,24.1,253.0,39.0,35.0,6.4,26,500
2026-05-16 17:03:34.980155,mumbai,13.2,23.2,8.1,180.0,44.0,29.2,7.7,88,44
2026-05-16 17:03:35.913307,hyderabad,19.8,24.4,9.4,225.0,68.0,31.0,7.7,72,68
2026-05-16 17:03:36.836032,bangalore,8.1,8.6,13.7,235.0,42.0,23.8,7.7,96,42
2026-05-16 17:03:37.747595,kolkata,36.9,43.3,12.8,371.0,75.0,28.4,13.0,96,75
2026-05-16 17:03:38.736720,chennai,14.0,15.1,12.6,267.0,68.0,29.3,8.3,61,68
2026-05-16 19:12:21.665581,delhi,114.8,471.2,24.1,253.0,39.0,32.6,4.4,26,500
2026-05-16 19:12:22.621377,mumbai,13.2,23.2,8.1,180.0,44.0,29.1,9.1,88,44
2026-05-16 19:12:23.521905,hyderabad,19.8,24.4,9.4,225.0,68.0,29.8,5.2,72,68
2026-05-16 19:12:24.437826,bangalore,8.1,8.6,13.7,235.0,42.0,22.9,5.3,96,42
2026-05-16 19:12:25.341493,kolkata,36.9,43.3,12.8,371.0,75.0,28.3,12.9,96,75
2026-05-16 19:12:26.261061,chennai,14.0,15.1,12.6,267.0,68.0,29.0,5.2,61,68
2026-05-16 20:55:29.037738,delhi,114.8,471.2,24.1,253.0,39.0,31.1,4.7,26,500
2026-05-16 20:55:29.818667,mumbai,13.2,23.2,8.1,180.0,44.0,29.0,7.3,91,44
2026-05-16 20:55:30.608326,hyderabad,19.8,24.4,9.4,225.0,68.0,29.0,6.9,67,68
2026-05-16 20:55:31.392712,bangalore,8.1,8.6,13.7,235.0,42.0,22.2,2.5,97,42
2026-05-16 20:55:32.164545,kolkata,36.9,43.3,12.8,371.0,75.0,28.1,10.9,96,75
2026-05-16 20:55:32.942512,chennai,14.0,15.1,12.6,267.0,68.0,28.6,6.6,61,68
2026-05-16 21:55:34.061938,delhi,114.8,471.2,24.1,253.0,39.0,30.8,4.5,25,500
2026-05-16 21:55:34.860779,mumbai,13.2,23.2,8.1,180.0,44.0,29.0,5.0,80,44
2026-05-16 21:55:35.645101,hyderabad,19.8,24.4,9.4,225.0,68.0,28.6,6.4,68,68
2026-05-16 21:55:36.428099,bangalore,8.1,8.6,13.7,235.0,42.0,23.2,5.3,98,42
2026-05-16 21:55:37.223289,kolkata,36.9,43.3,12.8,371.0,75.0,28.2,10.1,95,75
2026-05-16 21:55:37.990478,chennai,14.0,15.1,12.6,267.0,68.0,28.5,6.3,62,68
2026-05-16 22:53:53.900268,delhi,114.8,471.2,24.1,253.0,39.0,30.0,4.4,25,500
2026-05-16 22:53:54.676976,mumbai,13.2,23.2,8.1,180.0,44.0,28.8,4.2,80,44
2026-05-16 22:53:55.451410,hyderabad,19.8,24.4,9.4,225.0,68.0,28.3,2.7,68,68
2026-05-16 22:53:56.235120,bangalore,8.1,8.6,13.7,235.0,42.0,22.5,5.7,98,42
2026-05-16 22:53:57.018962,kolkata,36.9,43.3,12.8,371.0,75.0,28.0,10.6,95,75
2026-05-16 22:53:57.796511,chennai,14.0,15.1,12.6,267.0,68.0,28.2,6.1,62,68
2026-05-16 23:57:48.948300,delhi,117.6,448.9,37.3,253.0,24.0,29.4,6.1,25,500
2026-05-16 23:57:49.743506,mumbai,14.4,29.7,6.6,180.0,47.0,28.6,4.6,80,47
2026-05-16 23:57:50.507351,hyderabad,19.6,24.2,9.2,225.0,72.0,28.0,3.5,68,72
2026-05-16 23:57:51.312806,bangalore,6.3,6.8,11.4,235.0,45.0,22.2,3.9,98,45
2026-05-16 23:57:52.101338,kolkata,26.0,31.7,9.1,371.0,85.0,28.0,10.2,95,85
2026-05-16 23:57:52.881964,chennai,11.6,12.0,14.4,267.0,56.0,28.0,6.6,62,56
2026-05-17 13:41:26.921296,delhi,148.1,555.1,24.6,335.0,42.0,39.0,15.9,36,500
2026-05-17 13:41:28.253953,mumbai,17.5,42.5,6.5,115.0,46.0,30.5,10.3,81,46
2026-05-17 13:41:29.558962,hyderabad,21.6,25.5,14.6,280.0,57.0,33.2,6.2,59,57
2026-05-17 13:41:30.888560,bangalore,9.9,10.0,12.6,249.0,44.0,30.1,8.8,100,44
2026-05-17 13:41:32.201908,kolkata,26.5,33.2,7.8,276.0,89.0,29.9,15.5,93,89
2026-05-17 15:00:51.201899,delhi,148.1,555.1,24.6,335.0,42.0,37.5,13.2,36,500
2026-05-17 15:00:52.766979,mumbai,17.5,42.5,6.5,115.0,46.0,30.0,9.6,81,46
2026-05-17 15:00:54.243206,hyderabad,21.6,25.5,14.6,280.0,57.0,32.8,8.0,59,57
2026-05-17 15:00:55.634160,bangalore,9.9,10.0,12.6,249.0,44.0,27.0,7.5,100,44
2026-05-17 15:00:57.017509,kolkata,26.5,33.2,7.8,276.0,89.0,29.0,14.2,93,89
2026-05-17 17:02:14.955842,delhi,148.1,555.1,24.6,268.0,42.0,35.2,7.2,36,500
2026-05-17 17:02:15.964089,mumbai,17.5,42.5,6.5,178.0,46.0,29.5,10.9,81,46
2026-05-17 17:02:16.953450,hyderabad,21.6,25.5,14.6,221.0,57.0,31.5,7.9,59,57
2026-05-17 17:02:17.967068,bangalore,9.9,10.0,12.6,265.0,44.0,25.3,4.0,100,44
2026-05-17 17:02:19.013783,kolkata,26.5,33.2,7.8,318.0,89.0,28.8,13.6,93,89
2026-05-17 17:02:20.128540,chennai,19.2,22.6,12.8,302.0,72.0,29.9,13.2,70,72
2026-05-17 19:15:38.518504,delhi,148.1,555.1,24.6,268.0,42.0,32.8,6.4,36,500
2026-05-17 19:15:39.293151,mumbai,17.5,42.5,6.5,178.0,46.0,28.9,6.0,81,46
2026-05-17 19:15:40.087069,hyderabad,21.6,25.5,14.6,221.0,57.0,30.1,7.8,59,57
2026-05-17 19:15:40.945243,bangalore,9.9,10.0,12.6,265.0,44.0,24.4,3.9,100,44
2026-05-17 19:15:41.794427,kolkata,26.5,33.2,7.8,318.0,89.0,28.8,13.4,93,89
2026-05-17 19:15:42.580027,chennai,19.2,22.6,12.8,302.0,72.0,29.2,11.5,70,72
2026-05-17 20:59:16.587947,delhi,148.1,555.1,24.6,268.0,42.0,31.5,5.8,29,500
2026-05-17 20:59:17.407052,mumbai,17.5,42.5,6.5,178.0,46.0,28.5,3.4,77,46
2026-05-17 20:59:18.178171,hyderabad,21.6,25.5,14.6,221.0,57.0,29.0,9.1,66,57
2026-05-17 20:59:18.948025,bangalore,9.9,10.0,12.6,265.0,44.0,23.4,5.6,96,44
2026-05-17 20:59:19.713589,kolkata,26.5,33.2,7.8,318.0,89.0,28.5,11.5,94,89
2026-05-17 20:59:20.481520,chennai,19.2,22.6,12.8,302.0,72.0,28.8,11.8,72,72
2026-05-17 22:01:59.464875,delhi,148.1,555.1,24.6,268.0,42.0,30.5,7.1,30,500
2026-05-17 22:02:00.261540,mumbai,17.5,42.5,6.5,178.0,46.0,28.2,2.4,74,46
2026-05-17 22:02:01.047311,hyderabad,21.6,25.5,14.6,221.0,57.0,28.5,5.6,71,57
2026-05-17 22:02:01.818436,bangalore,9.9,10.0,12.6,265.0,44.0,23.2,5.3,96,44
2026-05-17 22:02:02.599680,kolkata,26.5,33.2,7.8,318.0,89.0,28.6,10.3,93,89
2026-05-17 22:02:03.398121,chennai,19.2,22.6,12.8,302.0,72.0,28.5,10.4,66,72
2026-05-18 14:33:08.254851,delhi,146.7,493.6,28.6,378.0,36.0,40.0,14.4,31,500
2026-05-18 14:33:09.542224,mumbai,19.5,38.6,7.9,115.0,48.0,29.9,9.1,79,48
2026-05-18 14:33:10.813437,hyderabad,14.5,17.2,8.4,220.0,75.0,34.2,5.9,60,75
2026-05-18 14:33:12.135728,bangalore,4.1,4.4,8.1,159.0,44.0,23.0,9.5,99,44
2026-05-18 14:33:13.440091,kolkata,25.7,35.4,6.2,256.0,98.0,29.8,13.6,89,98
2026-05-18 17:31:26.213418,delhi,146.7,493.6,28.6,378.0,36.0,36.5,9.0,31,500
2026-05-18 17:31:27.000348,mumbai,19.5,38.6,7.9,115.0,48.0,29.2,5.1,79,48
2026-05-18 17:31:27.794420,hyderabad,14.5,17.2,8.4,220.0,75.0,31.9,7.7,60,75
2026-05-18 17:31:28.585875,bangalore,4.1,4.4,8.1,159.0,44.0,22.9,9.0,99,44
2026-05-18 17:31:29.388817,kolkata,25.7,35.4,6.2,256.0,98.0,29.0,12.5,89,98
2026-05-18 17:31:30.203924,chennai,13.0,14.9,11.3,226.0,69.0,30.4,15.3,68,69
2026-05-18 19:49:48.980568,delhi,146.7,493.6,28.6,378.0,36.0,34.0,6.8,32,500
2026-05-18 19:49:50.097806,mumbai,19.5,38.6,7.9,115.0,48.0,29.0,5.6,90,48
2026-05-18 19:49:51.228071,hyderabad,14.5,17.2,8.4,220.0,75.0,30.6,7.8,70,75
2026-05-18 19:49:52.346610,bangalore,4.1,4.4,8.1,159.0,44.0,22.4,9.8,100,44
2026-05-18 19:49:53.469206,kolkata,25.7,35.4,6.2,256.0,98.0,29.0,13.0,90,98
2026-05-18 19:49:54.597788,chennai,13.0,14.9,11.3,226.0,69.0,29.9,9.8,66,69
2026-05-18 21:16:19.382573,delhi,146.7,493.6,28.6,378.0,36.0,32.5,7.8,32,500
2026-05-18 21:16:20.252284,mumbai,19.5,38.6,7.9,115.0,48.0,28.7,5.2,90,48
2026-05-18 21:16:21.033441,hyderabad,14.5,17.2,8.4,220.0,75.0,29.4,7.0,70,75
2026-05-18 21:16:21.806120,bangalore,4.1,4.4,8.1,159.0,44.0,21.8,9.8,100,44
2026-05-18 21:16:22.673277,kolkata,25.7,35.4,6.2,256.0,98.0,28.9,12.9,90,98
2026-05-18 21:16:23.456960,chennai,13.0,14.9,11.3,226.0,69.0,29.2,11.3,66,69
2026-05-18 23:07:46.830505,delhi,144.4,493.6,31.6,407.0,29.0,31.6,7.2,32,500
2026-05-18 23:07:47.954726,mumbai,17.9,28.9,9.5,127.0,38.0,28.2,4.0,90,38
2026-05-18 23:07:48.990407,hyderabad,13.5,15.3,8.6,205.0,72.0,28.4,5.5,70,72
2026-05-18 23:07:50.004819,bangalore,9.8,10.3,10.7,214.0,46.0,21.2,8.5,100,46
2026-05-18 23:07:51.038792,kolkata,25.0,32.4,6.7,264.0,94.0,28.6,10.2,90,94
2026-05-18 23:07:52.064664,chennai,16.9,21.1,11.0,241.0,74.0,28.8,11.2,66,74
2026-05-19 12:14:01.564287,delhi,223.1,884.8,16.7,318.0,75.0,42.6,14.7,36,500
2026-05-19 12:14:02.873654,mumbai,8.4,12.3,7.0,130.0,50.0,31.0,11.2,89,50
2026-05-19 12:14:04.158876,hyderabad,8.4,9.1,8.2,195.0,63.0,37.8,0.9,67,63
2026-05-19 12:14:05.468143,bangalore,6.4,7.0,13.3,205.0,33.0,24.5,6.7,98,33
2026-05-19 12:14:06.797789,kolkata,23.2,29.7,5.6,237.0,95.0,32.9,10.2,92,95
2026-05-19 16:25:12.125923,delhi,223.1,884.8,16.7,318.0,75.0,38.0,4.6,36,500
2026-05-19 16:25:12.910413,mumbai,8.4,12.3,7.0,130.0,50.0,29.3,7.6,89,50
2026-05-19 16:25:13.688205,hyderabad,8.4,9.1,8.2,195.0,63.0,34.0,3.6,67,63
2026-05-19 16:25:14.453709,bangalore,6.4,7.0,13.3,205.0,33.0,22.2,7.7,98,33
2026-05-19 16:25:15.219487,kolkata,23.2,29.7,5.6,237.0,95.0,29.3,10.9,92,95
2026-05-19 16:25:16.027468,chennai,8.2,9.0,10.4,189.0,59.0,30.6,11.9,65,59
2026-05-19 19:05:02.457562,delhi,223.1,884.8,16.7,318.0,75.0,35.5,8.1,36,500
2026-05-19 19:05:03.283104,mumbai,8.4,12.3,7.0,130.0,50.0,29.1,7.2,89,50
2026-05-19 19:05:04.071077,hyderabad,8.4,9.1,8.2,195.0,63.0,31.9,1.8,67,63
2026-05-19 19:05:04.862792,bangalore,6.4,7.0,13.3,205.0,33.0,21.8,10.9,98,33
2026-05-19 19:05:05.644768,kolkata,23.2,29.7,5.6,237.0,95.0,28.8,9.0,92,95
2026-05-19 19:05:06.433565,chennai,8.2,9.0,10.4,189.0,59.0,29.0,11.9,65,59
2026-05-19 21:24:01.925813,delhi,223.1,884.8,16.7,318.0,75.0,32.4,8.8,36,500
2026-05-19 21:24:02.724050,mumbai,8.4,12.3,7.0,130.0,50.0,28.9,5.5,89,50
2026-05-19 21:24:03.486383,hyderabad,8.4,9.1,8.2,195.0,63.0,30.0,9.9,67,63
2026-05-19 21:24:04.257071,bangalore,6.4,7.0,13.3,205.0,33.0,21.2,12.5,98,33
2026-05-19 21:24:05.029530,kolkata,23.2,29.7,5.6,237.0,95.0,28.8,8.6,92,95
2026-05-19 21:24:05.804324,chennai,8.2,9.0,10.4,189.0,59.0,28.6,12.1,65,59
2026-05-19 23:08:15.729524,delhi,210.9,825.2,18.1,325.0,69.0,32.2,8.5,32,500
2026-05-19 23:08:16.851157,mumbai,7.5,11.2,6.6,111.0,43.0,29.0,5.1,88,43
2026-05-19 23:08:17.999782,hyderabad,12.2,13.2,9.8,219.0,63.0,29.3,9.4,65,63
2026-05-19 23:08:19.139040,bangalore,6.1,6.5,13.9,201.0,32.0,21.7,9.4,100,32
2026-05-19 23:08:20.249186,kolkata,22.5,28.1,6.9,246.0,86.0,28.6,7.7,86,86
2026-05-19 23:08:21.352465,chennai,7.9,8.4,10.1,191.0,59.0,30.2,11.1,67,59
2026-05-20 11:50:58.527896,delhi,157.9,773.0,10.3,172.0,60.0,42.5,9.9,26,500
2026-05-20 11:50:59.614353,mumbai,7.0,9.8,7.2,122.0,49.0,31.5,11.1,84,49
2026-05-20 11:51:00.688703,hyderabad,14.1,15.7,8.7,213.0,69.0,39.2,11.7,86,69
2026-05-20 11:51:01.772196,bangalore,9.6,10.0,10.7,206.0,35.0,24.0,9.9,100,35
2026-05-20 11:51:02.846175,kolkata,22.3,28.1,6.1,235.0,89.0,35.5,3.6,90,89
2026-05-20 11:51:03.877002,chennai,11.4,12.3,10.1,216.0,63.0,38.9,13.2,69,63
2026-05-20 15:33:41.559951,delhi,157.9,773.0,10.3,157.0,60.0,38.8,7.1,26,500
2026-05-20 15:33:42.475786,mumbai,7.0,9.8,7.2,306.0,49.0,30.2,9.3,84,49
2026-05-20 15:33:43.394783,hyderabad,14.1,15.7,8.7,193.0,69.0,33.8,11.7,86,69
2026-05-20 15:33:44.315738,bangalore,9.6,10.0,10.7,191.0,35.0,22.9,9.9,100,35
2026-05-20 15:33:45.227951,kolkata,22.3,28.1,6.1,232.0,89.0,30.4,9.4,90,89
2026-05-20 15:33:46.161780,chennai,11.4,12.3,10.1,219.0,63.0,34.8,11.3,69,63
2026-05-20 18:22:27.492481,delhi,157.9,773.0,10.3,157.0,60.0,34.8,7.7,26,500
2026-05-20 18:22:28.311790,mumbai,7.0,9.8,7.2,306.0,49.0,29.8,8.4,84,49
2026-05-20 18:22:29.202237,hyderabad,14.1,15.7,8.7,193.0,69.0,31.6,10.1,86,69
2026-05-20 18:22:30.011428,bangalore,9.6,10.0,10.7,191.0,35.0,22.6,12.3,100,35
2026-05-20 18:22:30.832800,kolkata,22.3,28.1,6.1,232.0,89.0,29.4,7.1,90,89
2026-05-20 18:22:31.644322,chennai,11.4,12.3,10.1,219.0,63.0,33.0,12.9,69,63
2026-05-20 21:00:47.729596,delhi,157.9,773.0,10.3,157.0,60.0,33.3,11.2,30,500
2026-05-20 21:00:49.851754,mumbai,7.0,9.8,7.2,306.0,49.0,29.6,6.4,84,49
2026-05-20 21:00:51.769390,hyderabad,14.1,15.7,8.7,193.0,69.0,30.9,13.7,87,69
2026-05-20 21:18:33.096237,kolkata,22.3,28.1,6.1,232.0,89.0,28.8,6.3,91,89
2026-05-20 21:18:34.117945,chennai,11.4,12.3,10.1,219.0,63.0,32.0,13.3,74,63
2026-05-20 23:17:03.741925,delhi,148.5,745.1,11.0,157.0,54.0,32.7,11.5,30,500
2026-05-20 23:17:04.572744,mumbai,6.5,9.4,5.4,306.0,46.0,29.3,4.4,84,46
2026-05-20 23:17:05.350558,hyderabad,10.8,11.8,8.3,193.0,63.0,29.8,12.5,87,63
2026-05-20 23:17:06.158336,bangalore,6.1,6.4,9.3,191.0,35.0,21.9,8.5,100,35
2026-05-20 23:17:06.931992,kolkata,24.4,30.6,6.1,232.0,93.0,28.5,7.6,91,93
2026-05-20 23:17:07.705818,chennai,9.8,10.5,10.5,219.0,54.0,31.2,11.5,74,54
2026-05-21 12:18:53.422942,delhi,84.3,209.5,30.2,395.0,69.0,41.6,12.3,27,181
2026-05-21 12:18:54.202270,mumbai,10.9,16.5,8.9,141.0,39.0,31.5,11.8,81,39
2026-05-21 12:18:54.979253,hyderabad,19.0,23.9,10.9,242.0,65.0,38.5,6.2,85,65
2026-05-21 12:18:55.755175,bangalore,9.9,10.1,12.7,234.0,39.0,29.6,5.2,99,39
2026-05-21 12:18:56.569691,kolkata,25.5,31.7,6.3,251.0,90.0,33.8,8.6,90,90
2026-05-21 12:18:57.343971,chennai,16.7,18.4,12.3,260.0,73.0,34.7,14.2,84,73
2026-05-21 16:18:11.404116,delhi,84.3,209.5,30.2,378.0,69.0,36.6,7.2,27,181
2026-05-21 16:18:12.228728,mumbai,10.9,16.5,8.9,382.0,39.0,30.0,7.4,81,39
2026-05-21 16:18:13.035134,hyderabad,19.0,23.9,10.9,224.0,65.0,35.4,4.8,85,65
2026-05-21 16:18:13.819266,bangalore,9.9,10.1,12.7,311.0,39.0,23.6,9.2,99,39
2026-05-21 16:18:14.599776,kolkata,25.5,31.7,6.3,241.0,90.0,30.1,11.9,90,90
2026-05-21 16:18:15.374854,chennai,16.7,18.4,12.3,297.0,73.0,32.8,13.0,84,73
2026-05-21 19:00:41.347410,delhi,84.3,209.5,30.2,378.0,69.0,34.3,10.6,28,181
2026-05-21 19:00:44.156247,mumbai,10.9,16.5,8.9,382.0,39.0,29.9,6.4,75,39
2026-05-21 19:17:39.373771,bangalore,9.9,10.1,12.7,311.0,39.0,23.6,12.2,99,39
2026-05-21 19:17:40.145492,kolkata,25.5,31.7,6.3,241.0,90.0,29.4,8.9,92,90
2026-05-21 19:17:40.919206,chennai,16.7,18.4,12.3,297.0,73.0,28.5,11.8,81,73
2026-05-21 21:39:48.387123,delhi,84.3,209.5,30.2,378.0,69.0,32.7,9.2,26,181
2026-05-21 21:39:49.166841,mumbai,10.9,16.5,8.9,382.0,39.0,29.8,6.8,76,39
2026-05-21 21:39:50.025874,hyderabad,19.0,23.9,10.9,224.0,65.0,31.1,11.7,82,65
2026-05-21 21:39:50.781313,bangalore,9.9,10.1,12.7,311.0,39.0,22.4,12.0,99,39
2026-05-21 21:39:51.566717,kolkata,25.5,31.7,6.3,241.0,90.0,29.2,6.4,92,90
2026-05-21 21:39:52.339289,chennai,16.7,18.4,12.3,297.0,73.0,28.0,17.3,81,73
2026-05-21 23:06:05.454030,delhi,164.8,558.8,64.2,378.0,0.0,31.7,8.4,26,500
2026-05-21 23:06:06.239015,mumbai,8.7,12.6,6.9,382.0,40.0,29.8,5.8,76,40
2026-05-21 23:06:07.009044,hyderabad,13.1,14.6,10.5,224.0,61.0,30.5,13.1,82,61
2026-05-21 23:06:07.761522,bangalore,15.6,16.8,18.4,311.0,45.0,22.0,8.4,99,45
2026-05-21 23:06:08.532240,kolkata,22.7,27.0,6.4,241.0,92.0,29.2,6.7,92,92
2026-05-21 23:06:09.322893,chennai,18.2,20.0,14.6,297.0,59.0,28.2,17.3,81,59
2026-05-22 11:47:56.962476,delhi,184.4,733.9,25.8,377.0,68.0,41.0,14.5,55,500
2026-05-22 11:47:58.088570,mumbai,15.1,34.7,7.9,134.0,40.0,31.9,10.2,69,40
2026-05-22 11:47:59.239092,hyderabad,21.7,25.7,12.2,283.0,73.0,37.5,9.5,80,73
2026-05-22 11:48:00.446871,bangalore,15.7,15.9,15.1,273.0,40.0,29.0,9.3,100,40
2026-05-22 11:48:01.645387,kolkata,23.3,30.0,6.2,244.0,96.0,33.0,12.4,98,96
2026-05-22 14:48:37.053169,delhi,184.4,733.9,25.8,377.0,68.0,38.5,15.9,55,500
2026-05-22 14:48:37.957556,mumbai,15.1,34.7,7.9,134.0,40.0,30.4,9.4,69,40
2026-05-22 14:48:38.882331,hyderabad,21.7,25.7,12.2,283.0,73.0,32.6,12.6,80,73
2026-05-22 14:48:39.853299,bangalore,15.7,15.9,15.1,273.0,40.0,22.8,11.6,100,40
2026-05-22 14:48:40.789826,kolkata,23.3,30.0,6.2,244.0,96.0,30.4,10.7,98,96
2026-05-22 14:48:41.727829,chennai,18.5,22.1,15.2,285.0,62.0,32.3,11.9,65,62
2026-05-22 17:11:04.484010,delhi,184.4,733.9,25.8,440.0,68.0,36.5,10.3,55,500
2026-05-22 17:11:05.490726,mumbai,15.1,34.7,7.9,207.0,40.0,30.4,7.1,69,40
2026-05-22 17:11:06.577472,hyderabad,21.7,25.7,12.2,274.0,73.0,31.8,12.5,80,73
2026-05-22 17:11:07.599646,bangalore,15.7,15.9,15.1,301.0,40.0,21.4,11.7,100,40
2026-05-22 17:11:08.668254,kolkata,23.3,30.0,6.2,270.0,96.0,29.5,11.5,98,96
2026-05-22 17:11:09.815250,chennai,18.5,22.1,15.2,267.0,62.0,31.0,12.1,65,62
2026-05-22 19:54:16.447407,delhi,184.4,733.9,25.8,440.0,68.0,34.0,4.2,58,500
2026-05-22 19:54:17.625138,mumbai,15.1,34.7,7.9,207.0,40.0,30.0,8.1,70,40
2026-05-22 19:54:18.764427,hyderabad,21.7,25.7,12.2,274.0,73.0,29.3,13.9,82,73
2026-05-22 19:54:19.949974,bangalore,15.7,15.9,15.1,301.0,40.0,22.1,10.1,100,40
2026-05-22 19:54:21.090527,kolkata,23.3,30.0,6.2,270.0,96.0,29.3,11.1,98,96
2026-05-22 19:54:22.242410,chennai,18.5,22.1,15.2,267.0,62.0,31.0,10.8,65,62
2026-05-22 21:16:08.161504,delhi,184.4,733.9,25.8,440.0,68.0,33.0,4.3,58,500
2026-05-22 21:16:08.953999,mumbai,15.1,34.7,7.9,207.0,40.0,29.9,7.8,70,40
2026-05-22 21:16:09.754600,hyderabad,21.7,25.7,12.2,274.0,73.0,28.7,14.1,82,73
2026-05-22 21:16:10.551105,bangalore,15.7,15.9,15.1,301.0,40.0,21.6,9.9,100,40
2026-05-22 21:16:11.380059,kolkata,23.3,30.0,6.2,270.0,96.0,29.3,12.4,98,96
2026-05-22 21:16:12.170894,chennai,18.5,22.1,15.2,267.0,62.0,31.3,12.0,65,62
2026-05-22 23:06:08.124762,delhi,159.7,670.6,34.2,440.0,45.0,31.2,5.6,58,500
2026-05-22 23:06:09.473757,mumbai,17.6,32.0,7.8,207.0,39.0,29.4,4.5,70,39
2026-05-22 23:06:10.808398,hyderabad,18.2,21.4,13.2,274.0,59.0,28.2,13.4,82,59
2026-05-22 23:06:12.070040,bangalore,16.7,16.9,17.3,301.0,37.0,21.4,11.2,100,37
2026-05-22 23:06:13.426710,kolkata,22.6,28.7,6.3,270.0,94.0,29.3,10.1,98,94
2026-05-23 11:16:46.676625,delhi,141.1,631.4,75.3,917.0,18.0,39.5,16.2,88,500
2026-05-23 11:16:47.648294,mumbai,18.8,43.2,6.0,120.0,47.0,32.2,8.9,72,47
2026-05-23 11:16:48.648273,hyderabad,14.7,17.8,7.8,221.0,87.0,37.8,12.4,73,87
2026-05-23 11:16:49.626354,bangalore,11.5,12.0,17.8,290.0,43.0,26.5,4.0,96,43
2026-05-23 11:16:50.641969,kolkata,28.3,34.8,9.4,290.0,87.0,33.2,13.9,97,87
2026-05-23 11:16:51.655552,chennai,15.9,18.9,18.8,268.0,47.0,37.8,9.0,77,47
2026-05-23 13:46:57.437411,delhi,141.1,631.4,75.3,917.0,18.0,38.1,11.3,88,500
2026-05-23 13:46:58.237394,mumbai,18.8,43.2,6.0,120.0,47.0,31.0,7.1,72,47
2026-05-23 13:46:59.037202,hyderabad,14.7,17.8,7.8,221.0,87.0,34.0,9.9,73,87
2026-05-23 13:46:59.804211,bangalore,11.5,12.0,17.8,290.0,43.0,23.7,14.6,96,43
2026-05-23 13:47:00.648830,kolkata,28.3,34.8,9.4,290.0,87.0,30.2,17.1,97,87
2026-05-23 13:47:01.460806,chennai,15.9,18.9,18.8,268.0,47.0,33.8,8.0,77,47
2026-05-23 15:05:04.236509,delhi,141.1,631.4,75.3,433.0,18.0,37.2,7.0,88,500
2026-05-23 15:05:05.044970,mumbai,18.8,43.2,6.0,140.0,47.0,30.8,6.7,72,47
2026-05-23 15:05:05.846696,hyderabad,14.7,17.8,7.8,248.0,87.0,32.3,10.8,73,87
2026-05-23 15:05:06.635818,bangalore,11.5,12.0,17.8,283.0,43.0,22.4,9.6,96,43
2026-05-23 15:05:07.438982,kolkata,28.3,34.8,9.4,285.0,87.0,29.9,15.3,97,87
2026-05-23 15:05:08.218554,chennai,15.9,18.9,18.8,254.0,47.0,33.2,8.5,77,47
2026-05-23 17:05:55.084801,delhi,141.1,631.4,75.3,433.0,18.0,35.5,7.6,88,500
2026-05-23 17:05:56.408871,mumbai,18.8,43.2,6.0,140.0,47.0,30.5,8.1,72,47
2026-05-23 17:05:57.668619,hyderabad,14.7,17.8,7.8,248.0,87.0,29.4,11.2,73,87
2026-05-23 17:05:58.924660,bangalore,11.5,12.0,17.8,283.0,43.0,21.9,11.7,96,43
2026-05-23 17:06:00.214967,kolkata,28.3,34.8,9.4,285.0,87.0,29.4,11.3,97,87
2026-05-23 19:18:07.058868,delhi,141.1,631.4,75.3,433.0,18.0,33.0,6.7,91,500
2026-05-23 19:18:07.838786,mumbai,18.8,43.2,6.0,140.0,47.0,30.9,11.2,67,47
2026-05-23 19:18:08.622721,hyderabad,14.7,17.8,7.8,248.0,87.0,30.2,13.3,71,87
2026-05-23 19:18:09.424260,bangalore,11.5,12.0,17.8,283.0,43.0,22.0,12.2,99,43
2026-05-23 19:18:10.210226,kolkata,28.3,34.8,9.4,285.0,87.0,29.6,13.0,97,87
2026-05-23 19:18:11.100603,chennai,15.9,18.9,18.8,254.0,47.0,31.8,14.6,66,47
2026-05-23 20:58:51.664902,delhi,141.1,631.4,75.3,433.0,18.0,31.7,5.3,91,500
2026-05-23 20:58:52.458282,mumbai,18.8,43.2,6.0,140.0,47.0,30.5,12.2,67,47
2026-05-23 20:58:53.279613,hyderabad,14.7,17.8,7.8,248.0,87.0,29.5,14.2,71,87
2026-05-23 20:58:54.077910,bangalore,11.5,12.0,17.8,283.0,43.0,21.4,10.7,99,43
2026-05-23 20:58:54.877306,kolkata,28.3,34.8,9.4,285.0,87.0,29.4,13.9,97,87
2026-05-23 20:58:55.684535,chennai,15.9,18.9,18.8,254.0,47.0,31.4,14.0,66,47
2026-05-23 22:01:47.939348,delhi,141.1,631.4,75.3,433.0,18.0,30.9,7.9,91,500
2026-05-23 22:01:48.759887,mumbai,18.8,43.2,6.0,140.0,47.0,30.1,12.1,67,47
2026-05-23 22:01:49.621833,hyderabad,14.7,17.8,7.8,248.0,87.0,29.2,14.3,71,87
2026-05-23 22:01:50.424328,bangalore,11.5,12.0,17.8,283.0,43.0,21.0,9.6,99,43
2026-05-23 22:01:51.240026,kolkata,28.3,34.8,9.4,285.0,87.0,29.3,13.8,97,87
2026-05-23 22:01:52.028329,chennai,15.9,18.9,18.8,254.0,47.0,31.1,12.4,66,47
2026-05-24 10:44:02.879382,delhi,202.6,964.9,15.6,441.0,109.0,42.1,14.6,95,500
2026-05-24 10:44:03.927375,mumbai,27.6,79.4,5.2,118.0,55.0,32.2,14.1,70,79
2026-05-24 10:44:05.005120,hyderabad,13.7,17.1,10.2,227.0,73.0,37.8,14.6,58,73
2026-05-24 10:44:06.035474,bangalore,15.2,15.7,15.8,306.0,45.0,28.2,4.2,100,45
2026-05-24 10:44:07.119553,kolkata,28.5,36.2,8.7,275.0,79.0,34.2,16.9,95,79
2026-05-24 10:44:08.150242,chennai,23.2,29.5,15.8,338.0,66.0,36.0,11.8,76,66
2026-05-24 12:02:49.914546,delhi,202.6,964.9,15.6,441.0,109.0,42.0,13.3,95,500
2026-05-24 12:02:52.089577,mumbai,27.6,79.4,5.2,118.0,55.0,31.7,11.7,70,79
2026-05-24 12:02:53.926330,hyderabad,13.7,17.1,10.2,227.0,73.0,37.2,12.7,58,73
2026-05-24 12:02:55.925001,bangalore,15.2,15.7,15.8,306.0,45.0,27.8,5.5,100,45
2026-05-24 12:19:54.546803,chennai,23.2,29.5,15.8,338.0,66.0,34.7,12.9,76,66
2026-05-24 14:26:19.809678,delhi,202.6,964.9,15.6,441.0,109.0,39.0,1.0,95,500
2026-05-24 14:26:21.058425,mumbai,27.6,79.4,5.2,118.0,55.0,30.6,7.2,70,79
2026-05-24 14:26:22.358553,hyderabad,13.7,17.1,10.2,227.0,73.0,34.2,6.5,58,73
2026-05-24 14:26:23.640547,bangalore,15.2,15.7,15.8,306.0,45.0,21.8,11.1,100,45
2026-05-24 14:26:24.935835,kolkata,28.5,36.2,8.7,275.0,79.0,29.4,13.6,95,79
2026-05-24 16:04:25.080839,delhi,202.6,964.9,15.6,377.0,109.0,37.4,3.2,95,500
2026-05-24 16:04:25.914151,mumbai,27.6,79.4,5.2,154.0,55.0,30.5,5.8,70,79
2026-05-24 16:04:26.747105,hyderabad,13.7,17.1,10.2,248.0,73.0,32.5,7.2,58,73
2026-05-24 16:04:27.531391,bangalore,15.2,15.7,15.8,294.0,45.0,22.0,7.9,100,45
2026-05-24 16:04:28.325025,kolkata,28.5,36.2,8.7,589.0,79.0,29.5,13.2,95,79
2026-05-24 16:04:29.146720,chennai,23.2,29.5,15.8,314.0,66.0,30.1,11.1,76,66
2026-05-24 18:00:45.888429,delhi,202.6,964.9,15.6,377.0,109.0,35.0,2.9,95,500
2026-05-24 18:00:49.120049,mumbai,27.6,79.4,5.2,154.0,55.0,30.2,4.2,70,79
2026-05-24 18:17:48.389860,bangalore,15.2,15.7,15.8,294.0,45.0,21.5,8.7,100,45
2026-05-24 18:17:49.208415,kolkata,28.5,36.2,8.7,589.0,79.0,29.5,14.4,95,79
2026-05-24 18:17:50.015256,chennai,23.2,29.5,15.8,314.0,66.0,29.5,12.5,76,66
2026-05-24 20:09:32.197202,delhi,202.6,964.9,15.6,377.0,109.0,34.0,14.5,96,500
2026-05-24 20:09:33.461078,mumbai,27.6,79.4,5.2,154.0,55.0,30.0,5.5,69,79
2026-05-24 20:09:34.682284,hyderabad,13.7,17.1,10.2,248.0,73.0,31.2,13.6,60,73
2026-05-24 20:09:35.947098,bangalore,15.2,15.7,15.8,294.0,45.0,21.4,8.6,99,45
2026-05-24 20:09:37.172976,kolkata,28.5,36.2,8.7,589.0,79.0,29.6,13.4,97,79
2026-05-24 20:09:38.405997,chennai,23.2,29.5,15.8,314.0,66.0,30.5,10.0,68,66
2026-05-24 21:59:00.433794,delhi,202.6,964.9,15.6,377.0,109.0,32.7,11.4,96,500
2026-05-24 21:59:01.699253,mumbai,27.6,79.4,5.2,154.0,55.0,29.6,7.2,69,79
2026-05-24 21:59:02.995519,hyderabad,13.7,17.1,10.2,248.0,73.0,30.1,14.3,60,73
2026-05-24 21:59:04.321949,bangalore,15.2,15.7,15.8,294.0,45.0,21.2,8.1,99,45
2026-05-24 21:59:05.590527,kolkata,28.5,36.2,8.7,589.0,79.0,29.5,12.9,97,79
2026-05-24 23:07:18.859737,delhi,141.6,407.9,40.6,377.0,57.0,32.0,10.4,96,372
2026-05-24 23:07:20.014575,mumbai,24.8,71.7,5.0,154.0,52.0,29.5,5.0,69,71
2026-05-24 23:07:21.165171,hyderabad,14.8,18.7,9.1,248.0,81.0,29.5,14.9,60,81
2026-05-24 23:07:22.347863,bangalore,17.1,17.5,15.2,294.0,44.0,21.1,8.1,99,44
2026-05-24 23:07:23.509063,kolkata,30.3,37.7,7.0,589.0,87.0,29.4,12.5,97,87
2026-05-24 23:07:24.674844,chennai,19.0,22.1,14.6,314.0,68.0,30.0,9.7,68,68
2026-05-25 12:40:26.435902,delhi,123.4,555.1,17.4,445.0,86.0,40.8,12.9,87,500
2026-05-25 12:40:28.055028,mumbai,21.2,53.9,4.3,115.0,53.0,30.3,14.5,89,53
2026-05-25 12:40:29.477424,hyderabad,13.2,15.3,10.6,237.0,71.0,37.1,7.1,85,71
2026-05-25 12:40:30.761491,bangalore,16.5,16.7,14.7,294.0,44.0,24.2,6.2,98,44
2026-05-25 12:57:34.256550,chennai,18.2,21.2,12.7,291.0,82.0,34.8,8.5,72,82
2026-05-25 15:54:33.769375,delhi,123.4,555.1,17.4,439.0,86.0,38.2,5.3,87,500
2026-05-25 15:54:34.670902,mumbai,21.2,53.9,4.3,131.0,53.0,30.2,9.2,89,53
2026-05-25 15:54:35.589876,hyderabad,13.2,15.3,10.6,235.0,71.0,31.8,6.9,85,71
2026-05-25 15:54:36.499452,bangalore,16.5,16.7,14.7,222.0,44.0,21.8,8.0,98,44
2026-05-25 15:54:37.413190,kolkata,38.8,45.6,16.3,303.0,52.0,29.8,13.5,99,64
2026-05-25 15:54:38.305466,chennai,18.2,21.2,12.7,296.0,82.0,33.2,8.6,72,82
2026-05-25 17:47:53.454383,delhi,123.4,555.1,17.4,439.0,86.0,35.5,5.9,87,500
2026-05-25 17:47:54.233520,mumbai,21.2,53.9,4.3,131.0,53.0,30.0,8.6,89,53
2026-05-25 17:47:55.008400,hyderabad,13.2,15.3,10.6,235.0,71.0,30.5,9.4,85,71
2026-05-25 17:47:55.782705,bangalore,16.5,16.7,14.7,222.0,44.0,21.5,7.1,98,44
2026-05-25 17:47:56.565813,kolkata,38.8,45.6,16.3,303.0,52.0,29.5,14.9,99,64
2026-05-25 17:47:57.350428,chennai,18.2,21.2,12.7,296.0,82.0,31.6,10.8,72,82
2026-05-25 19:48:17.556488,delhi,123.4,555.1,17.4,439.0,86.0,34.1,4.0,88,500
2026-05-25 19:48:18.846169,mumbai,21.2,53.9,4.3,131.0,53.0,30.3,8.1,78,53
2026-05-25 19:48:20.104579,hyderabad,13.2,15.3,10.6,235.0,71.0,30.1,9.3,90,71
2026-05-25 19:48:21.302109,bangalore,16.5,16.7,14.7,222.0,44.0,22.9,7.8,100,44
2026-05-25 19:48:22.514145,kolkata,38.8,45.6,16.3,303.0,52.0,29.4,13.9,93,64
2026-05-25 19:48:23.709947,chennai,18.2,21.2,12.7,296.0,82.0,31.1,12.9,72,82
2026-05-25 21:15:11.173293,delhi,123.4,555.1,17.4,439.0,86.0,33.0,5.1,88,500
2026-05-25 21:15:12.291477,mumbai,21.2,53.9,4.3,131.0,53.0,29.6,8.3,78,53
2026-05-25 21:15:13.446796,hyderabad,13.2,15.3,10.6,235.0,71.0,29.5,11.2,90,71
2026-05-25 21:15:14.547847,bangalore,16.5,16.7,14.7,222.0,44.0,22.3,7.0,100,44
2026-05-25 21:15:15.647813,kolkata,38.8,45.6,16.3,303.0,52.0,29.2,13.3,93,64
2026-05-25 21:15:16.804815,chennai,18.2,21.2,12.7,296.0,82.0,30.2,13.4,72,82
2026-05-25 23:10:16.140337,delhi,123.4,555.1,17.4,439.0,86.0,30.9,6.7,88,500
2026-05-25 23:10:18.626043,mumbai,21.2,53.9,4.3,131.0,53.0,28.9,6.5,78,53
2026-05-25 23:27:14.683918,bangalore,16.1,16.5,17.3,222.0,37.0,21.6,6.7,100,37
2026-05-25 23:27:15.481642,kolkata,37.3,44.2,18.4,303.0,47.0,29.4,13.9,93,62
2026-05-25 23:27:16.261986,chennai,16.4,18.7,13.1,296.0,76.0,29.4,12.3,72,76
2026-05-26 16:44:27.674882,delhi,54.6,103.1,32.2,466.0,59.0,36.8,5.4,61,102
2026-05-26 16:44:28.460282,mumbai,17.1,41.8,4.4,119.0,53.0,30.8,8.1,72,53
2026-05-26 16:44:29.325160,hyderabad,11.0,13.4,10.9,212.0,54.0,31.0,6.7,61,54
2026-05-26 16:44:30.117595,bangalore,10.6,10.8,12.3,243.0,45.0,20.6,2.7,99,45
2026-05-26 16:44:30.933538,kolkata,52.7,59.8,22.8,480.0,41.0,29.5,12.2,95,87
2026-05-26 16:44:31.716164,chennai,18.9,23.2,16.0,294.0,62.0,31.1,9.4,82,62
2026-05-26 19:22:42.513412,delhi,54.6,103.1,32.2,466.0,59.0,34.5,4.6,62,102
2026-05-26 19:22:43.724527,mumbai,17.1,41.8,4.4,119.0,53.0,30.2,10.0,78,53
2026-05-26 19:41:20.150074,bangalore,10.6,10.8,12.3,243.0,45.0,22.5,8.0,100,45
2026-05-26 19:59:58.230297,chennai,18.9,23.2,16.0,294.0,62.0,30.9,12.3,83,62
2026-05-26 21:48:59.216717,delhi,54.6,103.1,32.2,466.0,59.0,32.8,3.5,61,102
2026-05-26 21:49:00.009035,mumbai,17.1,41.8,4.4,119.0,53.0,30.0,12.2,83,53
2026-05-26 21:49:00.801076,hyderabad,11.0,13.4,10.9,212.0,54.0,29.8,11.2,66,54
2026-05-26 21:49:01.588645,bangalore,10.6,10.8,12.3,243.0,45.0,21.8,8.5,100,45
2026-05-26 21:49:02.385430,kolkata,52.7,59.8,22.8,480.0,41.0,29.2,12.6,92,87
2026-05-26 21:49:03.208197,chennai,18.9,23.2,16.0,294.0,62.0,29.8,12.0,83,62
2026-05-26 23:13:38.572011,delhi,48.8,76.4,34.8,488.0,59.0,31.5,5.6,61,81
2026-05-26 23:13:39.845051,mumbai,13.6,24.4,5.0,121.0,46.0,29.6,10.3,83,46
2026-05-26 23:13:41.059975,hyderabad,15.8,21.0,13.4,244.0,52.0,29.5,11.0,66,52
2026-05-26 23:13:42.325059,bangalore,13.6,13.8,13.4,248.0,39.0,21.4,7.3,100,39
2026-05-26 23:13:43.590849,kolkata,33.9,42.5,17.9,405.0,58.0,29.2,13.1,92,58
2026-05-26 23:13:44.873925,chennai,15.1,17.8,11.5,250.0,78.0,29.5,10.4,83,78
2026-05-27 12:24:11.013021,delhi,56.3,74.7,35.1,576.0,51.0,41.3,15.1,54,93
2026-05-27 12:24:11.888079,mumbai,17.9,35.6,6.6,126.0,45.0,32.5,12.4,76,45
2026-05-27 12:24:12.688565,hyderabad,11.1,17.2,8.9,182.0,52.0,34.4,6.8,78,52
2026-05-27 12:24:13.491996,bangalore,9.6,9.9,12.7,230.0,36.0,28.9,5.6,100,36
2026-05-27 12:24:14.370864,kolkata,78.0,85.4,37.5,802.0,12.0,26.8,13.6,94,160
2026-05-27 12:24:15.203409,chennai,13.6,16.7,11.0,222.0,66.0,32.5,12.7,82,66
2026-05-27 16:40:18.501271,delhi,56.3,74.7,35.1,849.0,51.0,37.8,3.0,54,93
2026-05-27 16:40:21.152533,mumbai,17.9,35.6,6.6,171.0,45.0,31.2,8.6,76,45
2026-05-27 16:40:23.404023,hyderabad,11.1,17.2,8.9,195.0,52.0,28.0,8.2,78,52
2026-05-27 16:58:40.543850,kolkata,78.0,85.4,37.5,518.0,12.0,26.5,7.9,94,160
2026-05-27 16:58:41.903417,chennai,13.6,16.7,11.0,279.0,66.0,30.7,11.2,82,66
2026-05-27 19:28:46.850887,delhi,56.3,74.7,35.1,849.0,51.0,34.8,1.1,65,93
2026-05-27 19:28:47.657276,mumbai,17.9,35.6,6.6,171.0,45.0,30.5,8.2,83,45
2026-05-27 19:28:48.493875,hyderabad,11.1,17.2,8.9,195.0,52.0,27.0,9.2,81,52
2026-05-27 19:28:49.289128,bangalore,9.6,9.9,12.7,211.0,36.0,22.2,6.1,100,36
2026-05-27 19:28:50.115038,kolkata,78.0,85.4,37.5,518.0,12.0,26.8,9.1,92,160
2026-05-27 19:28:50.914495,chennai,13.6,16.7,11.0,279.0,66.0,30.0,10.9,85,66
2026-05-27 22:00:42.539665,delhi,56.3,74.7,35.1,849.0,51.0,33.0,2.4,73,93
2026-05-27 22:00:45.463080,mumbai,17.9,35.6,6.6,171.0,45.0,29.8,8.0,93,45
2026-05-27 22:00:47.859788,hyderabad,11.1,17.2,8.9,195.0,52.0,26.8,10.2,82,52
2026-05-27 22:18:04.850472,kolkata,78.0,85.4,37.5,518.0,12.0,26.7,5.3,95,160
2026-05-27 22:18:05.770957,chennai,13.6,16.7,11.0,279.0,66.0,29.9,9.4,88,66
2026-05-28 14:40:17.822705,delhi,76.6,104.5,47.0,736.0,46.0,33.7,4.4,42,155
2026-05-28 14:40:20.255658,mumbai,24.7,53.9,10.7,146.0,44.0,31.0,10.1,86,53
2026-05-28 14:40:22.362742,hyderabad,16.5,22.6,16.5,285.0,53.0,30.9,8.5,78,53
2026-05-28 14:58:27.261911,kolkata,53.8,58.0,28.2,636.0,14.0,29.2,9.0,99,89
2026-05-28 14:58:28.434146,chennai,13.3,16.9,12.6,232.0,67.0,32.5,13.4,86,67
2026-05-28 18:18:42.539366,delhi,76.6,104.5,47.0,710.0,46.0,31.6,10.6,42,155
2026-05-28 18:18:43.318135,mumbai,24.7,53.9,10.7,213.0,44.0,30.0,11.5,86,53
2026-05-28 18:18:44.102587,hyderabad,16.5,22.6,16.5,409.0,53.0,28.9,7.1,78,53
2026-05-28 18:18:44.890721,bangalore,18.2,18.7,15.5,267.0,41.0,21.4,7.7,95,41
2026-05-28 18:18:45.668428,kolkata,53.8,58.0,28.2,447.0,14.0,27.8,7.0,99,89
2026-05-28 18:18:46.463455,chennai,13.3,16.9,12.6,326.0,67.0,31.1,11.6,86,67
2026-05-28 21:11:11.971764,delhi,76.6,104.5,47.0,710.0,46.0,27.3,16.5,42,155
2026-05-28 21:11:12.947656,mumbai,24.7,53.9,10.7,213.0,44.0,29.9,14.2,88,53
2026-05-28 21:11:13.991907,hyderabad,16.5,22.6,16.5,409.0,53.0,28.6,11.0,82,53
2026-05-28 21:11:15.065925,bangalore,18.2,18.7,15.5,267.0,41.0,21.7,9.5,98,41
2026-05-28 21:11:16.105860,kolkata,53.8,58.0,28.2,447.0,14.0,27.8,5.7,98,89
2026-05-28 21:11:17.180642,chennai,13.3,16.9,12.6,326.0,67.0,30.2,10.6,74,67
2026-05-28 23:21:21.220473,delhi,62.6,93.1,35.3,710.0,51.0,26.5,13.3,42,108
2026-05-28 23:21:22.265555,mumbai,25.1,56.6,10.3,213.0,41.0,29.9,13.3,88,56
2026-05-28 23:21:23.308070,hyderabad,21.1,31.9,19.0,409.0,51.0,28.4,13.7,82,51
2026-05-28 23:21:24.424466,bangalore,16.0,16.8,19.2,267.0,41.0,21.3,7.4,98,41
2026-05-28 23:21:25.475022,kolkata,45.5,52.5,23.3,447.0,18.0,26.8,1.7,98,75
2026-05-28 23:21:26.510658,chennai,13.0,15.8,12.1,326.0,70.0,29.6,10.0,74,70
2026-05-29 12:19:16.575133,delhi,79.2,136.0,54.1,924.0,60.0,33.2,9.7,60,164
2026-05-29 12:19:17.784400,mumbai,20.7,47.1,10.0,144.0,44.0,31.8,13.0,88,47
2026-05-29 12:19:18.989262,hyderabad,23.1,30.7,9.3,217.0,78.0,36.5,8.4,87,78
2026-05-29 12:19:20.167091,bangalore,12.6,12.7,14.7,264.0,38.0,27.6,5.2,98,38
2026-05-29 12:19:21.383802,kolkata,55.8,61.7,21.6,505.0,44.0,26.2,8.2,91,93
2026-05-29 12:19:22.629980,chennai,14.0,14.8,13.7,290.0,75.0,34.1,15.2,84,75
2026-05-29 16:46:28.504171,delhi,79.2,136.0,54.1,766.0,60.0,28.7,8.1,60,164
2026-05-29 16:46:29.287068,mumbai,20.7,47.1,10.0,207.0,44.0,30.7,12.7,88,47
2026-05-29 16:46:30.067967,hyderabad,23.1,30.7,9.3,253.0,78.0,31.0,3.5,87,78
2026-05-29 16:46:30.852802,bangalore,12.6,12.7,14.7,301.0,38.0,22.0,4.7,98,38
2026-05-29 16:46:31.645155,kolkata,55.8,61.7,21.6,383.0,44.0,26.5,2.7,91,93
2026-05-29 16:46:32.437961,chennai,14.0,14.8,13.7,264.0,75.0,31.4,11.7,84,75
2026-05-29 19:33:48.812880,delhi,79.2,136.0,54.1,766.0,60.0,29.2,6.0,58,164
2026-05-29 19:33:49.600391,mumbai,20.7,47.1,10.0,207.0,44.0,30.4,16.4,93,47
2026-05-29 19:33:50.384053,hyderabad,23.1,30.7,9.3,253.0,78.0,29.8,9.7,84,78
2026-05-29 19:33:51.173747,bangalore,12.6,12.7,14.7,301.0,38.0,22.6,9.1,99,38
2026-05-29 19:33:51.964126,kolkata,55.8,61.7,21.6,383.0,44.0,24.4,4.8,96,93
2026-05-29 19:33:52.761268,chennai,14.0,14.8,13.7,264.0,75.0,31.0,13.5,88,75
2026-05-29 21:55:24.505822,delhi,79.2,136.0,54.1,766.0,60.0,27.7,9.0,58,164
2026-05-29 21:55:25.691287,mumbai,20.7,47.1,10.0,207.0,44.0,30.2,14.6,93,47
2026-05-29 21:55:26.873541,hyderabad,23.1,30.7,9.3,253.0,78.0,29.4,13.3,84,78
2026-05-29 21:55:28.057160,bangalore,12.6,12.7,14.7,301.0,38.0,21.6,9.6,99,38
2026-05-29 21:55:29.214180,kolkata,55.8,61.7,21.6,383.0,44.0,23.9,4.2,96,93
2026-05-29 21:55:30.392476,chennai,14.0,14.8,13.7,264.0,75.0,29.8,11.4,88,75
2026-05-29 23:17:54.712194,delhi,68.2,134.1,42.1,766.0,57.0,26.9,9.4,58,127
2026-05-29 23:17:55.540492,mumbai,17.3,40.2,10.9,207.0,42.0,30.0,14.9,93,42
2026-05-29 23:17:56.342011,hyderabad,22.8,32.9,10.1,253.0,81.0,28.8,14.6,84,81
2026-05-29 23:17:57.148666,bangalore,8.6,9.0,13.4,301.0,37.0,21.2,10.0,99,37
2026-05-29 23:17:57.950666,kolkata,37.3,42.4,17.4,383.0,49.0,23.9,3.3,96,62
2026-05-29 23:17:58.754992,chennai,18.9,20.5,13.5,264.0,85.0,29.3,10.6,88,85
2026-05-30 11:24:57.344604,delhi,78.5,177.0,25.3,445.0,69.0,32.3,2.9,52,161
2026-05-30 11:24:58.358706,mumbai,17.2,39.9,13.8,149.0,42.0,33.2,14.6,90,42
2026-05-30 11:24:59.391772,hyderabad,9.9,12.5,10.2,193.0,52.0,37.0,9.8,92,52
2026-05-30 11:25:00.498172,bangalore,5.4,6.2,10.4,173.0,31.0,28.1,7.1,100,31
2026-05-30 11:25:01.532807,kolkata,47.5,55.4,18.1,445.0,56.0,33.1,5.6,95,79
2026-05-30 11:25:02.552334,chennai,15.9,19.6,14.7,291.0,66.0,34.8,11.0,82,66
2026-05-30 13:49:37.170109,delhi,78.5,177.0,25.3,445.0,69.0,25.6,7.4,52,161
2026-05-30 13:49:37.956520,mumbai,17.2,39.9,13.8,149.0,42.0,31.5,13.5,90,42
2026-05-30 13:49:38.749522,hyderabad,9.9,12.5,10.2,193.0,52.0,34.6,5.1,92,52
2026-05-30 13:49:39.552318,bangalore,5.4,6.2,10.4,173.0,31.0,23.2,6.1,100,31
2026-05-30 13:49:40.352877,kolkata,47.5,55.4,18.1,445.0,56.0,27.5,3.8,95,79
2026-05-30 13:49:41.145803,chennai,15.9,19.6,14.7,291.0,66.0,31.1,7.6,82,66
2026-05-30 15:13:07.196502,delhi,78.5,177.0,25.3,704.0,69.0,25.3,3.1,52,161
2026-05-30 15:13:08.525217,mumbai,17.2,39.9,13.8,169.0,42.0,31.2,14.1,90,42
2026-05-30 15:13:09.713184,hyderabad,9.9,12.5,10.2,240.0,52.0,34.0,4.3,92,52
2026-05-30 15:13:10.890483,bangalore,5.4,6.2,10.4,310.0,31.0,22.6,6.5,100,31
2026-05-30 15:13:12.093599,kolkata,47.5,55.4,18.1,351.0,56.0,27.5,3.8,95,79
2026-05-30 15:13:13.296170,chennai,15.9,19.6,14.7,320.0,66.0,30.7,8.6,82,66
2026-05-30 17:13:51.183990,delhi,78.5,177.0,25.3,704.0,69.0,24.7,6.6,52,161
2026-05-30 17:13:51.987994,mumbai,17.2,39.9,13.8,169.0,42.0,30.8,14.4,90,42
2026-05-30 17:13:52.822379,hyderabad,9.9,12.5,10.2,240.0,52.0,31.3,5.5,92,52
2026-05-30 17:13:53.596098,bangalore,5.4,6.2,10.4,310.0,31.0,22.2,5.3,100,31
2026-05-30 17:13:54.442411,kolkata,47.5,55.4,18.1,351.0,56.0,27.4,4.9,95,79
2026-05-30 17:13:55.238866,chennai,15.9,19.6,14.7,320.0,66.0,30.0,8.8,82,66
2026-05-30 19:24:12.948382,delhi,78.5,177.0,25.3,704.0,69.0,24.9,5.1,50,161
2026-05-30 19:24:14.137316,mumbai,17.2,39.9,13.8,169.0,42.0,30.6,15.9,93,42
2026-05-30 19:24:15.334515,hyderabad,9.9,12.5,10.2,240.0,52.0,29.7,10.1,96,52
2026-05-30 19:24:16.540189,bangalore,5.4,6.2,10.4,310.0,31.0,22.5,6.5,100,31
2026-05-30 19:24:17.714730,kolkata,47.5,55.4,18.1,351.0,56.0,27.0,5.3,93,79
2026-05-30 19:24:18.902839,chennai,15.9,19.6,14.7,320.0,66.0,30.2,8.8,76,66
2026-05-30 21:04:37.400448,delhi,78.5,177.0,25.3,704.0,69.0,24.5,3.4,50,161
2026-05-30 21:04:38.262244,mumbai,17.2,39.9,13.8,169.0,42.0,30.3,14.6,93,42
2026-05-30 21:04:39.059360,hyderabad,9.9,12.5,10.2,240.0,52.0,28.4,10.6,96,52
2026-05-30 21:04:39.846345,bangalore,5.4,6.2,10.4,310.0,31.0,22.3,9.1,100,31
2026-05-30 21:04:40.651881,kolkata,47.5,55.4,18.1,351.0,56.0,26.4,3.5,93,79
2026-05-30 21:04:41.439058,chennai,15.9,19.6,14.7,320.0,66.0,29.6,10.6,76,66
2026-05-30 23:03:02.332154,delhi,101.7,292.4,40.5,704.0,70.0,24.0,5.0,50,242
2026-05-30 23:03:03.423010,mumbai,21.3,51.3,11.8,169.0,45.0,30.0,9.7,93,51
2026-05-30 23:03:04.464102,hyderabad,13.4,16.8,12.1,240.0,56.0,27.7,10.5,96,56
2026-05-30 23:03:05.480409,bangalore,5.8,6.5,12.1,310.0,30.0,22.0,7.5,100,30
2026-05-30 23:03:06.438644,kolkata,48.4,54.7,15.4,351.0,75.0,26.1,0.8,93,80
2026-05-30 23:03:07.499692,chennai,13.4,14.5,14.0,320.0,69.0,29.0,9.7,76,69
2026-05-31 13:55:38.430675,delhi,121.5,221.7,81.9,1181.0,32.0,27.5,8.9,50,301
2026-05-31 13:55:39.689933,mumbai,21.1,49.0,8.8,128.0,46.0,31.0,11.8,92,49
2026-05-31 13:55:40.937192,hyderabad,11.7,15.9,10.3,188.0,47.0,34.0,6.8,90,47
2026-05-31 13:55:42.182274,bangalore,4.7,5.3,9.9,170.0,35.0,27.2,1.0,98,35
2026-05-31 13:55:43.427161,kolkata,33.5,39.2,10.7,331.0,91.0,30.0,5.8,94,91
2026-05-31 13:55:44.695958,chennai,14.9,16.0,19.0,298.0,43.0,33.0,9.9,85,43
2026-05-31 15:20:33.276469,delhi,121.5,221.7,81.9,453.0,32.0,26.8,4.1,50,301
2026-05-31 15:20:34.487630,mumbai,21.1,49.0,8.8,167.0,46.0,30.7,10.0,92,49
2026-05-31 15:20:35.688257,hyderabad,11.7,15.9,10.3,222.0,47.0,32.7,4.4,90,47
2026-05-31 15:20:36.845167,bangalore,4.7,5.3,9.9,192.0,35.0,26.1,4.9,98,35
2026-05-31 15:20:38.052694,kolkata,33.5,39.2,10.7,334.0,91.0,29.5,5.8,94,91
2026-05-31 15:20:39.261059,chennai,14.9,16.0,19.0,275.0,43.0,31.9,10.7,85,43
2026-05-31 17:12:45.562632,delhi,121.5,221.7,81.9,453.0,32.0,26.5,2.2,50,301
2026-05-31 17:12:46.763746,mumbai,21.1,49.0,8.8,167.0,46.0,30.4,7.4,92,49
2026-05-31 17:12:47.960264,hyderabad,11.7,15.9,10.3,222.0,47.0,31.6,4.2,90,47
2026-05-31 17:12:49.205459,bangalore,4.7,5.3,9.9,192.0,35.0,23.2,12.1,98,35
2026-05-31 17:12:50.414960,kolkata,33.5,39.2,10.7,334.0,91.0,28.7,6.0,94,91
2026-05-31 17:12:51.594839,chennai,14.9,16.0,19.0,275.0,43.0,30.9,10.6,85,43
2026-05-31 19:23:34.784690,delhi,121.5,221.7,81.9,453.0,32.0,24.8,4.8,60,301
2026-05-31 19:23:35.711336,mumbai,21.1,49.0,8.8,167.0,46.0,30.3,8.7,96,49
2026-05-31 19:23:36.629887,hyderabad,11.7,15.9,10.3,222.0,47.0,29.3,8.4,95,47
2026-05-31 19:23:37.547304,bangalore,4.7,5.3,9.9,192.0,35.0,21.7,8.8,100,35
2026-05-31 19:23:38.456177,kolkata,33.5,39.2,10.7,334.0,91.0,28.6,4.7,95,91
2026-05-31 19:23:39.345702,chennai,14.9,16.0,19.0,275.0,43.0,30.8,13.4,86,43
2026-05-31 21:05:19.076704,delhi,121.5,221.7,81.9,453.0,32.0,24.4,1.3,60,301
2026-05-31 21:05:20.329637,mumbai,21.1,49.0,8.8,167.0,46.0,29.9,6.7,96,49
2026-05-31 21:05:21.571497,hyderabad,11.7,15.9,10.3,222.0,47.0,29.0,8.5,95,47
2026-05-31 21:05:22.796820,bangalore,4.7,5.3,9.9,192.0,35.0,21.5,7.4,100,35
2026-05-31 21:05:24.064504,kolkata,33.5,39.2,10.7,334.0,91.0,28.2,2.9,95,91
2026-05-31 21:05:25.301638,chennai,14.9,16.0,19.0,275.0,43.0,30.5,12.8,86,43
2026-05-31 23:04:44.716044,delhi,121.5,221.7,81.9,453.0,32.0,24.0,2.9,60,301
2026-05-31 23:04:45.834625,mumbai,21.1,49.0,8.8,167.0,46.0,29.5,4.5,96,49
2026-05-31 23:04:46.949550,hyderabad,11.7,15.9,10.3,222.0,47.0,28.0,7.0,95,47
2026-05-31 23:04:48.076527,bangalore,4.7,5.3,9.9,192.0,35.0,21.2,6.4,100,35
2026-05-31 23:04:49.176134,kolkata,33.5,39.2,10.7,334.0,91.0,27.9,2.0,95,91
2026-05-31 23:04:50.327241,chennai,14.9,16.0,19.0,275.0,43.0,29.9,11.6,86,43
2026-06-01 16:41:42.884248,delhi,109.2,189.1,59.4,645.0,45.0,28.2,6.2,47,264
2026-06-01 16:41:43.949977,mumbai,20.7,49.4,6.5,167.0,49.0,30.8,8.8,90,49
2026-06-01 16:41:45.028536,hyderabad,7.7,9.7,9.2,192.0,56.0,32.5,1.0,94,56
2026-06-01 16:41:46.144640,bangalore,4.5,5.7,8.5,190.0,35.0,24.8,7.4,98,35
2026-06-01 16:41:47.243364,kolkata,29.3,34.1,8.3,302.0,101.0,29.9,7.6,86,101
2026-06-01 16:41:48.275286,chennai,11.6,13.1,18.2,258.0,37.0,31.5,10.6,73,37
2026-06-01 20:57:49.919456,delhi,109.2,189.1,59.4,645.0,45.0,26.0,6.5,41,264
2026-06-01 20:57:50.698018,mumbai,20.7,49.4,6.5,167.0,49.0,30.0,7.4,93,49
2026-06-01 20:57:51.480269,hyderabad,7.7,9.7,9.2,192.0,56.0,29.4,4.2,94,56
2026-06-01 20:57:52.281972,bangalore,4.5,5.7,8.5,190.0,35.0,23.8,5.6,97,35
2026-06-01 20:57:53.071962,kolkata,29.3,34.1,8.3,302.0,101.0,28.3,5.4,96,101
2026-06-01 20:57:53.852158,chennai,11.6,13.1,18.2,258.0,37.0,28.9,14.4,77,37
2026-06-01 23:05:47.581750,delhi,97.6,214.2,100.2,645.0,0.0,25.1,6.7,41,225
2026-06-01 23:05:48.394506,mumbai,13.7,30.6,7.7,167.0,47.0,29.2,9.7,93,47
2026-06-01 23:05:49.179407,hyderabad,9.4,10.7,10.9,192.0,53.0,28.1,13.2,94,53
2026-06-01 23:05:49.965268,bangalore,4.2,5.0,8.8,190.0,33.0,22.5,4.7,97,33
2026-06-01 23:05:50.744355,kolkata,32.0,35.7,11.1,302.0,88.0,28.0,4.0,96,88
2026-06-01 23:05:51.514888,chennai,11.9,13.0,19.9,258.0,31.0,28.6,8.2,77,31
2026-06-02 14:09:35.508422,delhi,138.3,584.9,20.3,250.0,41.0,34.0,8.9,36,500
2026-06-02 14:09:36.293297,mumbai,10.4,20.7,9.9,129.0,44.0,30.5,8.6,92,44
2026-06-02 14:09:37.105690,hyderabad,8.5,10.3,10.0,189.0,54.0,33.1,5.7,93,54
2026-06-02 14:09:37.893397,bangalore,2.9,3.0,8.2,147.0,36.0,22.1,9.7,93,36
2026-06-02 14:09:38.682406,kolkata,41.4,43.5,15.7,433.0,74.0,32.4,10.1,99,74
2026-06-02 14:09:39.497440,chennai,13.1,14.0,19.7,280.0,40.0,31.0,15.7,67,40
2026-06-02 18:43:48.243899,delhi,138.3,584.9,20.3,1068.0,41.0,31.0,2.8,36,500
2026-06-02 18:43:49.191319,mumbai,10.4,20.7,9.9,167.0,44.0,28.6,5.0,92,44
2026-06-02 18:43:50.133042,hyderabad,8.5,10.3,10.0,193.0,54.0,30.0,5.4,93,54
2026-06-02 18:43:51.064868,bangalore,2.9,3.0,8.2,178.0,36.0,21.6,3.9,93,36
2026-06-02 18:43:51.995343,kolkata,41.4,43.5,15.7,304.0,74.0,29.6,9.2,99,74
2026-06-02 18:43:52.917070,chennai,13.1,14.0,19.7,357.0,40.0,29.5,15.0,67,40
2026-06-02 21:52:05.807101,delhi,138.3,584.9,20.3,1068.0,41.0,28.6,2.9,47,500
2026-06-02 21:52:06.612680,mumbai,10.4,20.7,9.9,167.0,44.0,28.3,5.1,88,44
2026-06-02 21:52:07.650389,hyderabad,8.5,10.3,10.0,193.0,54.0,27.4,7.0,94,54
2026-06-02 21:52:08.540790,bangalore,2.9,3.0,8.2,178.0,36.0,21.6,6.5,95,36
2026-06-02 21:52:09.390499,kolkata,41.4,43.5,15.7,304.0,74.0,29.0,7.6,96,74
2026-06-02 21:52:10.209410,chennai,13.1,14.0,19.7,357.0,40.0,29.5,11.3,73,40
2026-06-02 23:50:22.666289,delhi,95.0,311.1,45.8,1068.0,17.0,27.9,3.2,47,261
2026-06-02 23:50:23.885400,mumbai,10.6,19.8,11.0,167.0,44.0,28.0,5.6,88,44
2026-06-02 23:50:25.129122,hyderabad,10.3,12.3,11.7,193.0,52.0,27.1,6.3,94,52
2026-06-02 23:50:26.333388,bangalore,3.1,3.2,8.5,178.0,35.0,21.4,9.0,95,35
2026-06-02 23:50:27.555363,kolkata,35.9,38.4,14.1,304.0,80.0,29.0,6.6,96,80
2026-06-02 23:50:28.756283,chennai,18.9,21.4,25.4,357.0,30.0,29.0,10.8,73,31
2026-06-03 14:50:20.270059,delhi,137.8,530.9,28.6,410.0,60.0,35.5,6.8,33,500
2026-06-03 14:50:22.367592,mumbai,13.0,29.7,10.7,131.0,48.0,29.6,11.2,85,48
2026-06-03 14:50:24.138303,hyderabad,8.0,9.0,8.2,188.0,60.0,31.8,6.4,95,60
2026-06-03 15:08:42.569067,kolkata,35.5,37.3,12.6,365.0,88.0,30.6,9.2,94,88
2026-06-03 15:08:43.766956,chennai,7.9,8.2,13.8,192.0,35.0,31.0,6.6,76,35
2026-06-03 18:49:10.363274,delhi,137.8,530.9,28.6,465.0,60.0,32.2,5.4,33,500
2026-06-03 18:49:11.446417,mumbai,13.0,29.7,10.7,160.0,48.0,29.1,7.8,85,48
2026-06-03 18:49:12.506398,hyderabad,8.0,9.0,8.2,186.0,60.0,27.3,10.0,95,60
2026-06-03 18:49:13.562339,bangalore,3.4,3.6,6.2,170.0,38.0,21.0,11.4,99,38
2026-06-03 18:49:14.631156,kolkata,35.5,37.3,12.6,365.0,88.0,29.6,7.2,94,88
2026-06-03 18:49:15.671282,chennai,7.9,8.2,13.8,192.0,35.0,28.9,7.2,76,35
2026-06-03 21:53:23.079428,delhi,137.8,530.9,28.6,465.0,60.0,30.4,3.5,37,500
2026-06-03 21:53:24.092067,mumbai,13.0,29.7,10.7,160.0,48.0,29.3,9.7,87,48
2026-06-03 21:53:25.158232,hyderabad,8.0,9.0,8.2,186.0,60.0,27.6,11.2,96,60
2026-06-03 21:53:26.110444,bangalore,3.4,3.6,6.2,170.0,38.0,20.2,11.8,95,38
2026-06-03 21:53:27.158517,kolkata,35.5,37.3,12.6,365.0,88.0,29.6,5.9,95,88
2026-06-03 21:53:28.129232,chennai,7.9,8.2,13.8,192.0,35.0,30.5,13.3,68,35
2026-06-03 23:48:16.027292,delhi,109.0,394.9,32.8,465.0,40.0,29.5,2.8,37,356
2026-06-03 23:48:17.188698,mumbai,18.5,50.5,9.0,160.0,49.0,28.4,6.8,87,50
2026-06-03 23:48:18.311082,hyderabad,5.0,5.5,6.8,186.0,59.0,27.0,10.9,96,59
2026-06-03 23:48:19.481803,bangalore,2.6,2.8,5.9,170.0,41.0,20.1,11.6,95,41
2026-06-03 23:48:20.609062,kolkata,28.6,29.9,13.9,365.0,71.0,29.4,6.3,95,71
2026-06-03 23:48:21.770233,chennai,10.7,11.6,15.4,192.0,33.0,29.8,10.5,68,33
2026-06-04 16:21:35.476477,delhi,119.2,432.1,51.2,533.0,22.0,33.7,4.4,49,500
2026-06-04 16:21:36.246779,mumbai,25.8,68.5,6.4,219.0,55.0,30.7,8.5,76,68
2026-06-04 16:21:37.033080,hyderabad,6.8,7.2,9.1,212.0,56.0,30.9,5.8,94,56
2026-06-04 16:21:37.810976,bangalore,2.1,2.2,7.3,159.0,40.0,22.4,12.9,99,40
2026-06-04 16:21:38.606380,kolkata,44.0,45.9,12.2,395.0,100.0,28.8,8.2,97,100
2026-06-04 16:21:39.396609,chennai,6.8,7.1,15.2,179.0,32.0,30.9,10.1,79,32
2026-06-04 19:24:51.193352,delhi,119.2,432.1,51.2,533.0,22.0,30.6,6.8,42,500
2026-06-04 19:24:52.473013,mumbai,25.8,68.5,6.4,219.0,55.0,30.5,10.7,74,68
2026-06-04 19:24:53.737970,hyderabad,6.8,7.2,9.1,212.0,56.0,28.7,7.5,98,56
2026-06-04 19:24:54.989550,bangalore,2.1,2.2,7.3,159.0,40.0,21.4,13.4,93,40
2026-06-04 19:24:56.251016,kolkata,44.0,45.9,12.2,395.0,100.0,30.8,9.5,93,100
2026-06-04 21:45:00.018587,delhi,119.2,432.1,51.2,533.0,22.0,29.8,4.2,42,500
2026-06-04 21:45:01.097507,mumbai,25.8,68.5,6.4,219.0,55.0,30.0,9.5,74,68
2026-06-04 21:45:02.059115,hyderabad,6.8,7.2,9.1,212.0,56.0,27.8,8.2,98,56
2026-06-04 21:45:02.988112,bangalore,2.1,2.2,7.3,159.0,40.0,20.8,12.3,93,40
2026-06-04 21:45:03.887217,kolkata,44.0,45.9,12.2,395.0,100.0,30.4,7.9,93,100
2026-06-04 21:45:04.792464,chennai,6.8,7.1,15.2,179.0,32.0,31.5,12.9,92,32
2026-06-04 23:12:25.601118,delhi,159.3,635.2,75.7,533.0,0.0,29.0,8.4,42,500
2026-06-04 23:12:26.373651,mumbai,23.9,63.3,4.3,219.0,59.0,29.2,7.6,74,63
2026-06-04 23:12:27.219593,hyderabad,6.0,6.5,8.7,212.0,60.0,27.6,9.5,98,60
2026-06-04 23:12:28.004499,bangalore,2.6,2.6,7.2,159.0,40.0,20.7,12.1,93,40
2026-06-04 23:12:28.776357,kolkata,39.8,43.4,13.5,395.0,90.0,30.1,5.8,93,90
2026-06-04 23:12:29.559668,chennai,7.9,8.2,17.6,179.0,30.0,31.0,12.5,92,30
2026-06-05 12:11:31.711053,delhi,133.2,549.5,71.1,863.0,23.0,35.3,8.4,65,500
2026-06-05 12:11:32.485115,mumbai,27.8,61.5,3.6,106.0,56.0,32.1,13.7,79,61
2026-06-05 12:11:33.366950,hyderabad,12.0,15.9,11.1,212.0,56.0,32.5,5.9,99,56
2026-06-05 12:11:34.132534,bangalore,2.9,3.0,8.4,151.0,36.0,24.8,17.3,99,36
2026-06-05 12:11:34.911813,kolkata,36.6,41.6,11.1,370.0,95.0,32.4,7.2,94,95
2026-06-05 12:11:35.716087,chennai,8.7,9.0,18.6,244.0,31.0,35.2,12.8,92,31
2026-06-05 15:58:08.250097,delhi,133.2,549.5,71.1,653.0,23.0,30.7,4.4,65,500
2026-06-05 15:58:09.378896,mumbai,27.8,61.5,3.6,124.0,56.0,30.5,10.5,79,61
2026-06-05 15:58:10.551872,hyderabad,12.0,15.9,11.1,206.0,56.0,31.6,2.8,99,56
2026-06-05 15:58:11.740289,bangalore,2.9,3.0,8.4,170.0,36.0,22.7,11.3,99,36
2026-06-05 15:58:12.927663,kolkata,36.6,41.6,11.1,304.0,95.0,29.9,6.7,94,95
2026-06-05 18:04:01.537289,delhi,133.2,549.5,71.1,653.0,23.0,29.4,2.3,65,500
2026-06-05 18:04:02.667776,mumbai,27.8,61.5,3.6,124.0,56.0,29.3,8.9,79,61
2026-06-05 18:04:03.666230,hyderabad,12.0,15.9,11.1,206.0,56.0,27.8,10.0,99,56
2026-06-05 18:04:04.727411,bangalore,2.9,3.0,8.4,170.0,36.0,21.4,12.6,99,36
2026-06-05 18:04:05.772865,kolkata,36.6,41.6,11.1,304.0,95.0,29.2,3.6,94,95
2026-06-05 18:04:06.757340,chennai,8.7,9.0,18.6,209.0,31.0,30.8,7.6,92,31
2026-06-05 20:49:33.881352,delhi,133.2,549.5,71.1,653.0,23.0,29.3,4.2,90,500
2026-06-05 20:49:34.794437,mumbai,27.8,61.5,3.6,124.0,56.0,27.8,5.2,77,61
2026-06-05 20:49:35.703651,hyderabad,12.0,15.9,11.1,206.0,56.0,27.1,10.0,95,56
2026-06-05 20:49:36.615326,bangalore,2.9,3.0,8.4,170.0,36.0,20.6,11.1,97,36
2026-06-05 20:49:37.511415,kolkata,36.6,41.6,11.1,304.0,95.0,28.3,8.2,93,95
2026-06-05 20:49:38.413331,chennai,8.7,9.0,18.6,209.0,31.0,31.7,11.7,86,31
2026-06-05 22:18:49.287507,delhi,133.2,549.5,71.1,653.0,23.0,28.6,4.4,90,500
2026-06-05 22:18:50.613307,mumbai,27.8,61.5,3.6,124.0,56.0,27.7,8.0,77,61
2026-06-05 22:18:51.899805,hyderabad,12.0,15.9,11.1,206.0,56.0,27.0,11.1,95,56
2026-06-05 22:18:53.204881,bangalore,2.9,3.0,8.4,170.0,36.0,20.6,11.4,97,36
2026-06-05 22:18:54.476926,kolkata,36.6,41.6,11.1,304.0,95.0,27.4,5.5,93,95
2026-06-06 12:08:13.363092,delhi,147.1,489.9,72.0,951.0,9.0,37.9,11.6,91,500
2026-06-06 12:08:14.132795,mumbai,27.2,65.4,4.0,107.0,57.0,32.5,13.5,82,65
2026-06-06 12:08:14.901374,hyderabad,10.7,15.2,9.6,177.0,52.0,35.3,8.2,92,52
2026-06-06 12:08:15.749617,bangalore,4.1,4.7,9.5,167.0,37.0,22.0,15.0,99,37
2026-06-06 12:08:16.526347,kolkata,27.2,31.7,11.0,298.0,73.0,27.6,5.3,92,73
2026-06-06 12:08:17.308458,chennai,9.8,11.4,19.0,246.0,31.0,33.9,15.7,79,31
2026-06-06 14:45:36.187952,delhi,147.1,489.9,72.0,951.0,9.0,36.7,5.0,91,500
2026-06-06 14:45:36.949501,mumbai,27.2,65.4,4.0,107.0,57.0,31.2,9.9,82,65
2026-06-06 14:45:37.712182,hyderabad,10.7,15.2,9.6,177.0,52.0,32.3,8.5,92,52
2026-06-06 14:45:38.475471,bangalore,4.1,4.7,9.5,167.0,37.0,22.9,11.9,99,37
2026-06-06 14:45:39.247323,kolkata,27.2,31.7,11.0,298.0,73.0,29.6,0.4,92,73
2026-06-06 14:45:40.104109,chennai,9.8,11.4,19.0,246.0,31.0,34.7,8.6,79,31
2026-06-06 16:10:26.777990,delhi,147.1,489.9,72.0,537.0,9.0,35.7,1.7,91,500
2026-06-06 16:10:27.550257,mumbai,27.2,65.4,4.0,130.0,57.0,31.3,8.3,82,65
2026-06-06 16:10:28.418911,hyderabad,10.7,15.2,9.6,204.0,52.0,31.6,5.8,92,52
2026-06-06 16:10:29.186880,bangalore,4.1,4.7,9.5,180.0,37.0,22.6,12.3,99,37
2026-06-06 16:10:30.037103,kolkata,27.2,31.7,11.0,377.0,73.0,29.7,4.6,92,73
2026-06-06 16:10:30.816776,chennai,9.8,11.4,19.0,291.0,31.0,34.7,8.7,79,31
2026-06-06 18:10:53.797132,delhi,147.1,489.9,72.0,537.0,9.0,34.2,3.7,91,500
2026-06-06 18:10:54.577900,mumbai,27.2,65.4,4.0,130.0,57.0,30.5,7.7,82,65
2026-06-06 18:10:55.350787,hyderabad,10.7,15.2,9.6,204.0,52.0,29.2,10.3,92,52
2026-06-06 18:10:56.195719,bangalore,4.1,4.7,9.5,180.0,37.0,21.8,12.9,99,37
2026-06-06 18:10:56.959826,kolkata,27.2,31.7,11.0,377.0,73.0,28.8,5.3,92,73
2026-06-06 18:10:57.732129,chennai,9.8,11.4,19.0,291.0,31.0,32.8,7.7,79,31
2026-06-06 20:13:03.941890,delhi,147.1,489.9,72.0,537.0,9.0,32.2,4.7,91,500
2026-06-06 20:13:05.286225,mumbai,27.2,65.4,4.0,130.0,57.0,30.9,6.9,85,65
2026-06-06 20:13:06.554199,hyderabad,10.7,15.2,9.6,204.0,52.0,27.2,16.2,89,52
2026-06-06 20:13:07.850383,bangalore,4.1,4.7,9.5,180.0,37.0,21.3,11.2,98,37
2026-06-06 20:13:09.140564,kolkata,27.2,31.7,11.0,377.0,73.0,27.8,5.4,92,73
2026-06-06 22:07:08.213748,delhi,147.1,489.9,72.0,537.0,9.0,30.9,5.5,91,500
2026-06-06 22:07:09.093372,mumbai,27.2,65.4,4.0,130.0,57.0,30.5,6.9,85,65
2026-06-06 22:07:09.980580,hyderabad,10.7,15.2,9.6,204.0,52.0,26.2,9.4,89,52
2026-06-06 22:07:10.880080,bangalore,4.1,4.7,9.5,180.0,37.0,21.1,8.4,98,37
2026-06-06 22:07:11.773974,kolkata,27.2,31.7,11.0,377.0,73.0,27.6,1.5,92,73
2026-06-06 22:07:12.682624,chennai,9.8,11.4,19.0,291.0,31.0,31.2,14.5,85,31
2026-06-07 11:52:31.485859,delhi,52.0,108.0,14.7,388.0,97.0,39.0,12.3,83,105
2026-06-07 11:52:32.258366,mumbai,29.8,72.4,3.5,104.0,57.0,32.3,11.6,84,72
2026-06-07 11:52:33.048234,hyderabad,16.4,23.5,10.6,188.0,48.0,32.6,6.4,82,48
2026-06-07 11:52:33.833370,bangalore,6.4,9.3,9.0,164.0,35.0,25.4,16.7,98,35
2026-06-07 11:52:34.623335,kolkata,52.3,55.1,24.9,522.0,29.0,28.0,9.4,95,87
2026-06-07 11:52:35.413033,chennai,13.7,16.4,17.8,253.0,38.0,34.0,12.6,89,38
2026-06-07 14:03:57.343075,delhi,52.0,108.0,14.7,388.0,97.0,37.1,5.5,83,105
2026-06-07 14:03:58.471611,mumbai,29.8,72.4,3.5,104.0,57.0,31.3,11.8,84,72
2026-06-07 14:03:59.521062,hyderabad,16.4,23.5,10.6,188.0,48.0,30.4,14.2,82,48
2026-06-07 14:04:00.535471,bangalore,6.4,9.3,9.0,164.0,35.0,24.2,11.2,98,35
2026-06-07 14:04:01.577304,kolkata,52.3,55.1,24.9,522.0,29.0,28.9,7.5,95,87
2026-06-07 14:04:02.663529,chennai,13.7,16.4,17.8,253.0,38.0,32.5,12.7,89,38
2026-06-07 16:21:08.677058,delhi,52.0,108.0,14.7,379.0,97.0,35.7,4.7,83,105
2026-06-07 16:21:09.826271,mumbai,29.8,72.4,3.5,117.0,57.0,30.7,10.6,84,72
2026-06-07 16:21:10.778105,hyderabad,16.4,23.5,10.6,172.0,48.0,28.5,8.3,82,48
2026-06-07 16:21:11.796507,bangalore,6.4,9.3,9.0,198.0,35.0,23.2,12.6,98,35
2026-06-07 16:21:12.780208,kolkata,52.3,55.1,24.9,479.0,29.0,28.3,8.1,95,87
2026-06-07 16:21:13.828603,chennai,13.7,16.4,17.8,288.0,38.0,29.4,5.0,89,38
2026-06-07 18:08:07.703989,delhi,52.0,108.0,14.7,379.0,97.0,34.8,6.0,83,105
2026-06-07 18:08:08.972843,mumbai,29.8,72.4,3.5,117.0,57.0,30.6,8.0,84,72
2026-06-07 18:08:10.268959,hyderabad,16.4,23.5,10.6,172.0,48.0,25.4,7.1,82,48
2026-06-07 18:08:11.567568,bangalore,6.4,9.3,9.0,198.0,35.0,22.1,8.8,98,35
2026-06-07 18:08:12.840924,kolkata,52.3,55.1,24.9,479.0,29.0,27.9,4.6,95,87
2026-06-07 18:08:14.113451,chennai,13.7,16.4,17.8,288.0,38.0,29.1,4.4,89,38
2026-06-07 20:16:20.125243,delhi,52.0,108.0,14.7,379.0,97.0,31.3,6.9,87,105
2026-06-07 20:16:21.384328,mumbai,29.8,72.4,3.5,117.0,57.0,27.9,7.3,82,72
2026-06-07 20:16:22.657418,hyderabad,16.4,23.5,10.6,172.0,48.0,25.6,11.5,87,48
2026-06-07 20:16:23.922788,bangalore,6.4,9.3,9.0,198.0,35.0,21.4,10.0,96,35
2026-06-07 20:16:25.222620,kolkata,52.3,55.1,24.9,479.0,29.0,27.0,3.6,95,87
2026-06-07 20:16:26.471169,chennai,13.7,16.4,17.8,288.0,38.0,30.2,10.5,87,38
2026-06-07 22:08:50.335039,delhi,52.0,108.0,14.7,379.0,97.0,30.6,4.2,87,105
2026-06-07 22:08:51.585035,mumbai,29.8,72.4,3.5,117.0,57.0,27.5,4.3,82,72
2026-06-07 22:08:52.833957,hyderabad,16.4,23.5,10.6,172.0,48.0,25.4,11.9,87,48
2026-06-07 22:08:54.098845,bangalore,6.4,9.3,9.0,198.0,35.0,21.1,10.9,96,35
2026-06-07 22:08:55.332506,kolkata,52.3,55.1,24.9,479.0,29.0,26.7,2.4,95,87
2026-06-07 22:08:56.579507,chennai,13.7,16.4,17.8,288.0,38.0,30.3,12.2,87,38
2026-06-08 11:06:19.546995,delhi,71.0,115.3,38.6,663.0,46.0,41.4,13.8,71,136
2026-06-08 11:06:20.504474,mumbai,19.4,46.3,3.3,104.0,55.0,33.2,16.5,79,55
2026-06-08 11:06:21.442450,hyderabad,12.5,18.9,9.3,168.0,42.0,33.5,5.4,68,42
2026-06-08 11:06:22.395835,bangalore,6.1,8.8,8.4,158.0,39.0,27.1,19.7,93,39
2026-06-08 11:06:23.429224,kolkata,54.2,61.0,21.1,501.0,52.0,32.6,3.9,96,90
2026-06-08 11:06:24.347215,chennai,12.9,15.8,17.4,243.0,38.0,35.5,3.1,74,38
2026-06-08 16:02:24.364744,delhi,71.0,115.3,38.6,663.0,46.0,36.7,5.9,71,136
2026-06-08 16:02:25.138023,mumbai,19.4,46.3,3.3,104.0,55.0,31.1,11.2,79,55
2026-06-08 16:02:25.922396,hyderabad,12.5,18.9,9.3,168.0,42.0,26.0,12.0,68,42
2026-06-08 16:02:26.694295,bangalore,6.1,8.8,8.4,158.0,39.0,23.1,14.3,93,39
2026-06-08 16:02:27.471070,kolkata,54.2,61.0,21.1,501.0,52.0,28.7,6.6,96,90
2026-06-08 16:02:28.245240,chennai,12.9,15.8,17.4,243.0,38.0,31.3,3.8,74,38
2026-06-08 19:23:23.050406,delhi,71.0,115.3,38.6,438.0,46.0,34.1,3.8,69,136
2026-06-08 19:23:24.190709,mumbai,19.4,46.3,3.3,112.0,55.0,29.6,7.7,80,55
2026-06-08 19:23:25.314034,hyderabad,12.5,18.9,9.3,171.0,42.0,27.0,13.5,71,42
2026-06-08 19:23:26.415876,bangalore,6.1,8.8,8.4,200.0,39.0,21.8,13.3,93,39
2026-06-08 19:23:27.579392,kolkata,54.2,61.0,21.1,467.0,52.0,28.5,7.3,95,90
2026-06-08 19:23:28.723814,chennai,12.9,15.8,17.4,288.0,38.0,33.1,14.1,78,38
2026-06-08 21:53:23.440679,delhi,71.0,115.3,38.6,438.0,46.0,32.1,3.1,69,136
2026-06-08 21:53:24.213261,mumbai,19.4,46.3,3.3,112.0,55.0,27.6,6.8,80,55
2026-06-08 21:53:25.065313,hyderabad,12.5,18.9,9.3,171.0,42.0,25.2,14.6,71,42
2026-06-08 21:53:25.834857,bangalore,6.1,8.8,8.4,200.0,39.0,21.1,12.7,93,39
2026-06-08 21:53:26.688050,kolkata,54.2,61.0,21.1,467.0,52.0,28.8,6.8,95,90
2026-06-08 21:53:27.466255,chennai,12.9,15.8,17.4,288.0,38.0,32.0,16.2,78,38
2026-06-08 23:14:40.140931,delhi,69.4,137.8,29.2,438.0,59.0,31.5,4.2,69,131
2026-06-08 23:14:41.121815,mumbai,20.4,50.1,2.9,112.0,53.0,27.0,9.2,80,53
2026-06-08 23:14:42.268838,hyderabad,12.7,18.7,9.6,171.0,52.0,23.6,16.0,71,52
2026-06-08 23:14:43.168757,bangalore,6.5,9.7,8.6,200.0,38.0,21.0,12.8,93,38
2026-06-08 23:14:44.092402,kolkata,73.6,81.0,30.7,467.0,35.0,29.0,7.1,95,145
2026-06-08 23:14:44.994685,chennai,15.3,18.8,17.8,288.0,42.0,31.3,15.8,78,42
2026-06-09 15:14:55.785041,delhi,98.7,234.7,45.7,1254.0,32.0,39.4,5.6,74,229
2026-06-09 15:14:56.555803,mumbai,21.6,50.3,2.8,120.0,52.0,30.2,13.2,81,52
2026-06-09 15:14:57.334791,hyderabad,12.7,18.8,7.8,165.0,47.0,26.9,13.2,63,47
2026-06-09 15:14:58.101021,bangalore,5.5,8.1,7.7,171.0,41.0,23.7,17.6,98,41
2026-06-09 15:14:58.861672,kolkata,48.0,51.6,22.4,499.0,64.0,28.2,9.2,96,80
2026-06-09 15:14:59.657046,chennai,13.8,16.5,17.3,284.0,44.0,32.7,7.7,74,44
2026-06-09 18:11:37.856473,delhi,98.7,234.7,45.7,1254.0,32.0,36.5,5.1,74,229
2026-06-09 18:11:38.639240,mumbai,21.6,50.3,2.8,120.0,52.0,30.1,8.1,81,52
2026-06-09 18:11:39.427626,hyderabad,12.7,18.8,7.8,165.0,47.0,25.8,12.1,63,47
2026-06-09 18:11:40.215587,bangalore,5.5,8.1,7.7,171.0,41.0,22.1,14.8,98,41
2026-06-09 18:11:41.001861,kolkata,48.0,51.6,22.4,499.0,64.0,29.1,10.0,96,80
2026-06-09 18:11:41.768091,chennai,13.8,16.5,17.3,284.0,44.0,32.7,9.4,74,44
2026-06-09 21:01:53.157467,delhi,98.7,234.7,45.7,1254.0,32.0,33.4,9.2,73,229
2026-06-09 21:01:54.258611,mumbai,21.6,50.3,2.8,120.0,52.0,29.6,9.0,83,52
2026-06-09 21:01:55.338639,hyderabad,12.7,18.8,7.8,165.0,47.0,25.3,12.9,61,47
2026-06-09 21:01:56.421053,bangalore,5.5,8.1,7.7,171.0,41.0,21.0,15.2,97,41
2026-06-09 21:01:57.441167,kolkata,48.0,51.6,22.4,499.0,64.0,30.0,7.6,94,80
2026-06-09 21:01:58.432700,chennai,13.8,16.5,17.3,284.0,44.0,29.5,8.9,74,44
2026-06-09 23:19:45.437602,delhi,66.6,116.6,36.8,1254.0,50.0,32.8,11.9,73,121
2026-06-09 23:19:46.540317,mumbai,21.0,48.7,3.2,120.0,51.0,27.5,7.5,83,51
2026-06-09 23:19:47.673731,hyderabad,12.3,18.4,8.5,165.0,45.0,25.5,14.6,61,45
2026-06-09 23:19:48.792844,bangalore,4.3,5.1,8.6,171.0,40.0,20.6,12.5,97,40
2026-06-09 23:19:49.946025,kolkata,57.9,62.9,27.7,499.0,25.0,29.8,8.3,94,96
2026-06-09 23:19:51.206949,chennai,12.2,14.6,15.8,284.0,43.0,29.9,14.8,74,43
2026-06-10 12:26:21.291135,delhi,98.7,326.0,54.5,687.0,30.0,40.6,13.2,70,276
2026-06-10 12:26:22.548512,mumbai,18.5,45.3,2.7,106.0,51.0,30.3,16.7,84,51
2026-06-10 12:26:23.783551,hyderabad,18.7,26.0,6.6,160.0,68.0,33.6,7.6,65,68
2026-06-10 12:26:25.020648,bangalore,5.0,7.7,5.6,141.0,42.0,22.6,17.4,97,42
2026-06-10 12:26:26.277028,kolkata,60.8,65.7,21.7,613.0,63.0,29.2,5.8,95,102
2026-06-10 12:26:27.542081,chennai,15.2,18.5,16.4,251.0,35.0,31.9,4.6,76,35
2026-06-10 16:38:20.580524,delhi,98.7,326.0,54.5,498.0,30.0,36.6,3.9,70,276
2026-06-10 16:38:21.843471,mumbai,18.5,45.3,2.7,122.0,51.0,30.0,14.2,84,51
2026-06-10 16:38:23.101133,hyderabad,18.7,26.0,6.6,157.0,68.0,27.0,10.2,65,68
2026-06-10 16:38:24.349597,bangalore,5.0,7.7,5.6,165.0,42.0,22.0,14.2,97,42
2026-06-10 16:38:25.619219,kolkata,60.8,65.7,21.7,338.0,63.0,28.6,9.0,95,102
2026-06-10 16:38:26.880810,chennai,15.2,18.5,16.4,243.0,35.0,28.1,23.1,76,35
2026-06-10 19:37:17.167154,delhi,98.7,326.0,54.5,498.0,30.0,34.9,2.8,70,276
2026-06-10 19:37:18.399601,mumbai,18.5,45.3,2.7,122.0,51.0,29.6,14.3,84,51
2026-06-10 19:37:19.686772,hyderabad,18.7,26.0,6.6,157.0,68.0,25.6,12.2,65,68
2026-06-10 19:37:20.961984,bangalore,5.0,7.7,5.6,165.0,42.0,20.8,13.8,97,42
2026-06-10 19:37:22.230875,kolkata,60.8,65.7,21.7,338.0,63.0,28.3,7.7,95,102
2026-06-10 19:37:23.506049,chennai,15.2,18.5,16.4,243.0,35.0,26.9,12.6,76,35
2026-06-10 22:08:00.374962,delhi,98.7,326.0,54.5,498.0,30.0,32.9,4.4,70,276
2026-06-10 22:08:01.155646,mumbai,18.5,45.3,2.7,122.0,51.0,29.5,11.8,84,51
2026-06-10 22:08:01.932878,hyderabad,18.7,26.0,6.6,157.0,68.0,25.8,12.1,65,68
2026-06-10 22:08:02.704503,bangalore,5.0,7.7,5.6,165.0,42.0,20.3,11.7,97,42
2026-06-10 22:08:03.477272,kolkata,60.8,65.7,21.7,338.0,63.0,28.3,9.4,95,102
2026-06-10 22:08:04.252252,chennai,15.2,18.5,16.4,243.0,35.0,27.1,11.2,76,35
2026-06-11 14:42:06.870559,delhi,110.4,351.1,31.5,383.0,31.0,32.7,14.8,57,301
2026-06-11 14:42:07.871864,mumbai,23.3,57.5,5.5,126.0,48.0,31.0,13.3,85,57
2026-06-11 14:42:08.690570,hyderabad,20.1,27.6,10.9,211.0,63.0,32.9,5.2,80,63
2026-06-11 14:42:09.585158,bangalore,8.6,11.6,10.2,197.0,37.0,21.9,7.8,97,37
2026-06-11 14:42:10.383161,kolkata,40.9,44.9,18.7,477.0,48.0,27.2,3.9,94,68
2026-06-11 14:42:11.174385,chennai,21.3,29.4,17.6,285.0,50.0,32.4,11.4,71,50
2026-06-11 18:19:18.325549,delhi,110.4,351.1,31.5,394.0,31.0,26.4,16.2,57,301
2026-06-11 18:19:19.160181,mumbai,23.3,57.5,5.5,155.0,48.0,30.7,12.9,85,57
2026-06-11 18:19:19.962709,hyderabad,20.1,27.6,10.9,240.0,63.0,29.1,14.9,80,63
2026-06-11 18:19:20.745972,bangalore,8.6,11.6,10.2,227.0,37.0,21.4,13.1,97,37
2026-06-11 18:19:21.528980,kolkata,40.9,44.9,18.7,433.0,48.0,26.8,7.5,94,68
2026-06-11 18:19:22.318330,chennai,21.3,29.4,17.6,307.0,50.0,27.2,10.3,71,50
2026-06-11 21:24:37.117431,delhi,110.4,351.1,31.5,394.0,31.0,26.5,11.5,57,301
2026-06-11 21:24:37.937117,mumbai,23.3,57.5,5.5,155.0,48.0,30.3,12.9,85,57
2026-06-11 21:24:38.734761,hyderabad,20.1,27.6,10.9,240.0,63.0,25.9,10.1,80,63
2026-06-11 21:24:39.524299,bangalore,8.6,11.6,10.2,227.0,37.0,21.2,13.2,97,37
2026-06-11 21:24:40.330021,kolkata,40.9,44.9,18.7,433.0,48.0,26.8,6.3,94,68
2026-06-11 21:24:41.127078,chennai,21.3,29.4,17.6,307.0,50.0,27.0,10.1,71,50
2026-06-11 23:40:09.544014,delhi,107.8,262.6,43.6,394.0,16.0,25.6,17.1,58,259
2026-06-11 23:40:10.475445,mumbai,21.3,49.8,4.7,155.0,48.0,30.3,14.6,93,49
2026-06-11 23:40:11.383476,hyderabad,24.9,34.7,19.0,240.0,52.0,26.3,13.2,84,52
2026-06-11 23:40:12.308828,bangalore,9.2,13.2,10.3,227.0,36.0,20.7,10.5,93,36
2026-06-11 23:57:33.630539,chennai,23.2,33.3,17.2,307.0,54.0,28.4,12.3,84,54
2026-06-12 12:56:59.690741,delhi,106.2,284.1,46.6,487.0,24.0,30.8,7.4,54,254
2026-06-12 12:57:00.519358,mumbai,19.4,48.1,4.3,112.0,47.0,31.2,17.0,92,48
2026-06-12 12:57:01.307983,hyderabad,23.6,37.7,12.7,239.0,51.0,34.0,8.1,80,51
2026-06-12 12:57:02.106695,bangalore,8.2,11.1,10.2,181.0,35.0,21.8,8.0,94,35
2026-06-12 12:57:03.016621,kolkata,54.0,58.6,21.8,578.0,53.0,31.3,4.2,90,90
2026-06-12 12:57:03.810303,chennai,23.5,33.9,15.1,271.0,65.0,33.0,14.1,72,65
2026-06-12 16:25:35.061647,delhi,106.2,284.1,46.6,382.0,24.0,25.1,10.6,54,254
2026-06-12 16:25:36.348226,mumbai,19.4,48.1,4.3,151.0,47.0,31.1,14.7,92,48
2026-06-12 16:25:37.648350,hyderabad,23.6,37.7,12.7,380.0,51.0,29.8,7.6,80,51
2026-06-12 16:25:38.964312,bangalore,8.2,11.1,10.2,183.0,35.0,21.8,7.3,94,35
2026-06-12 16:25:40.257480,kolkata,54.0,58.6,21.8,398.0,53.0,29.0,6.6,90,90
2026-06-12 19:09:17.138789,delhi,106.2,284.1,46.6,382.0,24.0,26.4,6.0,54,254
2026-06-12 19:09:18.434387,mumbai,19.4,48.1,4.3,151.0,47.0,30.4,14.7,92,48
2026-06-12 19:09:19.753122,hyderabad,23.6,37.7,12.7,380.0,51.0,28.4,8.3,80,51
2026-06-12 19:09:21.048942,bangalore,8.2,11.1,10.2,183.0,35.0,21.4,12.6,94,35
2026-06-12 19:09:22.351459,kolkata,54.0,58.6,21.8,398.0,53.0,28.2,4.6,90,90
2026-06-12 19:09:23.631456,chennai,23.5,33.9,15.1,281.0,65.0,27.5,13.6,72,65
2026-06-12 21:52:20.201955,delhi,106.2,284.1,46.6,382.0,24.0,26.1,8.8,55,254
2026-06-12 21:52:21.398327,mumbai,19.4,48.1,4.3,151.0,47.0,30.1,14.6,95,48
2026-06-12 21:52:22.596597,hyderabad,23.6,37.7,12.7,380.0,51.0,28.1,11.1,90,51
2026-06-12 21:52:23.834697,bangalore,8.2,11.1,10.2,183.0,35.0,21.6,11.5,92,35
2026-06-12 21:52:25.045593,kolkata,54.0,58.6,21.8,398.0,53.0,27.9,6.8,91,90
2026-06-12 21:52:26.248400,chennai,23.5,33.9,15.1,281.0,65.0,28.3,13.1,75,65
2026-06-12 23:22:07.570011,delhi,101.3,244.0,66.5,382.0,6.0,25.8,9.4,55,237
2026-06-12 23:22:08.781581,mumbai,22.3,49.0,5.8,151.0,47.0,30.3,13.4,95,49
2026-06-12 23:22:09.969653,hyderabad,27.6,42.8,14.6,380.0,51.0,27.4,11.9,90,51
2026-06-12 23:22:11.181438,bangalore,8.4,10.9,11.4,183.0,34.0,21.4,10.8,92,34
2026-06-12 23:22:12.398076,kolkata,59.8,61.7,28.0,398.0,17.0,27.5,5.4,91,99
2026-06-13 11:36:06.352303,mumbai,23.3,49.5,6.0,135.0,43.0,31.9,17.3,94,49
2026-06-13 11:36:07.129670,hyderabad,21.2,30.5,11.7,225.0,55.0,32.9,12.1,82,55
2026-06-13 11:36:07.917204,bangalore,8.5,11.3,10.6,180.0,37.0,28.2,12.0,97,37
2026-06-13 11:36:08.702556,kolkata,38.2,46.7,13.1,393.0,77.0,29.7,0.7,93,77
2026-06-13 11:36:09.481175,chennai,16.4,22.5,14.5,246.0,57.0,31.7,12.8,85,57
2026-06-13 14:09:50.841904,delhi,99.2,298.0,47.2,484.0,13.0,30.4,3.2,54,248
2026-06-13 14:09:51.793737,mumbai,23.3,49.5,6.0,135.0,43.0,31.6,15.1,94,49
2026-06-13 14:09:52.958796,hyderabad,21.2,30.5,11.7,225.0,55.0,27.4,2.7,82,55
2026-06-13 14:09:53.955824,bangalore,8.5,11.3,10.6,180.0,37.0,24.1,7.0,97,37
2026-06-13 14:09:55.093881,kolkata,38.2,46.7,13.1,393.0,77.0,28.6,3.3,93,77
2026-06-13 14:09:56.141655,chennai,16.4,22.5,14.5,246.0,57.0,30.7,9.6,85,57
2026-06-13 16:17:38.662438,delhi,99.2,298.0,47.2,186.0,13.0,27.7,3.1,54,248
2026-06-13 16:17:39.576381,mumbai,23.3,49.5,6.0,126.0,43.0,30.9,14.4,94,49
2026-06-13 16:17:40.648836,hyderabad,21.2,30.5,11.7,232.0,55.0,27.6,4.3,82,55
2026-06-13 16:17:41.568723,bangalore,8.5,11.3,10.6,203.0,37.0,23.2,8.6,97,37
2026-06-13 16:17:42.480267,kolkata,38.2,46.7,13.1,383.0,77.0,28.0,5.4,93,77
2026-06-13 16:17:43.399444,chennai,16.4,22.5,14.5,243.0,57.0,30.1,10.1,85,57
2026-06-13 18:12:35.636787,delhi,99.2,298.0,47.2,186.0,13.0,27.3,0.9,54,248
2026-06-13 18:12:36.451110,mumbai,23.3,49.5,6.0,126.0,43.0,30.5,15.1,94,49
2026-06-13 18:12:37.256894,hyderabad,21.2,30.5,11.7,232.0,55.0,27.8,7.3,82,55
2026-06-13 18:12:38.173247,bangalore,8.5,11.3,10.6,203.0,37.0,22.7,12.7,97,37
2026-06-13 18:12:38.997176,kolkata,38.2,46.7,13.1,383.0,77.0,27.3,7.5,93,77
2026-06-13 18:12:39.831994,chennai,16.4,22.5,14.5,243.0,57.0,29.2,9.4,85,57
2026-06-13 20:19:24.585606,delhi,99.2,298.0,47.2,186.0,13.0,26.4,2.9,53,248
2026-06-13 20:19:25.419511,mumbai,23.3,49.5,6.0,126.0,43.0,29.9,14.2,86,49
2026-06-13 20:19:26.228341,hyderabad,21.2,30.5,11.7,232.0,55.0,26.7,11.4,67,55
2026-06-13 20:19:27.078313,bangalore,8.5,11.3,10.6,203.0,37.0,20.9,11.8,94,37
2026-06-13 20:19:27.956712,kolkata,38.2,46.7,13.1,383.0,77.0,27.1,7.7,91,77
2026-06-13 20:19:28.766582,chennai,16.4,22.5,14.5,243.0,57.0,29.1,11.8,86,57
2026-06-13 22:08:40.856748,delhi,117.3,335.3,54.7,186.0,10.0,26.0,4.0,53,291
2026-06-13 22:08:41.701308,mumbai,22.1,50.8,5.4,126.0,44.0,29.4,13.0,86,50
2026-06-13 22:08:42.521601,hyderabad,23.0,34.6,14.5,232.0,55.0,26.7,12.8,67,55
2026-06-13 22:08:43.334494,bangalore,9.4,12.6,13.0,203.0,34.0,20.6,11.4,94,34
2026-06-13 22:08:44.257329,kolkata,46.4,54.0,14.7,383.0,70.0,27.3,6.1,91,77
2026-06-13 22:08:45.158793,chennai,20.2,28.2,13.4,243.0,64.0,28.2,12.6,86,64
2026-06-14 12:01:28.281545,delhi,64.3,154.6,36.0,434.0,41.0,32.0,5.7,52,136
2026-06-14 12:01:29.309040,mumbai,18.6,42.0,4.7,112.0,47.0,31.2,17.3,90,47
2026-06-14 12:01:30.441185,hyderabad,16.4,23.3,7.8,164.0,63.0,33.1,13.5,66,63
2026-06-14 12:01:31.342802,bangalore,14.7,27.4,12.3,190.0,36.0,24.6,10.3,97,36
2026-06-14 12:01:32.272805,kolkata,58.4,62.6,21.9,621.0,60.0,31.0,13.0,99,97
2026-06-14 12:01:33.171237,chennai,21.8,30.6,16.1,266.0,55.0,31.8,9.6,82,55
2026-06-14 15:08:52.986744,delhi,64.3,154.6,36.0,302.0,41.0,31.4,1.0,52,136
2026-06-14 15:08:53.911159,mumbai,18.6,42.0,4.7,143.0,47.0,29.9,14.2,90,47
2026-06-14 15:08:54.940984,hyderabad,16.4,23.3,7.8,213.0,63.0,28.7,7.5,66,63
2026-06-14 15:08:55.896228,bangalore,14.7,27.4,12.3,197.0,36.0,24.0,6.5,97,36
2026-06-14 15:08:56.941289,kolkata,58.4,62.6,21.9,353.0,60.0,28.4,7.4,99,97
2026-06-14 15:08:57.863257,chennai,21.8,30.6,16.1,264.0,55.0,30.5,9.2,82,55
2026-06-14 17:23:47.337083,delhi,64.3,154.6,36.0,302.0,41.0,29.4,1.7,52,136
2026-06-14 17:23:48.270115,mumbai,18.6,42.0,4.7,143.0,47.0,30.1,13.4,90,47
2026-06-14 17:23:49.208558,hyderabad,16.4,23.3,7.8,213.0,63.0,27.2,7.8,66,63
2026-06-14 17:23:50.148886,bangalore,14.7,27.4,12.3,197.0,36.0,22.6,7.9,97,36
2026-06-14 17:23:51.081205,kolkata,58.4,62.6,21.9,353.0,60.0,27.8,5.9,99,97
2026-06-14 17:23:52.014540,chennai,21.8,30.6,16.1,264.0,55.0,29.6,10.0,82,55
2026-06-14 19:42:52.328861,delhi,64.3,154.6,36.0,302.0,41.0,27.8,5.2,52,136
2026-06-14 19:42:53.161208,mumbai,18.6,42.0,4.7,143.0,47.0,29.6,13.0,90,47
2026-06-14 19:42:53.970633,hyderabad,16.4,23.3,7.8,213.0,63.0,26.5,8.9,66,63
2026-06-14 19:42:54.774523,bangalore,14.7,27.4,12.3,197.0,36.0,21.5,10.1,97,36
2026-06-14 19:42:55.581860,kolkata,58.4,62.6,21.9,353.0,60.0,27.6,6.0,99,97
2026-06-14 19:42:56.388711,chennai,21.8,30.6,16.1,264.0,55.0,28.3,11.4,82,55
2026-06-14 21:18:00.611093,delhi,64.3,154.6,36.0,302.0,41.0,27.9,3.0,53,136
2026-06-14 21:18:01.508628,mumbai,18.6,42.0,4.7,143.0,47.0,29.6,11.7,77,47
2026-06-14 21:18:02.427053,hyderabad,16.4,23.3,7.8,213.0,63.0,27.2,12.7,66,63
2026-06-14 21:18:03.339936,bangalore,14.7,27.4,12.3,197.0,36.0,20.8,8.9,98,36
2026-06-14 21:18:04.247143,kolkata,58.4,62.6,21.9,353.0,60.0,28.0,4.3,95,97
2026-06-14 21:18:05.156540,chennai,21.8,30.6,16.1,264.0,55.0,28.8,11.2,82,55
2026-06-14 23:12:48.448822,delhi,60.5,141.1,31.3,302.0,41.0,27.5,7.4,53,127
2026-06-14 23:12:49.289620,mumbai,14.8,32.1,5.4,143.0,46.0,29.4,10.5,77,46
2026-06-14 23:12:50.179883,hyderabad,22.7,29.6,21.4,213.0,44.0,26.8,15.5,66,44
2026-06-14 23:12:51.168117,bangalore,13.6,22.9,12.2,197.0,36.0,20.3,9.5,98,36
2026-06-14 23:12:52.006906,kolkata,41.9,46.7,10.3,353.0,104.0,27.9,5.6,95,105
2026-06-14 23:12:52.828360,chennai,20.0,27.4,13.5,264.0,66.0,28.0,12.2,82,66
2026-06-15 11:19:24.575717,delhi,107.6,328.8,63.8,829.0,8.0,33.2,10.5,63,278
2026-06-15 11:19:25.911589,mumbai,9.7,19.3,8.1,109.0,41.0,31.6,17.0,85,41
2026-06-15 11:19:27.271839,hyderabad,9.4,10.7,11.0,187.0,45.0,34.2,11.1,79,45
2026-06-15 11:19:28.639434,bangalore,11.8,16.2,17.1,235.0,28.0,30.2,11.5,93,28
2026-06-15 11:19:29.918857,kolkata,41.1,43.9,19.7,498.0,52.0,31.5,6.4,96,68
2026-06-15 17:20:25.472520,delhi,107.6,328.8,63.8,264.0,8.0,28.0,5.5,63,278
2026-06-15 17:20:26.767318,mumbai,9.7,19.3,8.1,161.0,41.0,30.2,9.9,85,41
2026-06-15 17:20:28.102663,hyderabad,9.4,10.7,11.0,184.0,45.0,28.9,4.6,79,45
2026-06-15 17:20:29.478817,bangalore,11.8,16.2,17.1,211.0,28.0,23.1,8.5,93,28
2026-06-15 17:20:30.772555,kolkata,41.1,43.9,19.7,377.0,52.0,28.9,7.4,96,68
2026-06-15 21:09:55.468305,delhi,107.6,328.8,63.8,264.0,8.0,24.9,3.9,58,278
2026-06-15 21:09:56.285642,mumbai,9.7,19.3,8.1,161.0,41.0,30.0,10.2,90,41
2026-06-15 21:09:57.097648,hyderabad,9.4,10.7,11.0,184.0,45.0,27.2,6.9,76,45
2026-06-15 21:09:57.944036,bangalore,11.8,16.2,17.1,211.0,28.0,21.5,6.9,96,28
2026-06-15 21:09:58.783847,kolkata,41.1,43.9,19.7,377.0,52.0,29.0,5.4,96,68
2026-06-15 21:09:59.593113,chennai,16.3,23.9,12.7,241.0,56.0,28.8,12.3,92,56
2026-06-15 23:49:20.940866,delhi,123.4,425.6,49.8,264.0,4.0,24.9,4.5,58,394
2026-06-15 23:49:22.239771,mumbai,13.3,27.2,8.4,161.0,43.0,29.2,7.0,90,43
2026-06-15 23:49:23.523036,hyderabad,21.2,27.5,18.1,184.0,41.0,26.9,13.2,76,41
2026-06-15 23:49:24.810003,bangalore,17.0,27.3,16.0,211.0,32.0,20.4,8.6,96,32
2026-06-15 23:49:26.102119,kolkata,40.5,43.1,14.4,377.0,82.0,28.7,5.5,96,82
2026-06-16 16:00:22.836533,delhi,132.2,474.0,33.9,387.0,30.0,28.1,3.7,60,500
2026-06-16 16:00:24.562209,mumbai,14.9,36.7,7.7,143.0,43.0,30.4,10.3,93,43
2026-06-16 16:00:26.127032,hyderabad,9.3,10.2,11.0,178.0,48.0,31.6,3.3,89,48
2026-06-16 16:00:27.801163,bangalore,4.8,5.1,9.9,203.0,31.0,25.6,8.7,94,31
2026-06-16 16:00:29.295442,kolkata,39.2,41.1,15.6,401.0,75.0,29.7,10.9,95,75
2026-06-16 19:48:34.595479,delhi,132.2,474.0,33.9,387.0,30.0,27.0,4.4,60,500
2026-06-16 19:48:35.407058,mumbai,14.9,36.7,7.7,143.0,43.0,29.4,10.6,93,43
2026-06-16 19:48:36.209908,hyderabad,9.3,10.2,11.0,178.0,48.0,27.8,6.0,89,48
2026-06-16 19:48:37.010167,bangalore,4.8,5.1,9.9,203.0,31.0,22.5,7.5,94,31
2026-06-16 19:48:37.810708,kolkata,39.2,41.1,15.6,401.0,75.0,28.8,8.0,95,75
2026-06-16 19:48:38.653464,chennai,14.4,17.7,15.7,215.0,46.0,29.9,11.5,84,46
2026-06-16 22:18:12.596441,delhi,138.3,504.8,25.0,387.0,31.0,26.3,3.5,65,500
2026-06-16 22:18:13.984931,mumbai,13.8,34.0,8.2,143.0,43.0,28.9,6.5,94,43
2026-06-16 22:18:15.336356,hyderabad,9.8,11.2,12.1,178.0,42.0,26.8,6.3,88,42
2026-06-16 22:18:16.754880,bangalore,5.7,6.1,12.9,203.0,27.0,21.3,5.6,95,27
2026-06-16 22:18:18.091081,kolkata,57.7,59.5,20.2,401.0,67.0,28.3,7.1,93,96
2026-06-17 11:53:21.392173,delhi,165.3,633.3,32.3,401.0,36.0,36.2,9.2,64,500
2026-06-17 11:53:22.387105,mumbai,10.8,23.3,7.5,111.0,45.0,31.5,17.5,91,45
2026-06-17 11:53:23.337898,hyderabad,4.8,5.1,9.3,153.0,41.0,35.3,11.6,91,41
2026-06-17 11:53:24.290639,bangalore,3.3,3.6,6.8,135.0,38.0,30.2,8.3,95,38
2026-06-17 11:53:25.214681,kolkata,78.5,89.4,25.6,690.0,54.0,33.3,10.2,91,161
2026-06-17 11:53:26.132079,chennai,12.7,13.2,14.3,234.0,54.0,33.7,13.3,66,54
2026-06-17 15:49:04.924131,delhi,165.3,633.3,32.3,205.0,36.0,33.4,2.5,64,500
2026-06-17 15:49:05.778596,mumbai,10.8,23.3,7.5,131.0,45.0,30.4,11.3,91,45
2026-06-17 15:49:06.660248,hyderabad,4.8,5.1,9.3,160.0,41.0,32.1,4.2,91,41
2026-06-17 15:49:07.469870,bangalore,3.3,3.6,6.8,152.0,38.0,25.0,6.3,95,38
2026-06-17 15:49:08.266919,kolkata,78.5,89.4,25.6,516.0,54.0,30.4,10.3,91,161
2026-06-17 15:49:09.088509,chennai,12.7,13.2,14.3,269.0,54.0,31.0,14.0,66,54
2026-06-17 18:24:50.571980,delhi,165.3,633.3,32.3,205.0,36.0,31.9,1.8,64,500
2026-06-17 18:24:51.379336,mumbai,10.8,23.3,7.5,131.0,45.0,30.3,8.2,91,45
2026-06-17 18:24:52.180634,hyderabad,4.8,5.1,9.3,160.0,41.0,29.4,6.2,91,41
2026-06-17 18:24:53.061116,bangalore,3.3,3.6,6.8,152.0,38.0,22.4,8.5,95,38
2026-06-17 18:24:53.876004,kolkata,78.5,89.4,25.6,516.0,54.0,29.8,11.4,91,161
2026-06-17 18:24:54.687404,chennai,12.7,13.2,14.3,269.0,54.0,29.8,13.2,66,54
2026-06-17 21:12:15.105205,delhi,165.3,633.3,32.3,205.0,36.0,29.8,2.5,66,500
2026-06-17 21:12:16.047112,mumbai,10.8,23.3,7.5,131.0,45.0,29.7,7.6,93,45
2026-06-17 21:12:16.989484,hyderabad,4.8,5.1,9.3,160.0,41.0,28.1,8.6,91,41
2026-06-17 21:12:17.924427,bangalore,3.3,3.6,6.8,152.0,38.0,21.5,8.7,93,38
2026-06-17 21:12:18.849934,kolkata,78.5,89.4,25.6,516.0,54.0,29.5,8.8,93,161
2026-06-17 21:12:19.781813,chennai,12.7,13.2,14.3,269.0,54.0,28.7,11.7,68,54
2026-06-17 23:42:24.247562,delhi,156.9,579.3,38.2,205.0,15.0,29.5,1.0,63,500
2026-06-17 23:42:25.062965,mumbai,12.0,26.0,9.1,131.0,43.0,28.8,6.6,94,43
2026-06-17 23:42:25.860307,hyderabad,5.8,6.1,9.3,160.0,43.0,27.4,3.4,91,43
2026-06-17 23:42:26.676050,bangalore,4.0,4.2,7.5,152.0,36.0,20.9,9.1,95,36
2026-06-17 23:42:27.478536,kolkata,56.3,62.4,18.1,516.0,66.0,29.6,8.6,94,93
2026-06-17 23:42:28.289511,chennai,11.2,11.8,11.7,269.0,63.0,28.6,10.2,74,63
2026-06-18 13:30:57.912961,delhi,173.2,560.7,43.2,474.0,19.0,35.9,11.5,59,500
2026-06-18 13:30:58.755810,mumbai,11.3,29.9,8.2,121.0,51.0,30.8,12.5,93,51
2026-06-18 13:30:59.586982,hyderabad,4.1,4.2,9.1,163.0,40.0,33.4,8.3,92,40
2026-06-18 13:31:00.597106,bangalore,2.9,3.6,6.5,132.0,40.0,23.2,8.8,95,40
2026-06-18 13:31:01.422723,kolkata,92.4,101.5,28.8,775.0,41.0,28.9,9.7,97,208
2026-06-18 13:31:02.226811,chennai,13.0,13.6,17.9,255.0,42.0,29.7,6.5,85,42
2026-06-18 17:17:14.726930,delhi,173.2,560.7,43.2,355.0,19.0,33.4,6.0,59,500
2026-06-18 17:17:15.685894,mumbai,11.3,29.9,8.2,147.0,51.0,30.1,10.6,93,51
2026-06-18 17:17:16.635186,hyderabad,4.1,4.2,9.1,166.0,40.0,31.7,4.3,92,40
2026-06-18 17:17:17.553782,bangalore,2.9,3.6,6.5,156.0,40.0,21.5,4.3,95,40
2026-06-18 17:17:18.516971,kolkata,92.4,101.5,28.8,485.0,41.0,28.7,10.8,97,208
2026-06-18 17:17:19.439104,chennai,13.0,13.6,17.9,275.0,42.0,28.6,9.7,85,42
2026-06-18 20:31:26.261682,delhi,173.2,560.7,43.2,355.0,19.0,32.3,5.2,67,500
2026-06-18 20:31:27.222441,mumbai,11.3,29.9,8.2,147.0,51.0,29.9,9.8,92,51
2026-06-18 20:31:28.369116,hyderabad,4.1,4.2,9.1,166.0,40.0,28.7,7.3,92,40
2026-06-18 20:31:29.298699,bangalore,2.9,3.6,6.5,156.0,40.0,21.2,9.6,97,40
2026-06-18 20:31:30.251551,kolkata,92.4,101.5,28.8,485.0,41.0,27.8,7.6,94,208
2026-06-18 20:31:31.201771,chennai,13.0,13.6,17.9,275.0,42.0,27.2,10.5,90,42
2026-06-18 22:57:52.509123,delhi,119.0,452.6,29.6,355.0,21.0,31.2,5.6,67,500
2026-06-18 22:57:53.321155,mumbai,9.1,21.6,8.5,147.0,49.0,29.6,9.0,92,49
2026-06-18 22:57:54.132225,hyderabad,5.4,5.8,10.0,166.0,40.0,28.3,3.5,92,40
2026-06-18 22:57:54.932714,bangalore,2.6,3.0,6.0,156.0,39.0,20.8,8.8,97,39
2026-06-18 22:57:55.742040,kolkata,64.7,67.5,18.4,485.0,71.0,28.9,9.2,94,115
2026-06-18 22:57:56.546034,chennai,12.2,12.7,20.4,275.0,32.0,26.7,11.7,90,32
2026-06-19 12:12:06.072991,delhi,102.4,263.6,39.1,445.0,14.0,37.3,12.2,63,241
2026-06-19 12:12:07.448662,mumbai,12.1,28.2,7.7,119.0,51.0,31.8,15.1,95,51
2026-06-19 12:12:08.819474,hyderabad,5.1,5.8,9.7,166.0,39.0,33.9,7.5,96,39
2026-06-19 12:12:10.163835,bangalore,3.8,5.4,6.7,132.0,38.0,24.7,5.3,98,38
2026-06-19 12:12:11.500476,kolkata,25.9,35.6,10.3,307.0,87.0,29.6,10.7,94,87
2026-06-19 16:09:17.092808,delhi,102.4,263.6,39.1,576.0,14.0,34.7,7.1,63,241
2026-06-19 16:09:17.899783,mumbai,12.1,28.2,7.7,151.0,51.0,30.5,8.2,95,51
2026-06-19 16:09:18.733565,hyderabad,5.1,5.8,9.7,180.0,39.0,30.6,4.1,96,39
2026-06-19 16:09:19.681605,bangalore,3.8,5.4,6.7,147.0,38.0,22.2,7.0,98,38
2026-06-19 16:09:20.550765,kolkata,25.9,35.6,10.3,430.0,87.0,27.0,6.1,94,87
2026-06-19 16:09:21.477185,chennai,16.4,18.5,21.9,329.0,29.0,29.8,7.6,94,29
2026-06-19 18:59:27.070218,delhi,102.4,263.6,39.1,576.0,14.0,33.1,4.1,63,241
2026-06-19 18:59:27.954902,mumbai,12.1,28.2,7.7,151.0,51.0,29.9,7.1,95,51
2026-06-19 18:59:28.860235,hyderabad,5.1,5.8,9.7,180.0,39.0,28.6,6.2,96,39
2026-06-19 18:59:29.705092,bangalore,3.8,5.4,6.7,147.0,38.0,21.4,6.6,98,38
2026-06-19 18:59:30.521150,kolkata,25.9,35.6,10.3,430.0,87.0,26.9,4.8,94,87
2026-06-19 18:59:31.330505,chennai,16.4,18.5,21.9,329.0,29.0,28.7,20.1,94,29
2026-06-19 20:42:37.970052,delhi,102.4,263.6,39.1,576.0,14.0,32.2,4.0,72,241
2026-06-19 20:42:38.783301,mumbai,12.1,28.2,7.7,151.0,51.0,29.7,7.0,95,51
2026-06-19 20:42:39.596882,hyderabad,5.1,5.8,9.7,180.0,39.0,29.4,5.0,93,39
2026-06-19 20:42:40.490688,bangalore,3.8,5.4,6.7,147.0,38.0,20.9,5.8,98,38
2026-06-19 20:42:41.298900,kolkata,25.9,35.6,10.3,430.0,87.0,27.0,6.2,93,87
2026-06-19 20:42:42.098614,chennai,16.4,18.5,21.9,329.0,29.0,26.5,11.0,89,29
2026-06-19 22:08:22.819172,delhi,102.4,263.6,39.1,576.0,14.0,31.5,3.5,72,241
2026-06-19 22:08:24.110181,mumbai,12.1,28.2,7.7,151.0,51.0,29.6,6.4,95,51
2026-06-19 22:08:25.420836,hyderabad,5.1,5.8,9.7,180.0,39.0,29.1,3.1,93,39
2026-06-19 22:08:26.706223,bangalore,3.8,5.4,6.7,147.0,38.0,20.8,8.3,98,38
2026-06-19 22:08:28.024268,kolkata,25.9,35.6,10.3,430.0,87.0,27.2,7.6,93,87
2026-06-20 12:00:44.963166,delhi,135.0,346.5,61.6,918.0,5.0,38.0,14.1,59,311
2026-06-20 12:00:46.258428,mumbai,10.3,27.1,7.0,113.0,50.0,31.5,13.9,95,50
2026-06-20 12:00:47.607923,hyderabad,5.2,6.2,7.1,158.0,55.0,35.0,7.9,96,55
2026-06-20 12:00:48.930804,bangalore,4.5,5.7,8.2,153.0,36.0,25.3,9.1,99,36
2026-06-20 12:00:50.225171,kolkata,43.2,49.0,16.1,461.0,77.0,30.4,10.6,93,77
2026-06-20 15:04:34.540778,delhi,135.0,346.5,61.6,918.0,5.0,34.9,7.3,59,311
2026-06-20 15:04:35.702022,mumbai,10.3,27.1,7.0,113.0,50.0,30.6,9.1,95,50
2026-06-20 15:04:36.714621,hyderabad,5.2,6.2,7.1,158.0,55.0,30.2,8.6,96,55
2026-06-20 15:04:37.830011,bangalore,4.5,5.7,8.2,153.0,36.0,23.9,2.7,99,36
2026-06-20 15:04:38.960909,kolkata,43.2,49.0,16.1,461.0,77.0,29.5,10.3,93,77
2026-06-20 15:04:40.066247,chennai,10.2,13.3,16.2,198.0,28.0,30.3,6.2,94,28
2026-06-20 17:38:38.781447,delhi,135.0,346.5,61.6,918.0,5.0,32.6,5.8,59,311
2026-06-20 17:38:40.072107,mumbai,10.3,27.1,7.0,113.0,50.0,30.3,7.8,95,50
2026-06-20 17:38:41.382250,hyderabad,5.2,6.2,7.1,158.0,55.0,27.8,7.9,96,55
2026-06-20 17:38:42.698703,bangalore,4.5,5.7,8.2,153.0,36.0,23.4,5.1,99,36
2026-06-20 17:38:43.998079,kolkata,43.2,49.0,16.1,461.0,77.0,29.2,10.7,93,77
2026-06-20 17:38:45.305754,chennai,10.2,13.3,16.2,198.0,28.0,29.2,8.3,94,28
2026-06-20 19:44:03.343903,delhi,135.0,346.5,61.6,918.0,5.0,32.1,9.4,58,311
2026-06-20 19:44:04.145935,mumbai,10.3,27.1,7.0,113.0,50.0,30.5,6.9,95,50
2026-06-20 19:44:04.960455,hyderabad,5.2,6.2,7.1,158.0,55.0,25.9,7.9,97,55
2026-06-20 19:44:05.821529,bangalore,4.5,5.7,8.2,153.0,36.0,22.4,8.8,100,36
2026-06-20 19:44:06.704688,kolkata,43.2,49.0,16.1,461.0,77.0,28.5,11.2,92,77
2026-06-20 19:44:07.618304,chennai,10.2,13.3,16.2,198.0,28.0,29.0,11.1,85,28
2026-06-20 21:22:04.320439,delhi,135.0,346.5,61.6,918.0,5.0,30.9,8.0,58,311
2026-06-20 21:22:05.207679,mumbai,10.3,27.1,7.0,113.0,50.0,30.2,6.3,95,50
2026-06-20 21:22:06.187030,hyderabad,5.2,6.2,7.1,158.0,55.0,26.4,5.9,97,55
2026-06-20 21:22:07.099140,bangalore,4.5,5.7,8.2,153.0,36.0,21.4,8.6,100,36
2026-06-20 21:22:07.993336,kolkata,43.2,49.0,16.1,461.0,77.0,28.7,10.4,92,77
2026-06-20 21:22:08.879622,chennai,10.2,13.3,16.2,198.0,28.0,28.4,12.5,85,28
2026-06-20 23:13:26.009498,delhi,110.6,331.6,51.3,560.0,14.0,30.3,7.2,58,281
2026-06-20 23:13:26.841965,mumbai,12.7,24.4,9.3,136.0,41.0,29.9,5.1,95,41
2026-06-20 23:13:27.643271,hyderabad,4.1,4.4,8.0,172.0,50.0,24.5,8.9,97,50
2026-06-20 23:13:28.472976,bangalore,3.6,4.9,7.1,141.0,36.0,20.9,10.3,100,36
2026-06-20 23:13:29.303372,kolkata,44.2,50.2,16.8,462.0,70.0,28.8,9.0,92,73
2026-06-20 23:13:30.133638,chennai,22.6,25.1,34.7,385.0,14.0,27.8,11.7,85,43
2026-06-21 11:49:33.938441,delhi,98.3,294.3,31.6,386.0,32.0,34.3,20.4,57,244
2026-06-21 11:49:34.766966,mumbai,11.4,24.7,7.7,120.0,46.0,31.9,11.9,96,46
2026-06-21 11:49:35.582943,hyderabad,5.5,7.2,6.3,171.0,71.0,33.3,3.2,91,71
2026-06-21 11:49:36.405687,bangalore,4.8,7.4,7.1,140.0,36.0,25.1,1.1,95,36
2026-06-21 11:49:37.235852,kolkata,20.3,22.4,9.2,277.0,84.0,29.6,11.0,86,84
2026-06-21 11:49:38.059850,chennai,13.8,16.4,21.3,266.0,25.0,31.5,14.2,79,26
2026-06-21 14:20:51.559933,delhi,98.3,294.3,31.6,386.0,32.0,36.3,6.3,57,244
2026-06-21 14:20:52.844978,mumbai,11.4,24.7,7.7,120.0,46.0,30.0,8.6,96,46
2026-06-21 14:20:54.136056,hyderabad,5.5,7.2,6.3,171.0,71.0,29.7,5.2,91,71
2026-06-21 14:20:55.406736,bangalore,4.8,7.4,7.1,140.0,36.0,22.3,5.8,95,36
2026-06-21 14:20:56.675935,kolkata,20.3,22.4,9.2,277.0,84.0,28.9,9.5,86,84
2026-06-21 16:47:42.257115,delhi,98.3,294.3,31.6,386.0,32.0,33.4,10.1,57,244
2026-06-21 16:47:43.628936,mumbai,11.4,24.7,7.7,120.0,46.0,29.9,5.2,96,46
2026-06-21 16:47:44.961092,hyderabad,5.5,7.2,6.3,171.0,71.0,28.9,6.5,91,71
2026-06-21 16:47:46.252399,bangalore,4.8,7.4,7.1,140.0,36.0,21.2,8.3,95,36
2026-06-21 16:47:47.697645,kolkata,20.3,22.4,9.2,277.0,84.0,28.9,6.0,86,84
2026-06-21 16:47:48.991030,chennai,13.8,16.4,21.3,266.0,25.0,28.6,7.1,79,26
2026-06-21 18:21:17.073810,delhi,98.3,294.3,31.6,386.0,32.0,31.9,8.1,57,244
2026-06-21 18:21:18.383305,mumbai,11.4,24.7,7.7,120.0,46.0,29.8,7.7,96,46
2026-06-21 18:21:19.666999,hyderabad,5.5,7.2,6.3,171.0,71.0,28.3,8.1,91,71
2026-06-21 18:21:20.973051,bangalore,4.8,7.4,7.1,140.0,36.0,20.9,6.7,95,36
2026-06-21 18:21:22.269077,kolkata,20.3,22.4,9.2,277.0,84.0,29.0,7.0,86,84
2026-06-21 18:21:23.579543,chennai,13.8,16.4,21.3,266.0,25.0,28.5,7.1,79,26
2026-06-21 20:26:41.492611,delhi,98.3,294.3,31.6,386.0,32.0,32.0,3.8,60,244
2026-06-21 20:26:42.551053,mumbai,11.4,24.7,7.7,120.0,46.0,28.4,6.4,91,46
2026-06-21 20:26:43.467181,hyderabad,5.5,7.2,6.3,171.0,71.0,27.4,7.4,95,71
2026-06-21 20:26:44.363422,bangalore,4.8,7.4,7.1,140.0,36.0,21.7,9.4,99,36
2026-06-21 20:26:45.281365,kolkata,20.3,22.4,9.2,277.0,84.0,26.9,9.9,86,84
2026-06-21 20:26:46.185939,chennai,13.8,16.4,21.3,266.0,25.0,27.5,6.3,85,26
2026-06-21 22:17:18.120568,delhi,98.3,294.3,31.6,386.0,32.0,31.7,6.7,60,244
2026-06-21 22:17:19.462172,mumbai,11.4,24.7,7.7,120.0,46.0,26.6,5.6,91,46
2026-06-21 22:17:20.820844,hyderabad,5.5,7.2,6.3,171.0,71.0,27.0,10.2,95,71
2026-06-21 22:17:22.128284,bangalore,4.8,7.4,7.1,140.0,36.0,20.9,11.1,99,36
2026-06-21 22:17:23.454526,kolkata,20.3,22.4,9.2,277.0,84.0,26.5,8.7,86,84
2026-06-22 12:52:20.629340,delhi,156.0,345.5,93.4,1278.0,4.0,34.7,13.6,58,327
2026-06-22 12:52:21.822332,mumbai,8.0,17.9,5.0,102.0,51.0,27.9,9.7,95,51
2026-06-22 12:52:23.010499,hyderabad,9.4,13.4,7.3,184.0,67.0,32.8,8.6,94,67
2026-06-22 12:52:24.204557,bangalore,2.6,2.7,8.5,148.0,34.0,22.8,7.0,98,34
2026-06-22 12:52:25.394524,kolkata,21.8,23.5,12.8,291.0,43.0,27.8,4.0,89,43
2026-06-22 17:41:20.454489,delhi,156.0,345.5,93.4,768.0,4.0,32.2,5.5,58,327
2026-06-22 17:41:21.266897,mumbai,8.0,17.9,5.0,177.0,51.0,26.4,10.7,95,51
2026-06-22 17:41:22.087964,hyderabad,9.4,13.4,7.3,197.0,67.0,26.4,11.3,94,67
2026-06-22 17:41:22.895863,bangalore,2.6,2.7,8.5,173.0,34.0,20.8,10.7,98,34
2026-06-22 17:41:23.705074,kolkata,21.8,23.5,12.8,273.0,43.0,27.7,7.4,89,43
2026-06-22 17:41:24.554234,chennai,14.2,17.5,18.0,279.0,38.0,26.4,13.2,75,38
2026-06-22 20:53:50.582917,delhi,156.0,345.5,93.4,768.0,4.0,30.9,4.5,55,327
2026-06-22 20:53:51.921202,mumbai,8.0,17.9,5.0,177.0,51.0,25.8,7.7,96,51
2026-06-22 20:53:53.220255,hyderabad,9.4,13.4,7.3,197.0,67.0,28.1,9.8,92,67
2026-06-22 20:53:54.513677,bangalore,2.6,2.7,8.5,173.0,34.0,20.4,11.0,97,34
2026-06-22 20:53:55.707793,kolkata,21.8,23.5,12.8,273.0,43.0,27.5,3.5,85,43
2026-06-22 22:48:59.073589,delhi,151.8,365.1,90.1,768.0,0.0,29.9,3.1,55,324
2026-06-22 22:48:59.954015,mumbai,9.7,20.6,6.2,177.0,47.0,25.2,9.7,96,47
2026-06-22 22:49:00.775448,hyderabad,7.3,9.4,6.4,197.0,65.0,27.3,13.3,92,65
2026-06-22 22:49:01.581350,bangalore,2.9,3.1,8.2,173.0,33.0,20.2,11.3,97,33
2026-06-22 22:49:02.410500,kolkata,18.1,20.5,10.5,273.0,43.0,27.4,3.1,85,43
2026-06-22 22:49:03.289688,chennai,15.6,19.8,20.0,279.0,34.0,27.6,6.0,78,34
2026-06-23 12:36:57.304987,delhi,149.5,353.9,72.1,1283.0,2.0,37.0,13.9,62,322
2026-06-23 12:36:58.134976,mumbai,7.8,14.1,7.8,113.0,52.0,26.5,9.0,94,52
2026-06-23 12:36:58.960104,hyderabad,6.0,8.0,7.9,171.0,54.0,27.0,12.8,90,54
2026-06-23 12:36:59.778951,bangalore,3.4,3.7,8.9,158.0,32.0,23.7,11.5,94,32
2026-06-23 12:37:00.602806,kolkata,14.1,15.7,8.9,233.0,63.0,29.6,6.0,90,63
2026-06-23 12:37:01.423738,chennai,12.6,14.7,16.4,240.0,45.0,31.5,9.0,68,45
2026-06-23 15:53:37.268998,delhi,149.5,353.9,72.1,748.0,2.0,32.1,4.3,45,322
2026-06-23 15:53:38.110144,mumbai,7.8,14.1,7.8,170.0,52.0,25.8,1.3,92,52
2026-06-23 15:53:38.929023,hyderabad,6.0,8.0,7.9,185.0,54.0,27.4,9.2,92,54
2026-06-23 15:53:39.751207,bangalore,3.4,3.7,8.9,164.0,32.0,21.8,12.5,92,32
2026-06-23 15:53:40.649014,kolkata,14.1,15.7,8.9,242.0,63.0,28.3,4.5,89,63
2026-06-23 15:53:41.479696,chennai,12.6,14.7,16.4,230.0,45.0,28.2,8.9,67,45
2026-06-23 18:02:37.035646,delhi,149.5,353.9,72.1,748.0,2.0,31.1,1.5,45,322
2026-06-23 18:02:38.316294,mumbai,7.8,14.1,7.8,170.0,52.0,25.9,2.3,92,52
2026-06-23 18:02:39.608756,hyderabad,6.0,8.0,7.9,185.0,54.0,27.5,14.3,92,54
2026-06-23 18:02:40.942982,bangalore,3.4,3.7,8.9,164.0,32.0,21.0,13.5,92,32
2026-06-23 18:02:42.246116,kolkata,14.1,15.7,8.9,242.0,63.0,27.9,5.8,89,63
2026-06-23 18:02:43.628574,chennai,12.6,14.7,16.4,230.0,45.0,27.9,8.5,67,45
2026-06-23 21:01:30.579171,delhi,149.5,353.9,72.1,748.0,2.0,29.4,4.1,46,322
2026-06-23 21:01:32.010708,mumbai,7.8,14.1,7.8,170.0,52.0,25.2,6.8,94,52
2026-06-23 21:01:33.559771,hyderabad,6.0,8.0,7.9,185.0,54.0,26.4,14.1,91,54
2026-06-23 21:01:34.847583,bangalore,3.4,3.7,8.9,164.0,32.0,21.2,12.3,93,32
2026-06-23 21:01:36.215231,kolkata,14.1,15.7,8.9,242.0,63.0,28.1,4.4,88,63
2026-06-23 23:11:21.131987,delhi,134.1,356.7,72.4,748.0,4.0,29.0,3.3,46,310
2026-06-23 23:11:22.435887,mumbai,10.7,21.4,10.6,170.0,46.0,25.4,7.6,94,46
2026-06-23 23:11:23.727283,hyderabad,20.9,34.0,12.9,185.0,48.0,25.8,13.2,91,48
2026-06-23 23:11:25.012865,bangalore,4.3,5.3,9.4,164.0,32.0,20.9,11.4,93,32
2026-06-23 23:11:26.285535,kolkata,15.0,16.6,9.3,242.0,64.0,28.2,6.0,88,64
2026-06-24 11:48:02.771190,delhi,135.0,377.2,68.0,939.0,5.0,38.0,10.9,59,334
2026-06-24 11:48:03.573176,mumbai,8.9,17.9,5.7,110.0,54.0,28.1,9.9,94,54
2026-06-24 11:48:04.445458,hyderabad,5.0,5.9,6.1,149.0,54.0,32.3,18.8,88,54
2026-06-24 11:48:05.333940,bangalore,1.8,1.9,4.9,120.0,40.0,23.0,9.5,94,40
2026-06-24 11:48:06.147091,kolkata,13.3,15.2,7.3,206.0,70.0,31.4,9.1,97,70
2026-06-24 11:48:06.955116,chennai,13.1,14.4,16.1,246.0,38.0,33.2,12.0,73,38
2026-06-24 14:41:30.925955,delhi,135.0,377.2,68.0,939.0,5.0,34.8,3.7,59,334
2026-06-24 14:41:31.740292,mumbai,8.9,17.9,5.7,110.0,54.0,26.4,9.4,94,54
2026-06-24 14:41:32.551940,hyderabad,5.0,5.9,6.1,149.0,54.0,25.5,8.0,88,54
2026-06-24 14:41:33.367152,bangalore,1.8,1.9,4.9,120.0,40.0,24.2,15.0,94,40
2026-06-24 14:41:34.180026,kolkata,13.3,15.2,7.3,206.0,70.0,29.5,8.5,97,70
2026-06-24 14:41:34.990227,chennai,13.1,14.4,16.1,246.0,38.0,29.4,16.0,73,38
2026-06-24 17:07:42.179895,delhi,135.0,377.2,68.0,310.0,5.0,32.8,6.2,59,334
2026-06-24 17:07:43.000185,mumbai,8.9,17.9,5.7,139.0,54.0,26.5,7.3,94,54
2026-06-24 17:07:43.803371,hyderabad,5.0,5.9,6.1,154.0,54.0,26.0,7.2,88,54
2026-06-24 17:07:44.613566,bangalore,1.8,1.9,4.9,152.0,40.0,22.2,13.1,94,40
2026-06-24 17:07:45.428840,kolkata,13.3,15.2,7.3,214.0,70.0,28.8,7.4,97,70
2026-06-24 17:07:46.223586,chennai,13.1,14.4,16.1,236.0,38.0,27.9,9.0,73,38
2026-06-24 19:52:13.149282,delhi,135.0,377.2,68.0,310.0,5.0,30.7,4.5,54,334
2026-06-24 19:52:14.457408,mumbai,8.9,17.9,5.7,139.0,54.0,25.2,10.5,95,54
2026-06-24 19:52:15.761542,hyderabad,5.0,5.9,6.1,154.0,54.0,25.3,4.1,90,54
2026-06-24 19:52:17.115201,bangalore,1.8,1.9,4.9,152.0,40.0,20.6,10.9,94,40
2026-06-24 19:52:18.389417,kolkata,13.3,15.2,7.3,214.0,70.0,28.3,6.1,97,70
2026-06-24 21:25:45.613757,delhi,135.0,377.2,68.0,310.0,5.0,31.3,3.4,53,334
2026-06-24 21:25:46.935640,mumbai,8.9,17.9,5.7,139.0,54.0,25.4,8.0,93,54
2026-06-24 21:25:48.317224,hyderabad,5.0,5.9,6.1,154.0,54.0,25.1,10.0,89,54
2026-06-24 21:25:49.630675,bangalore,1.8,1.9,4.9,152.0,40.0,20.3,9.7,94,40
2026-06-24 21:25:50.956030,kolkata,13.3,15.2,7.3,214.0,70.0,28.9,10.0,97,70
2026-06-24 23:08:57.106554,delhi,135.0,377.2,68.0,310.0,5.0,30.0,2.8,53,334
2026-06-24 23:08:58.278135,mumbai,8.9,17.9,5.7,139.0,54.0,26.0,9.7,93,54
2026-06-24 23:08:59.451490,hyderabad,5.0,5.9,6.1,154.0,54.0,25.0,12.0,89,54
2026-06-24 23:09:00.615349,bangalore,1.8,1.9,4.9,152.0,40.0,20.0,10.8,94,40
2026-06-24 23:09:01.788339,kolkata,13.3,15.2,7.3,214.0,70.0,28.9,7.6,97,70
2026-06-24 23:09:02.950945,chennai,13.1,14.4,16.1,236.0,38.0,28.6,12.0,74,38
2026-06-25 22:23:06.121756,delhi,65.0,98.5,27.9,363.0,69.0,31.3,5.2,97,116
2026-06-25 22:23:06.945492,mumbai,7.9,17.2,4.0,125.0,53.0,26.7,6.1,93,53
2026-06-25 22:23:07.791316,hyderabad,3.3,3.6,7.3,148.0,40.0,24.8,10.1,84,40
2026-06-25 22:23:08.615321,bangalore,2.5,3.3,4.9,168.0,43.0,21.0,10.3,100,43
2026-06-25 22:23:09.476421,kolkata,30.0,31.5,14.1,307.0,60.0,27.5,4.0,97,60
2026-06-25 22:23:10.347432,chennai,10.1,12.7,14.8,242.0,35.0,29.0,11.6,65,35
2026-06-26 12:14:33.260561,delhi,86.4,183.5,28.4,461.0,59.0,38.4,3.5,96,188
2026-06-26 12:14:34.107666,mumbai,8.0,16.0,5.7,108.0,51.0,29.3,11.6,94,51
2026-06-26 12:14:34.923042,hyderabad,3.8,4.4,8.0,147.0,36.0,29.9,8.4,89,36
2026-06-26 12:14:35.720830,bangalore,2.3,3.0,5.8,127.0,38.0,25.7,13.5,100,38
2026-06-26 12:14:36.641390,kolkata,39.2,40.9,21.7,506.0,49.0,31.6,8.0,97,65
2026-06-26 12:14:37.451350,chennai,6.5,7.2,14.9,191.0,29.0,31.0,13.0,68,29
2026-06-26 15:25:49.173832,delhi,86.4,183.5,28.4,411.0,59.0,35.1,5.7,96,188
2026-06-26 15:25:50.130191,mumbai,8.0,16.0,5.7,120.0,51.0,28.5,5.5,94,51
2026-06-26 15:25:51.025374,hyderabad,3.8,4.4,8.0,157.0,36.0,27.9,4.2,89,36
2026-06-26 15:25:51.917800,bangalore,2.3,3.0,5.8,141.0,38.0,22.7,8.8,100,38
2026-06-26 15:25:52.733609,kolkata,39.2,40.9,21.7,428.0,49.0,29.2,9.0,97,65
2026-06-26 15:25:53.596718,chennai,6.5,7.2,14.9,246.0,29.0,29.6,11.5,68,29
2026-06-26 17:53:46.757372,delhi,86.4,183.5,28.4,411.0,59.0,33.7,4.5,96,188
2026-06-26 17:53:47.735763,mumbai,8.0,16.0,5.7,120.0,51.0,28.2,4.8,94,51
2026-06-26 17:53:48.675699,hyderabad,3.8,4.4,8.0,157.0,36.0,26.5,7.9,89,36
2026-06-26 17:53:49.616297,bangalore,2.3,3.0,5.8,141.0,38.0,22.1,12.1,100,38
2026-06-26 17:53:50.548342,kolkata,39.2,40.9,21.7,428.0,49.0,28.0,7.8,97,65
2026-06-26 17:53:51.467398,chennai,6.5,7.2,14.9,246.0,29.0,28.4,12.8,68,29
2026-06-26 19:56:44.585437,delhi,86.4,183.5,28.4,411.0,59.0,32.8,1.7,92,188
2026-06-26 19:56:45.746088,mumbai,8.0,16.0,5.7,120.0,51.0,27.2,5.2,93,51
2026-06-26 19:56:46.907351,hyderabad,3.8,4.4,8.0,157.0,36.0,25.4,4.9,86,36
2026-06-26 19:56:48.081519,bangalore,2.3,3.0,5.8,141.0,38.0,21.0,10.9,100,38
2026-06-26 19:56:49.288458,kolkata,39.2,40.9,21.7,428.0,49.0,27.6,7.5,94,65
2026-06-26 19:56:50.493755,chennai,6.5,7.2,14.9,246.0,29.0,27.6,9.3,67,29
2026-06-26 21:24:45.485342,delhi,86.4,183.5,28.4,411.0,59.0,32.9,3.5,95,188
2026-06-26 21:24:46.789587,mumbai,8.0,16.0,5.7,120.0,51.0,26.5,5.0,94,51
2026-06-26 21:24:48.074751,hyderabad,3.8,4.4,8.0,157.0,36.0,24.8,7.8,84,36
2026-06-26 21:24:49.413957,bangalore,2.3,3.0,5.8,141.0,38.0,20.6,9.7,99,38
2026-06-26 21:24:50.710681,kolkata,39.2,40.9,21.7,428.0,49.0,27.6,5.9,94,65
2026-06-26 23:11:55.770438,delhi,75.7,196.5,28.4,411.0,50.0,32.3,2.7,95,164
2026-06-26 23:11:56.671180,mumbai,8.8,17.2,4.8,120.0,52.0,26.3,5.1,94,52
2026-06-26 23:11:57.552104,hyderabad,3.2,3.5,7.5,157.0,37.0,24.7,8.4,84,37
2026-06-26 23:11:58.435886,bangalore,2.1,2.2,5.9,141.0,38.0,20.3,10.1,99,38
2026-06-26 23:11:59.292500,kolkata,34.5,36.0,19.3,428.0,52.0,27.4,6.0,94,57
2026-06-26 23:12:00.114853,chennai,7.3,8.0,16.3,246.0,28.0,28.3,11.6,66,28
2026-06-27 11:38:20.407895,delhi,38.8,65.0,26.6,466.0,68.0,39.7,12.3,99,68
2026-06-27 11:38:21.340432,mumbai,8.0,14.3,6.6,107.0,47.0,30.1,10.6,90,47
2026-06-27 11:38:22.514813,hyderabad,3.1,3.6,7.6,140.0,37.0,27.1,6.2,89,37
2026-06-27 11:38:23.443971,bangalore,2.1,2.2,6.1,130.0,38.0,24.4,10.5,94,38
2026-06-27 11:38:24.396026,kolkata,25.5,26.7,16.6,369.0,52.0,31.0,11.3,97,52
2026-06-27 11:38:25.295601,chennai,6.0,6.7,14.9,186.0,30.0,32.6,15.9,60,30
2026-06-27 13:52:46.039250,delhi,38.8,65.0,26.6,466.0,68.0,36.9,9.8,99,68
2026-06-27 13:52:47.273602,mumbai,8.0,14.3,6.6,107.0,47.0,29.4,5.1,90,47
2026-06-27 13:52:48.521946,hyderabad,3.1,3.6,7.6,140.0,37.0,27.4,6.3,89,37
2026-06-27 13:52:49.787575,bangalore,2.1,2.2,6.1,130.0,38.0,22.8,9.2,94,38
2026-06-27 13:52:51.041190,kolkata,25.5,26.7,16.6,369.0,52.0,29.8,9.9,97,52
2026-06-27 15:19:10.834842,delhi,38.8,65.0,26.6,366.0,68.0,35.8,5.9,99,68
2026-06-27 15:19:12.151121,mumbai,8.0,14.3,6.6,117.0,47.0,29.0,4.0,90,47
2026-06-27 15:19:13.471563,hyderabad,3.1,3.6,7.6,135.0,37.0,27.0,5.0,89,37
2026-06-27 15:19:14.760026,bangalore,2.1,2.2,6.1,167.0,38.0,22.2,10.1,94,38
2026-06-27 15:19:16.136887,kolkata,25.5,26.7,16.6,275.0,52.0,28.8,10.6,97,52
2026-06-27 17:16:31.774700,delhi,38.8,65.0,26.6,366.0,68.0,34.8,1.5,99,68
2026-06-27 17:16:33.072960,mumbai,8.0,14.3,6.6,117.0,47.0,28.7,3.9,90,47
2026-06-27 17:16:34.347827,hyderabad,3.1,3.6,7.6,135.0,37.0,25.4,2.3,89,37
2026-06-27 17:16:35.660881,bangalore,2.1,2.2,6.1,167.0,38.0,22.0,9.5,94,38
2026-06-27 17:16:37.037303,kolkata,25.5,26.7,16.6,275.0,52.0,28.1,7.8,97,52
2026-06-27 19:27:53.587117,delhi,38.8,65.0,26.6,366.0,68.0,33.3,3.8,99,68
2026-06-27 19:27:54.877511,mumbai,8.0,14.3,6.6,117.0,47.0,28.0,3.5,90,47
2026-06-27 19:27:56.163119,hyderabad,3.1,3.6,7.6,135.0,37.0,24.3,13.1,89,37
2026-06-27 19:27:57.457507,bangalore,2.1,2.2,6.1,167.0,38.0,21.3,10.8,94,38
2026-06-27 19:27:58.749494,kolkata,25.5,26.7,16.6,275.0,52.0,27.7,6.6,97,52
2026-06-27 21:10:03.594629,delhi,38.8,65.0,26.6,366.0,68.0,32.3,3.4,99,68
2026-06-27 21:10:05.952879,mumbai,8.0,14.3,6.6,117.0,47.0,27.4,5.2,90,47
2026-06-27 21:10:07.210124,hyderabad,3.1,3.6,7.6,135.0,37.0,23.6,10.1,89,37
2026-06-27 21:27:05.584482,kolkata,25.5,26.7,16.6,275.0,52.0,27.7,8.2,97,52
2026-06-27 21:27:06.406687,chennai,6.0,6.7,14.9,193.0,30.0,25.9,9.8,60,30
2026-06-27 23:07:51.127573,delhi,29.0,43.5,21.6,366.0,77.0,31.3,3.6,99,77
2026-06-27 23:07:52.131256,mumbai,7.5,14.1,5.3,117.0,50.0,26.5,7.6,90,50
2026-06-27 23:07:53.242685,hyderabad,3.1,3.3,7.9,135.0,36.0,23.5,8.8,89,36
2026-06-27 23:07:54.267508,bangalore,2.1,2.5,5.3,167.0,41.0,20.5,10.9,94,41
2026-06-27 23:07:55.425011,kolkata,22.0,23.4,13.9,275.0,49.0,27.5,9.5,97,49
2026-06-27 23:07:56.619130,chennai,7.3,8.7,13.9,193.0,34.0,26.2,8.9,60,34
2026-06-28 11:11:20.283062,delhi,32.7,32.9,24.3,510.0,83.0,41.0,12.4,100,83
2026-06-28 11:11:21.095953,mumbai,9.4,21.7,5.3,108.0,52.0,29.0,13.0,92,52
2026-06-28 11:11:21.897371,hyderabad,3.6,4.7,7.1,138.0,39.0,29.1,4.3,83,39
2026-06-28 11:11:22.776667,bangalore,4.6,8.8,5.0,121.0,40.0,24.2,16.0,94,40
2026-06-28 11:11:23.595288,kolkata,25.1,26.1,18.2,344.0,37.0,31.0,12.0,98,41
2026-06-28 11:11:24.418803,chennai,12.8,15.7,19.9,242.0,26.0,31.2,15.7,64,26
2026-06-28 13:58:14.962213,delhi,32.7,32.9,24.3,510.0,83.0,38.0,10.8,100,83
2026-06-28 13:58:15.875258,mumbai,9.4,21.7,5.3,108.0,52.0,26.0,9.8,92,52
2026-06-28 13:58:16.815991,hyderabad,3.6,4.7,7.1,138.0,39.0,27.6,4.4,83,39
2026-06-28 13:58:17.720757,bangalore,4.6,8.8,5.0,121.0,40.0,24.0,18.6,94,40
2026-06-28 13:58:18.600098,kolkata,25.1,26.1,18.2,344.0,37.0,29.1,9.0,98,41
2026-06-28 13:58:19.494348,chennai,12.8,15.7,19.9,242.0,26.0,29.0,9.5,64,26
2026-06-28 15:23:16.658032,delhi,32.7,32.9,24.3,510.0,83.0,37.3,7.1,100,83
2026-06-28 15:23:18.062434,mumbai,9.4,21.7,5.3,108.0,52.0,26.0,4.4,92,52
2026-06-28 15:23:19.330587,hyderabad,3.6,4.7,7.1,138.0,39.0,26.4,5.8,83,39
2026-06-28 15:23:20.567085,bangalore,4.6,8.8,5.0,121.0,40.0,23.1,17.7,94,40
2026-06-28 15:23:21.818358,kolkata,25.1,26.1,18.2,344.0,37.0,28.7,8.5,98,41
2026-06-28 17:18:24.720647,delhi,32.7,32.9,24.3,510.0,83.0,36.4,4.8,100,83
2026-06-28 17:18:26.139837,mumbai,9.4,21.7,5.3,108.0,52.0,26.1,5.0,92,52
2026-06-28 17:18:27.451057,hyderabad,3.6,4.7,7.1,138.0,39.0,23.7,5.5,83,39
2026-06-28 17:18:28.732365,bangalore,4.6,8.8,5.0,121.0,40.0,22.1,14.9,94,40
2026-06-28 17:18:29.966110,kolkata,25.1,26.1,18.2,344.0,37.0,28.4,7.2,98,41
2026-06-28 19:36:28.771864,delhi,32.7,32.9,24.3,510.0,83.0,35.5,0.5,100,83
2026-06-28 19:36:29.904996,mumbai,9.4,21.7,5.3,108.0,52.0,25.5,4.5,92,52
2026-06-28 19:36:30.923793,hyderabad,3.6,4.7,7.1,138.0,39.0,23.7,7.0,83,39
2026-06-28 19:36:32.188410,bangalore,4.6,8.8,5.0,121.0,40.0,21.8,12.2,94,40
2026-06-28 19:36:33.351727,kolkata,25.1,26.1,18.2,344.0,37.0,28.3,7.6,98,41
2026-06-28 19:36:34.315816,chennai,12.8,15.7,19.9,242.0,26.0,26.2,10.4,64,26
2026-06-28 21:07:37.402032,delhi,32.7,32.9,24.3,510.0,83.0,34.6,4.1,100,83
2026-06-28 21:07:38.163099,mumbai,9.4,21.7,5.3,108.0,52.0,26.1,1.6,92,52
2026-06-28 21:07:38.922127,hyderabad,3.6,4.7,7.1,138.0,39.0,23.6,6.6,83,39
2026-06-28 21:07:39.702474,bangalore,4.6,8.8,5.0,121.0,40.0,21.6,11.9,94,40
2026-06-28 21:07:40.464667,kolkata,25.1,26.1,18.2,344.0,37.0,28.1,8.8,98,41
2026-06-28 21:07:41.224590,chennai,12.8,15.7,19.9,242.0,26.0,25.6,11.1,64,26
2026-06-28 23:08:24.845008,delhi,32.7,32.9,24.3,510.0,83.0,30.9,9.7,100,83
2026-06-28 23:08:25.828452,mumbai,9.4,21.7,5.3,108.0,52.0,26.1,3.9,92,52
2026-06-28 23:08:26.791875,hyderabad,3.6,4.7,7.1,138.0,39.0,23.7,8.2,83,39
2026-06-28 23:08:27.756612,bangalore,4.6,8.8,5.0,121.0,40.0,21.1,13.0,94,40
2026-06-28 23:08:28.732211,kolkata,25.1,26.1,18.2,344.0,37.0,27.8,7.3,98,41
2026-06-28 23:08:29.684599,chennai,12.8,15.7,19.9,242.0,26.0,25.6,10.9,64,26
2026-06-29 14:09:05.464308,delhi,45.6,46.2,31.7,568.0,61.0,35.9,5.1,97,76
2026-06-29 14:09:06.713278,mumbai,9.7,21.2,3.9,100.0,53.0,26.2,9.8,85,53
2026-06-29 14:09:07.964258,hyderabad,2.5,2.9,6.0,128.0,41.0,27.5,6.5,81,41
2026-06-29 14:09:09.218925,bangalore,2.3,3.6,4.8,118.0,40.0,21.9,19.4,90,40
2026-06-29 14:09:10.483203,kolkata,20.4,21.2,15.4,312.0,45.0,28.3,4.2,99,45
2026-06-29 14:09:11.757930,chennai,7.1,9.5,14.8,184.0,30.0,30.0,13.9,62,30
2026-06-29 17:42:13.764475,delhi,45.6,46.2,31.7,522.0,61.0,33.2,7.5,97,76
2026-06-29 17:42:15.034620,mumbai,9.7,21.2,3.9,126.0,53.0,26.1,9.2,85,53
2026-06-29 17:42:16.312213,hyderabad,2.5,2.9,6.0,143.0,41.0,24.5,13.9,81,41
2026-06-29 17:42:17.558559,bangalore,2.3,3.6,4.8,142.0,40.0,20.8,16.6,90,40
2026-06-29 17:42:18.808102,kolkata,20.4,21.2,15.4,345.0,45.0,28.3,4.0,99,45
2026-06-29 17:42:20.052694,chennai,7.1,9.5,14.8,177.0,30.0,28.5,12.7,62,30
2026-06-29 20:04:57.134972,delhi,45.6,46.2,31.7,522.0,61.0,32.4,5.8,97,76
2026-06-29 20:04:58.030955,mumbai,9.7,21.2,3.9,126.0,53.0,25.6,7.2,85,53
2026-06-29 20:04:58.982125,hyderabad,2.5,2.9,6.0,143.0,41.0,24.0,13.4,81,41
2026-06-29 20:04:59.916605,bangalore,2.3,3.6,4.8,142.0,40.0,20.7,16.2,90,40
2026-06-29 20:05:00.830903,kolkata,20.4,21.2,15.4,345.0,45.0,28.3,5.4,99,45
2026-06-29 20:05:01.743728,chennai,7.1,9.5,14.8,177.0,30.0,26.5,10.4,62,30
2026-06-29 22:12:02.420131,delhi,55.1,55.2,41.1,522.0,41.0,33.3,5.2,97,91
2026-06-29 22:12:03.327646,mumbai,9.8,21.0,3.0,126.0,52.0,26.3,11.4,84,52
2026-06-29 22:12:04.223827,hyderabad,3.0,3.7,6.8,143.0,38.0,24.5,14.8,82,38
2026-06-29 22:12:05.125781,bangalore,2.9,5.2,4.7,142.0,40.0,20.5,17.0,90,40
2026-06-29 22:12:06.058943,kolkata,30.6,31.8,20.7,345.0,38.0,27.5,3.1,94,51
2026-06-29 22:12:07.046311,chennai,10.4,17.2,15.9,177.0,33.0,27.3,10.6,58,33
2026-06-30 12:13:23.942022,delhi,42.5,71.2,27.8,471.0,55.0,39.0,12.1,95,71
2026-06-30 12:13:24.784600,mumbai,12.5,30.6,2.1,90.0,50.0,26.2,16.2,87,50
2026-06-30 12:13:25.575887,hyderabad,1.9,2.3,4.9,115.0,40.0,27.1,10.4,83,40
2026-06-30 12:13:26.401470,bangalore,2.5,4.5,3.6,107.0,42.0,23.4,16.0,91,42
2026-06-30 12:13:27.193341,kolkata,16.8,17.2,16.6,327.0,39.0,27.8,2.7,97,39
2026-06-30 12:13:28.008523,chennai,4.5,6.5,9.8,134.0,33.0,32.7,6.1,54,33
2026-06-30 15:33:02.879200,delhi,42.5,71.2,27.8,351.0,55.0,30.9,11.9,95,71
2026-06-30 15:33:04.089437,mumbai,12.5,30.6,2.1,96.0,50.0,26.3,13.8,87,50
2026-06-30 15:33:05.246037,hyderabad,1.9,2.3,4.9,125.0,40.0,25.0,14.4,83,40
2026-06-30 15:33:06.571616,bangalore,2.5,4.5,3.6,133.0,42.0,22.2,19.4,91,42
2026-06-30 15:33:07.686836,kolkata,16.8,17.2,16.6,266.0,39.0,27.1,3.8,97,39
2026-06-30 18:00:49.456696,delhi,42.5,71.2,27.8,351.0,55.0,30.4,8.5,95,71
2026-06-30 18:00:50.744873,mumbai,12.5,30.6,2.1,96.0,50.0,26.2,11.7,87,50
2026-06-30 18:00:52.031696,hyderabad,1.9,2.3,4.9,125.0,40.0,24.4,12.5,83,40
2026-06-30 18:00:53.453531,bangalore,2.5,4.5,3.6,133.0,42.0,21.8,16.7,91,42
2026-06-30 18:00:54.737062,kolkata,16.8,17.2,16.6,266.0,39.0,26.8,5.9,97,39
2026-06-30 20:58:30.916322,delhi,42.5,71.2,27.8,351.0,55.0,30.4,10.7,97,71
2026-06-30 20:58:31.686280,mumbai,12.5,30.6,2.1,96.0,50.0,26.6,21.8,88,50
2026-06-30 20:58:32.468820,hyderabad,1.9,2.3,4.9,125.0,40.0,25.4,15.7,79,40
2026-06-30 20:58:33.244921,bangalore,2.5,4.5,3.6,133.0,42.0,21.3,14.7,90,42
2026-06-30 20:58:34.024342,kolkata,16.8,17.2,16.6,266.0,39.0,26.4,5.4,98,39
2026-06-30 20:58:34.793149,chennai,4.5,6.5,9.8,148.0,33.0,29.6,14.7,57,33
2026-06-30 22:20:12.325672,delhi,30.0,31.5,24.1,351.0,68.0,29.7,10.9,97,68
2026-06-30 22:20:13.571749,mumbai,9.9,20.9,2.6,96.0,52.0,26.4,17.5,88,52
2026-06-30 22:20:14.771790,hyderabad,2.7,3.7,6.1,125.0,37.0,24.8,16.3,79,37
2026-06-30 22:20:15.892404,bangalore,1.7,2.1,4.8,133.0,36.0,20.9,14.7,90,36
2026-06-30 22:20:17.094475,kolkata,20.1,20.7,17.0,266.0,33.0,26.3,3.9,98,33
2026-06-30 22:20:18.227373,chennai,6.0,7.9,11.4,148.0,35.0,29.2,13.6,57,35
2026-07-01 12:40:55.645346,delhi,45.4,52.6,36.4,585.0,41.0,33.5,6.8,95,75
2026-07-01 12:40:56.867781,mumbai,14.4,33.4,2.2,98.0,54.0,26.6,16.7,88,54
2026-07-01 12:40:58.115565,hyderabad,2.1,3.5,4.0,113.0,43.0,27.9,17.2,85,43
2026-07-01 12:40:59.346994,bangalore,4.0,6.9,3.3,105.0,43.0,23.7,19.2,94,43
2026-07-01 12:41:00.581544,kolkata,21.7,22.5,18.3,369.0,33.0,27.6,7.4,98,36
2026-07-01 12:41:01.796494,chennai,6.8,12.2,7.6,122.0,37.0,33.0,10.6,60,37
2026-07-01 15:45:59.849750,delhi,45.4,52.6,36.4,407.0,41.0,28.7,6.6,95,75
2026-07-01 15:46:00.772644,mumbai,14.4,33.4,2.2,98.0,54.0,26.4,14.9,88,54
2026-07-01 15:46:01.699590,hyderabad,2.1,3.5,4.0,118.0,43.0,24.7,18.1,85,43
2026-07-01 15:46:02.599012,bangalore,4.0,6.9,3.3,116.0,43.0,22.0,14.6,94,43
2026-07-01 15:46:03.525998,kolkata,21.7,22.5,18.3,300.0,33.0,27.9,6.5,98,36
2026-07-01 15:46:04.460066,chennai,6.8,12.2,7.6,130.0,37.0,31.0,10.8,60,37
2026-07-01 18:02:00.913160,delhi,45.4,52.6,36.4,407.0,41.0,28.0,6.0,95,75
2026-07-01 18:02:01.973634,mumbai,14.4,33.4,2.2,98.0,54.0,25.5,14.3,88,54
2026-07-01 18:02:03.111476,hyderabad,2.1,3.5,4.0,118.0,43.0,24.2,18.0,85,43
2026-07-01 18:02:04.308663,bangalore,4.0,6.9,3.3,116.0,43.0,21.2,14.5,94,43
2026-07-01 18:02:05.459861,kolkata,21.7,22.5,18.3,300.0,33.0,27.3,6.6,98,36
2026-07-01 18:02:06.492878,chennai,6.8,12.2,7.6,130.0,37.0,30.1,10.2,60,37
2026-07-01 20:48:56.296385,delhi,45.4,52.6,36.4,407.0,41.0,27.1,5.4,87,75
2026-07-01 20:48:57.566707,mumbai,14.4,33.4,2.2,98.0,54.0,25.8,12.7,88,54
2026-07-01 20:48:58.833221,hyderabad,2.1,3.5,4.0,118.0,43.0,23.4,19.3,85,43
2026-07-01 20:49:00.086886,bangalore,4.0,6.9,3.3,116.0,43.0,20.8,16.1,91,43
2026-07-01 20:49:01.349678,kolkata,21.7,22.5,18.3,300.0,33.0,26.8,3.3,100,36
2026-07-01 20:49:02.609057,chennai,6.8,12.2,7.6,130.0,37.0,29.5,12.2,56,37
2026-07-01 22:21:06.450174,delhi,42.3,42.8,26.9,407.0,60.0,25.7,3.5,98,70
2026-07-01 22:21:07.237431,mumbai,14.6,36.4,1.7,98.0,53.0,26.0,12.7,87,53
2026-07-01 22:21:08.016467,hyderabad,2.3,3.5,4.4,118.0,43.0,23.8,17.4,80,43
2026-07-01 22:21:08.907735,bangalore,5.2,10.0,3.2,116.0,43.0,20.6,17.1,90,43
2026-07-01 22:21:09.688427,kolkata,24.4,25.3,19.6,300.0,39.0,26.0,8.4,96,40
2026-07-01 22:21:10.465914,chennai,8.2,14.6,8.4,130.0,35.0,29.5,14.5,56,35
2026-07-02 12:11:12.519723,delhi,45.2,53.9,38.7,587.0,47.0,32.2,2.1,99,75
2026-07-02 12:11:13.333463,mumbai,15.8,36.1,2.4,98.0,52.0,26.9,17.1,87,52
2026-07-02 12:11:14.087169,hyderabad,2.2,2.7,5.2,122.0,42.0,27.5,15.0,81,42
2026-07-02 12:11:14.867791,bangalore,1.4,1.5,4.0,115.0,48.0,26.1,18.4,88,48
2026-07-02 12:11:15.654767,kolkata,13.6,15.1,8.7,213.0,62.0,30.5,4.6,89,62
2026-07-02 12:11:16.448137,chennai,7.0,9.4,11.0,158.0,38.0,32.9,8.3,58,38
2026-07-02 15:20:08.637619,delhi,45.2,53.9,38.7,653.0,47.0,29.6,3.4,99,75
2026-07-02 15:20:09.603919,mumbai,15.8,36.1,2.4,97.0,52.0,25.7,12.6,87,52
2026-07-02 15:20:10.536528,hyderabad,2.2,2.7,5.2,134.0,42.0,27.0,13.1,81,42
2026-07-02 15:20:11.452432,bangalore,1.4,1.5,4.0,136.0,48.0,23.5,17.2,88,48
2026-07-02 15:20:12.380933,kolkata,13.6,15.1,8.7,220.0,62.0,27.1,6.5,89,62
2026-07-02 15:20:13.285133,chennai,7.0,9.4,11.0,182.0,38.0,30.1,7.4,58,38
2026-07-02 17:54:07.591139,delhi,45.2,53.9,38.7,653.0,47.0,29.1,3.1,99,75
2026-07-02 17:54:08.833982,mumbai,15.8,36.1,2.4,97.0,52.0,25.1,8.5,87,52
2026-07-02 17:54:10.229016,hyderabad,2.2,2.7,5.2,134.0,42.0,26.1,13.2,81,42
2026-07-02 17:54:11.471317,bangalore,1.4,1.5,4.0,136.0,48.0,22.3,17.6,88,48
2026-07-02 17:54:12.702802,kolkata,13.6,15.1,8.7,220.0,62.0,27.4,7.0,89,62
2026-07-02 17:54:13.934446,chennai,7.0,9.4,11.0,182.0,38.0,27.0,9.0,58,38
2026-07-02 19:38:27.309356,delhi,45.2,53.9,38.7,653.0,47.0,28.5,5.5,99,75
2026-07-02 19:38:28.094700,mumbai,15.8,36.1,2.4,97.0,52.0,25.5,10.3,87,52
2026-07-02 19:38:28.871055,hyderabad,2.2,2.7,5.2,134.0,42.0,24.8,14.8,81,42
2026-07-02 19:38:29.700150,bangalore,1.4,1.5,4.0,136.0,48.0,21.6,16.8,88,48
2026-07-02 19:38:30.610689,kolkata,13.6,15.1,8.7,220.0,62.0,27.1,5.2,89,62
2026-07-02 19:38:31.512987,chennai,7.0,9.4,11.0,182.0,38.0,27.5,4.3,58,38
2026-07-02 21:13:28.422537,delhi,45.2,53.9,38.7,653.0,47.0,28.0,6.2,97,75
2026-07-02 21:13:29.241267,mumbai,15.8,36.1,2.4,97.0,52.0,25.4,10.4,86,52
2026-07-02 21:13:30.045658,hyderabad,2.2,2.7,5.2,134.0,42.0,24.1,16.7,84,42
2026-07-02 21:13:30.862226,bangalore,1.4,1.5,4.0,136.0,48.0,21.1,15.6,89,48
2026-07-02 21:13:31.689291,kolkata,13.6,15.1,8.7,220.0,62.0,27.0,7.0,90,62
2026-07-02 21:13:32.549796,chennai,7.0,9.4,11.0,182.0,38.0,27.4,5.8,57,38
2026-07-02 23:12:28.754346,delhi,51.3,102.9,28.2,653.0,70.0,26.6,8.6,99,101
2026-07-02 23:12:29.525757,mumbai,11.1,22.9,2.0,97.0,54.0,25.9,13.5,87,54
2026-07-02 23:12:30.309875,hyderabad,2.0,2.4,5.4,134.0,41.0,24.5,18.0,83,41
2026-07-02 23:12:31.079531,bangalore,1.9,2.9,3.5,136.0,50.0,21.1,14.5,89,50
2026-07-02 23:12:31.853235,kolkata,12.5,15.0,6.9,220.0,62.0,27.1,9.0,88,62
2026-07-02 23:12:32.625319,chennai,7.6,9.9,11.6,182.0,36.0,29.7,9.4,57,36
2026-07-03 12:58:57.541851,delhi,16.6,16.6,19.2,371.0,67.0,34.4,3.2,96,67
2026-07-03 12:58:59.001776,mumbai,16.4,37.6,3.0,96.0,45.0,25.8,16.2,84,45
2026-07-03 12:59:00.415407,hyderabad,3.6,5.4,6.6,134.0,39.0,25.1,18.0,81,39
2026-07-03 12:59:01.811656,bangalore,2.1,3.3,4.0,112.0,44.0,22.6,19.1,92,44
2026-07-03 12:59:03.024147,kolkata,16.8,19.5,9.1,212.0,62.0,29.9,4.1,89,62
2026-07-03 15:19:15.318915,delhi,16.6,16.6,19.2,448.0,67.0,32.0,2.3,96,67
2026-07-03 15:19:16.275799,mumbai,16.4,37.6,3.0,104.0,45.0,26.1,14.7,84,45
2026-07-03 15:19:17.307694,hyderabad,3.6,5.4,6.6,136.0,39.0,24.8,16.7,81,39
2026-07-03 15:19:18.210855,bangalore,2.1,3.3,4.0,142.0,44.0,22.6,18.5,92,44
2026-07-03 15:19:19.135415,kolkata,16.8,19.5,9.1,206.0,62.0,28.7,7.3,89,62
2026-07-03 15:19:20.069044,chennai,6.6,8.8,12.1,164.0,33.0,28.0,12.1,65,33
2026-07-03 17:37:36.180033,delhi,16.6,16.6,19.2,448.0,67.0,30.8,5.8,96,67
2026-07-03 17:37:37.036899,mumbai,16.4,37.6,3.0,104.0,45.0,26.1,17.6,84,45
2026-07-03 17:37:37.811950,hyderabad,3.6,5.4,6.6,136.0,39.0,24.9,19.9,81,39
2026-07-03 17:37:38.591014,bangalore,2.1,3.3,4.0,142.0,44.0,21.8,15.2,92,44
2026-07-03 17:37:39.365778,kolkata,16.8,19.5,9.1,206.0,62.0,27.9,8.6,89,62
2026-07-03 17:37:40.254216,chennai,6.6,8.8,12.1,164.0,33.0,27.7,13.2,65,33
2026-07-03 19:36:10.387628,delhi,16.6,16.6,19.2,448.0,67.0,30.4,5.6,96,67
2026-07-03 19:36:11.159134,mumbai,16.4,37.6,3.0,104.0,45.0,26.2,15.5,84,45
2026-07-03 19:36:12.027992,hyderabad,3.6,5.4,6.6,136.0,39.0,24.3,21.0,81,39
2026-07-03 19:36:12.798506,bangalore,2.1,3.3,4.0,142.0,44.0,21.4,18.1,92,44
2026-07-03 19:36:13.570344,kolkata,16.8,19.5,9.1,206.0,62.0,27.4,8.9,89,62
2026-07-03 19:36:14.346657,chennai,6.6,8.8,12.1,164.0,33.0,28.0,15.5,65,33
2026-07-03 21:49:05.783520,hyderabad,3.6,5.4,6.6,136.0,39.0,23.6,20.8,81,39
2026-07-03 21:49:06.999998,bangalore,2.1,3.3,4.0,142.0,44.0,21.1,20.2,91,44
2026-07-03 21:49:08.363632,kolkata,16.8,19.5,9.1,206.0,62.0,27.6,11.5,92,62
2026-07-03 21:49:09.753565,chennai,6.6,8.8,12.1,164.0,33.0,28.6,17.1,61,33
2026-07-03 23:09:02.842307,delhi,18.8,21.7,17.4,448.0,68.0,28.3,6.0,96,68
2026-07-03 23:09:04.079569,mumbai,16.3,33.9,2.8,104.0,46.0,25.8,17.1,90,46
2026-07-03 23:09:05.468751,hyderabad,4.4,7.1,6.5,136.0,39.0,23.4,21.3,81,39
2026-07-03 23:09:06.888130,bangalore,2.4,3.6,3.7,142.0,44.0,21.1,20.2,91,44
2026-07-03 23:09:08.289629,kolkata,14.1,17.1,7.2,206.0,62.0,27.6,13.2,92,62
2026-07-04 11:36:42.275643,delhi,23.6,23.6,22.5,383.0,61.0,32.4,6.4,92,61
2026-07-04 11:36:43.215552,mumbai,13.6,28.6,3.8,91.0,40.0,25.9,24.3,87,40
2026-07-04 11:36:44.292800,hyderabad,4.2,6.6,6.3,124.0,33.0,25.0,16.9,80,33
2026-07-04 11:36:45.211331,bangalore,3.3,5.2,4.5,104.0,36.0,26.4,25.2,91,36
2026-07-04 11:36:46.125906,kolkata,14.3,17.0,8.0,184.0,58.0,30.2,10.7,84,58
2026-07-04 11:36:47.041783,chennai,8.8,11.9,13.3,168.0,30.0,30.3,14.9,64,30
2026-07-04 13:43:37.353336,delhi,23.6,23.6,22.5,383.0,61.0,34.6,5.1,92,61
2026-07-04 13:43:38.588645,mumbai,13.6,28.6,3.8,91.0,40.0,26.1,24.1,87,40
2026-07-04 13:43:39.865883,hyderabad,4.2,6.6,6.3,124.0,33.0,24.1,22.1,80,33
2026-07-04 13:43:41.132657,bangalore,3.3,5.2,4.5,104.0,36.0,23.7,22.4,91,36
2026-07-04 13:43:42.240597,kolkata,14.3,17.0,8.0,184.0,58.0,29.6,11.5,84,58
2026-07-04 13:43:43.353349,chennai,8.8,11.9,13.3,168.0,30.0,29.9,14.3,64,30
2026-07-04 15:09:38.279038,delhi,23.6,23.6,22.5,334.0,61.0,33.6,7.9,92,61
2026-07-04 15:09:39.064715,mumbai,13.6,28.6,3.8,103.0,40.0,26.5,21.5,87,40
2026-07-04 15:09:39.845364,hyderabad,4.2,6.6,6.3,135.0,33.0,23.9,23.3,80,33
2026-07-04 15:09:40.664065,bangalore,3.3,5.2,4.5,134.0,36.0,22.7,18.0,91,36
2026-07-04 15:09:41.441288,kolkata,14.3,17.0,8.0,228.0,58.0,29.0,11.5,84,58
2026-07-04 15:09:42.224615,chennai,8.8,11.9,13.3,159.0,30.0,29.5,11.2,64,30
2026-07-04 17:11:44.752586,delhi,23.6,23.6,22.5,334.0,61.0,32.7,6.3,92,61
2026-07-04 17:11:45.993356,mumbai,13.6,28.6,3.8,103.0,40.0,26.4,18.5,87,40
2026-07-04 17:11:47.402623,hyderabad,4.2,6.6,6.3,135.0,33.0,24.2,21.6,80,33
2026-07-04 17:11:48.787897,bangalore,3.3,5.2,4.5,134.0,36.0,22.0,17.3,91,36
2026-07-04 17:11:50.196580,kolkata,14.3,17.0,8.0,228.0,58.0,28.3,13.4,84,58
2026-07-04 19:21:02.613016,delhi,23.6,23.6,22.5,334.0,61.0,32.1,4.2,92,61
2026-07-04 19:21:03.400266,mumbai,13.6,28.6,3.8,103.0,40.0,26.1,18.2,87,40
2026-07-04 19:21:04.197644,hyderabad,4.2,6.6,6.3,135.0,33.0,24.0,22.5,80,33
2026-07-04 19:21:04.988959,bangalore,3.3,5.2,4.5,134.0,36.0,21.3,18.8,91,36
2026-07-04 19:21:05.824520,kolkata,14.3,17.0,8.0,228.0,58.0,26.9,15.1,84,58
2026-07-04 19:21:06.607889,chennai,8.8,11.9,13.3,159.0,30.0,30.3,15.4,64,30
2026-07-04 21:02:56.370887,delhi,23.6,23.6,22.5,334.0,61.0,29.3,1.5,92,61
2026-07-04 21:02:57.738203,mumbai,13.6,28.6,3.8,103.0,40.0,26.2,17.1,88,40
2026-07-04 21:02:59.127223,hyderabad,4.2,6.6,6.3,135.0,33.0,23.8,19.7,80,33
2026-07-04 21:03:00.377031,bangalore,3.3,5.2,4.5,134.0,36.0,21.4,19.7,91,36
2026-07-04 21:03:01.595350,kolkata,14.3,17.0,8.0,228.0,58.0,27.1,15.7,97,58
2026-07-04 23:01:09.297155,delhi,36.7,37.8,28.7,334.0,45.0,29.2,2.1,92,61
2026-07-04 23:01:10.134597,mumbai,13.1,27.0,3.2,103.0,40.0,26.3,19.1,88,40
2026-07-04 23:01:10.929935,hyderabad,5.1,9.1,6.2,135.0,31.0,23.8,19.2,80,31
2026-07-04 23:01:11.731062,bangalore,3.3,5.1,4.4,134.0,36.0,21.2,19.4,91,36
2026-07-04 23:01:12.539168,kolkata,15.3,19.6,6.9,228.0,60.0,26.7,14.4,97,60
2026-07-04 23:01:13.305105,chennai,7.9,10.6,13.0,159.0,29.0,29.8,16.6,59,29
2026-07-05 12:19:39.894653,delhi,50.8,52.5,49.8,722.0,39.0,32.5,6.9,91,84
2026-07-05 12:19:40.757499,mumbai,13.8,31.7,3.2,92.0,41.0,26.8,30.5,88,41
2026-07-05 12:19:41.535467,hyderabad,7.9,14.3,6.5,132.0,37.0,25.5,19.3,78,37
2026-07-05 12:19:42.316265,bangalore,3.7,5.1,6.3,123.0,37.0,26.5,24.0,93,37
2026-07-05 12:19:43.101218,kolkata,22.6,27.9,8.2,231.0,78.0,28.1,12.8,93,78
2026-07-05 12:19:43.873560,chennai,14.7,20.7,14.9,213.0,53.0,36.3,12.3,57,53
2026-07-05 14:47:13.612151,delhi,50.8,52.5,49.8,722.0,39.0,31.8,2.2,91,84
2026-07-05 14:47:15.007025,mumbai,13.8,31.7,3.2,92.0,41.0,26.4,26.2,88,41
2026-07-05 14:47:16.386742,hyderabad,7.9,14.3,6.5,132.0,37.0,24.8,18.7,78,37
2026-07-05 14:47:17.608794,bangalore,3.7,5.1,6.3,123.0,37.0,23.1,20.6,93,37
2026-07-05 14:47:18.837963,kolkata,22.6,27.9,8.2,231.0,78.0,26.7,13.1,93,78
2026-07-05 16:13:05.167219,delhi,50.8,52.5,49.8,548.0,39.0,31.3,4.1,91,84
2026-07-05 16:13:05.972409,mumbai,13.8,31.7,3.2,105.0,41.0,26.5,26.2,88,41
2026-07-05 16:13:06.740794,hyderabad,7.9,14.3,6.5,139.0,37.0,24.7,19.9,78,37
2026-07-05 16:13:07.506724,bangalore,3.7,5.1,6.3,169.0,37.0,22.4,17.5,93,37
2026-07-05 16:13:08.271747,kolkata,22.6,27.9,8.2,260.0,78.0,26.6,14.1,93,78
2026-07-05 16:13:09.027364,chennai,14.7,20.7,14.9,229.0,53.0,33.8,11.6,57,53
2026-07-05 18:07:08.254510,delhi,50.8,52.5,49.8,548.0,39.0,30.7,6.0,91,84
2026-07-05 18:07:09.027947,mumbai,13.8,31.7,3.2,105.0,41.0,26.5,30.8,88,41
2026-07-05 18:07:09.806134,hyderabad,7.9,14.3,6.5,139.0,37.0,24.9,21.3,78,37
2026-07-05 18:07:10.615421,bangalore,3.7,5.1,6.3,169.0,37.0,21.2,17.3,93,37
2026-07-05 18:07:11.381869,kolkata,22.6,27.9,8.2,260.0,78.0,26.4,12.8,93,78
2026-07-05 18:07:12.142853,chennai,14.7,20.7,14.9,229.0,53.0,32.5,17.4,57,53
2026-07-05 20:17:27.421221,delhi,50.8,52.5,49.8,548.0,39.0,29.9,5.4,91,84
2026-07-05 20:17:28.307934,mumbai,13.8,31.7,3.2,105.0,41.0,26.3,26.3,88,41
2026-07-05 20:17:29.194325,hyderabad,7.9,14.3,6.5,139.0,37.0,24.1,20.3,78,37
2026-07-05 20:17:30.091716,bangalore,3.7,5.1,6.3,169.0,37.0,20.8,18.0,93,37
2026-07-05 20:17:30.978266,kolkata,22.6,27.9,8.2,260.0,78.0,25.7,13.7,93,78
2026-07-05 20:17:31.925974,chennai,14.7,20.7,14.9,229.0,53.0,31.0,14.0,57,53
2026-07-05 22:05:41.869613,delhi,50.8,52.5,49.8,548.0,39.0,26.8,8.2,94,84
2026-07-05 22:05:42.814161,mumbai,13.8,31.7,3.2,105.0,41.0,26.0,19.4,88,41
2026-07-05 22:05:43.713671,hyderabad,7.9,14.3,6.5,139.0,37.0,24.3,19.7,80,37
2026-07-05 22:05:44.613179,bangalore,3.7,5.1,6.3,169.0,37.0,20.9,18.6,93,37
2026-07-05 22:05:45.540678,kolkata,22.6,27.9,8.2,260.0,78.0,25.8,15.1,87,78
2026-07-05 22:05:46.435368,chennai,14.7,20.7,14.9,229.0,53.0,29.7,14.0,63,53
2026-07-06 10:46:28.429231,delhi,64.7,122.5,47.2,739.0,37.0,34.8,1.9,83,115
2026-07-06 10:46:29.574637,mumbai,12.1,29.2,3.5,94.0,44.0,27.1,17.2,82,44
2026-07-06 10:46:30.506159,hyderabad,6.2,10.4,6.2,130.0,36.0,29.9,21.1,76,36
2026-07-06 10:46:31.416831,bangalore,3.7,5.6,6.4,135.0,36.0,29.1,29.3,97,36
2026-07-06 10:46:32.301761,kolkata,33.1,38.9,14.1,358.0,71.0,29.1,11.3,95,71
2026-07-06 10:46:33.200073,chennai,14.1,17.6,18.7,257.0,36.0,40.3,21.6,56,36
2026-07-06 14:29:41.031678,delhi,64.7,122.5,47.2,739.0,37.0,32.8,4.0,83,115
2026-07-06 14:29:42.114285,mumbai,12.1,29.2,3.5,94.0,44.0,26.6,28.9,82,44
2026-07-06 14:29:43.090541,hyderabad,6.2,10.4,6.2,130.0,36.0,27.8,18.2,76,36
2026-07-06 14:29:44.315335,bangalore,3.7,5.6,6.4,135.0,36.0,23.9,20.0,97,36
2026-07-06 14:29:45.445709,kolkata,33.1,38.9,14.1,358.0,71.0,28.6,15.8,95,71
2026-07-06 14:29:46.511782,chennai,14.1,17.6,18.7,257.0,36.0,35.1,9.0,56,36
2026-07-06 17:46:52.901356,delhi,64.7,122.5,47.2,276.0,37.0,31.3,5.5,83,115
2026-07-06 17:46:54.165579,mumbai,12.1,29.2,3.5,103.0,44.0,26.6,23.8,82,44
2026-07-06 17:46:55.420162,hyderabad,6.2,10.4,6.2,131.0,36.0,25.9,19.6,76,36
2026-07-06 17:46:56.694247,bangalore,3.7,5.6,6.4,144.0,36.0,22.0,19.0,97,36
2026-07-06 17:46:57.991751,kolkata,33.1,38.9,14.1,282.0,71.0,28.0,12.3,95,71
2026-07-06 20:04:12.438388,delhi,64.7,122.5,47.2,276.0,37.0,30.5,4.8,82,115
2026-07-06 20:04:13.211291,mumbai,12.1,29.2,3.5,103.0,44.0,26.8,24.8,83,44
2026-07-06 20:04:13.982705,hyderabad,6.2,10.4,6.2,131.0,36.0,25.2,19.8,76,36
2026-07-06 20:04:14.752955,bangalore,3.7,5.6,6.4,144.0,36.0,21.1,19.2,96,36
2026-07-06 20:04:15.524161,kolkata,33.1,38.9,14.1,282.0,71.0,27.8,12.6,95,71
2026-07-06 20:04:16.301254,chennai,14.1,17.6,18.7,232.0,36.0,32.0,14.7,56,36
2026-07-06 22:17:11.458868,delhi,64.7,122.5,47.2,276.0,37.0,29.5,4.9,84,115
2026-07-06 22:17:12.689914,mumbai,12.1,29.2,3.5,103.0,44.0,26.7,27.1,84,44
2026-07-06 22:17:13.896262,hyderabad,6.2,10.4,6.2,131.0,36.0,25.2,19.5,78,36
2026-07-06 22:17:15.048502,bangalore,3.7,5.6,6.4,144.0,36.0,21.0,19.9,97,36
2026-07-06 22:17:16.232186,kolkata,33.1,38.9,14.1,282.0,71.0,25.9,12.0,98,71
2026-07-06 22:17:17.390923,chennai,14.1,17.6,18.7,232.0,36.0,30.7,13.6,57,36
2026-07-07 11:55:32.355036,delhi,115.0,218.9,38.2,710.0,55.0,32.8,5.5,85,283
2026-07-07 11:55:33.628433,mumbai,13.4,29.8,3.1,94.0,43.0,27.0,17.9,80,43
2026-07-07 11:55:34.828873,hyderabad,7.2,13.2,5.8,126.0,38.0,30.6,20.7,71,38
2026-07-07 11:55:36.103482,bangalore,6.5,12.6,6.8,134.0,34.0,27.2,29.0,95,34
2026-07-07 11:55:37.381294,kolkata,30.0,37.5,12.3,309.0,72.0,29.9,10.3,95,72
2026-07-07 14:49:14.757760,delhi,115.0,218.9,38.2,710.0,55.0,28.5,4.7,85,283
2026-07-07 14:49:15.545744,mumbai,13.4,29.8,3.1,94.0,43.0,26.5,19.8,80,43
2026-07-07 14:49:16.338721,hyderabad,7.2,13.2,5.8,126.0,38.0,26.7,16.9,71,38
2026-07-07 14:49:17.120561,bangalore,6.5,12.6,6.8,134.0,34.0,23.3,21.5,95,34
2026-07-07 14:49:17.993411,kolkata,30.0,37.5,12.3,309.0,72.0,28.2,9.6,95,72
2026-07-07 14:49:18.805760,chennai,13.7,19.6,15.3,205.0,32.0,33.9,12.2,53,32
2026-07-07 17:20:55.264790,delhi,115.0,218.9,38.2,710.0,55.0,28.6,7.5,85,283
2026-07-07 17:20:56.179789,mumbai,13.4,29.8,3.1,94.0,43.0,26.3,18.8,80,43
2026-07-07 17:20:56.981260,hyderabad,7.2,13.2,5.8,126.0,38.0,26.1,18.9,71,38
2026-07-07 17:20:57.769007,bangalore,6.5,12.6,6.8,134.0,34.0,21.9,19.1,95,34
2026-07-07 17:20:58.590446,kolkata,30.0,37.5,12.3,309.0,72.0,28.5,10.9,95,72
2026-07-07 17:20:59.396506,chennai,13.7,19.6,15.3,205.0,32.0,33.8,16.8,53,32
2026-07-07 20:02:26.926156,delhi,115.0,218.9,38.2,726.0,55.0,26.8,2.0,95,283
2026-07-07 20:02:27.704430,mumbai,13.4,29.8,3.1,99.0,43.0,25.8,12.5,85,43
2026-07-07 20:02:28.520996,hyderabad,7.2,13.2,5.8,131.0,38.0,25.3,18.9,70,38
2026-07-07 20:02:29.309727,bangalore,6.5,12.6,6.8,133.0,34.0,21.5,19.8,95,34
2026-07-07 20:02:30.071326,kolkata,30.0,37.5,12.3,330.0,72.0,28.3,12.7,97,72
2026-07-07 20:02:30.966119,chennai,13.7,19.6,15.3,176.0,32.0,32.4,14.6,53,32
2026-07-07 22:13:50.708938,delhi,115.0,218.9,38.2,726.0,55.0,26.6,8.6,95,283
2026-07-07 22:13:51.485848,mumbai,13.4,29.8,3.1,99.0,43.0,25.9,10.2,85,43
2026-07-07 22:13:52.373552,hyderabad,7.2,13.2,5.8,131.0,38.0,24.8,19.3,70,38
2026-07-07 22:13:53.352485,bangalore,6.5,12.6,6.8,133.0,34.0,21.5,20.0,95,34
2026-07-07 22:13:54.131093,kolkata,30.0,37.5,12.3,330.0,72.0,28.1,12.9,97,72
2026-07-07 22:13:54.900808,chennai,13.7,19.6,15.3,176.0,32.0,31.2,12.9,53,32
2026-07-08 12:23:41.606357,delhi,159.7,478.7,49.7,627.0,13.0,28.8,9.8,99,500
2026-07-08 12:23:42.850194,mumbai,15.7,36.2,3.5,98.0,44.0,28.7,19.4,89,44
2026-07-08 12:23:44.090624,hyderabad,7.7,13.7,5.7,130.0,36.0,29.2,16.1,82,36
2026-07-08 12:23:45.330639,bangalore,6.4,11.6,6.2,133.0,35.0,27.3,22.3,97,35
2026-07-08 12:23:46.609392,kolkata,43.0,58.2,15.4,409.0,73.0,29.2,11.4,96,73
2026-07-08 12:23:47.880588,chennai,13.7,20.8,10.9,169.0,38.0,34.7,15.7,54,38
2026-07-08 15:24:36.731207,delhi,159.7,478.7,49.7,268.0,13.0,26.8,5.9,99,500
2026-07-08 15:24:37.509819,mumbai,15.7,36.2,3.5,104.0,44.0,28.2,17.1,89,44
2026-07-08 15:24:38.281253,hyderabad,7.7,13.7,5.7,121.0,36.0,27.6,18.6,82,36
2026-07-08 15:24:39.055748,bangalore,6.4,11.6,6.2,136.0,35.0,23.0,16.6,97,35
2026-07-08 15:24:39.826984,kolkata,43.0,58.2,15.4,253.0,73.0,28.9,12.6,96,73
2026-07-08 15:24:40.606725,chennai,13.7,20.8,10.9,152.0,38.0,31.3,13.5,54,38
2026-07-08 17:41:47.996771,delhi,159.7,478.7,49.7,268.0,13.0,26.1,10.4,99,500
2026-07-08 17:41:48.962796,mumbai,15.7,36.2,3.5,104.0,44.0,28.1,18.6,89,44
2026-07-08 17:41:49.936750,hyderabad,7.7,13.7,5.7,121.0,36.0,25.3,16.9,82,36
2026-07-08 17:41:50.866200,bangalore,6.4,11.6,6.2,136.0,35.0,21.6,17.0,97,35
2026-07-08 17:41:51.780969,kolkata,43.0,58.2,15.4,253.0,73.0,27.8,14.4,96,73
2026-07-08 17:41:52.692713,chennai,13.7,20.8,10.9,152.0,38.0,32.2,13.1,54,38
2026-07-08 19:39:32.925338,delhi,159.7,478.7,49.7,268.0,13.0,26.1,11.4,95,500
2026-07-08 19:39:33.725497,mumbai,15.7,36.2,3.5,104.0,44.0,27.8,18.0,92,44
2026-07-08 19:39:34.682792,hyderabad,7.7,13.7,5.7,121.0,36.0,24.5,17.4,75,36
2026-07-08 19:39:35.519976,bangalore,6.4,11.6,6.2,136.0,35.0,21.1,15.9,95,35
2026-07-08 19:39:36.317770,kolkata,43.0,58.2,15.4,253.0,73.0,28.5,13.8,99,73
2026-07-08 19:39:37.125847,chennai,13.7,20.8,10.9,152.0,38.0,31.6,12.8,54,38
2026-07-08 21:12:33.251250,delhi,159.7,478.7,49.7,268.0,13.0,25.7,13.7,95,500
2026-07-08 21:12:34.053630,mumbai,15.7,36.2,3.5,104.0,44.0,28.1,17.8,92,44
2026-07-08 21:12:34.872448,hyderabad,7.7,13.7,5.7,121.0,36.0,24.6,15.1,75,36
2026-07-08 21:12:35.759607,bangalore,6.4,11.6,6.2,136.0,35.0,20.7,15.7,95,35
2026-07-08 21:12:36.586978,kolkata,43.0,58.2,15.4,253.0,73.0,27.8,14.5,99,73
2026-07-08 21:12:37.385825,chennai,13.7,20.8,10.9,152.0,38.0,31.2,12.0,54,38
2026-07-08 23:12:26.015439,delhi,139.7,387.4,50.5,268.0,9.0,25.4,15.7,95,346
2026-07-08 23:12:27.040395,mumbai,14.7,35.0,3.3,104.0,45.0,27.7,19.3,92,45
2026-07-08 23:12:28.084105,hyderabad,7.9,14.0,5.9,121.0,36.0,24.4,13.1,75,36
2026-07-08 23:12:29.126394,bangalore,7.2,13.2,6.1,136.0,35.0,20.5,15.9,95,35
2026-07-08 23:12:30.128656,kolkata,60.3,71.7,22.4,253.0,45.0,27.4,14.0,99,100
2026-07-08 23:12:31.151855,chennai,16.8,25.4,13.1,152.0,35.0,30.9,12.6,54,35
2026-07-09 11:08:42.078481,delhi,134.1,313.9,49.1,594.0,21.0,26.5,15.2,96,310
2026-07-09 11:08:42.843475,mumbai,12.8,30.3,3.9,100.0,45.0,29.1,19.6,87,45
2026-07-09 11:08:43.659289,hyderabad,12.8,18.8,7.5,156.0,42.0,31.0,16.2,81,42
2026-07-09 11:08:44.453850,bangalore,10.8,16.4,9.7,172.0,32.0,28.7,19.1,90,32
2026-07-09 11:08:45.339074,kolkata,67.5,71.2,26.4,616.0,36.0,30.3,10.8,90,125
2026-07-09 15:19:58.438546,delhi,134.1,313.9,49.1,221.0,21.0,26.2,4.6,96,310
2026-07-09 15:19:59.402906,mumbai,12.8,30.3,3.9,112.0,45.0,27.6,16.4,87,45
2026-07-09 15:20:00.330655,hyderabad,12.8,18.8,7.5,154.0,42.0,27.0,6.9,81,42
2026-07-09 15:20:03.257315,chennai,22.2,28.8,17.8,234.0,41.0,29.9,10.7,55,41
2026-07-09 18:00:05.826474,hyderabad,12.8,18.8,7.5,154.0,42.0,26.7,10.7,81,42
2026-07-09 18:00:07.704204,bangalore,10.8,16.4,9.7,177.0,32.0,22.0,12.7,90,32
2026-07-09 18:18:36.492438,chennai,22.2,28.8,17.8,234.0,41.0,29.6,12.0,55,41
2026-07-09 20:00:03.528229,hyderabad,12.8,18.8,7.5,154.0,42.0,26.2,11.9,82,42
2026-07-09 20:00:04.524655,bangalore,10.8,16.4,9.7,177.0,32.0,21.5,12.1,90,32
2026-07-09 20:00:05.374443,kolkata,67.5,71.2,26.4,396.0,36.0,26.4,11.3,91,125
2026-07-09 20:00:06.275445,chennai,22.2,28.8,17.8,234.0,41.0,27.5,6.7,56,41
2026-07-09 21:38:40.310437,delhi,134.1,313.9,49.1,221.0,21.0,25.3,8.8,97,310
2026-07-09 21:38:41.242069,mumbai,12.8,30.3,3.9,112.0,45.0,27.2,16.3,87,45
2026-07-09 21:38:42.165378,hyderabad,12.8,18.8,7.5,154.0,42.0,25.9,13.7,82,42
2026-07-09 21:38:43.104107,bangalore,10.8,16.4,9.7,177.0,32.0,21.0,12.3,90,32
2026-07-09 21:38:44.034793,kolkata,67.5,71.2,26.4,396.0,36.0,26.8,10.3,91,125
2026-07-09 21:38:44.970287,chennai,22.2,28.8,17.8,234.0,41.0,28.3,8.6,56,41
2026-07-09 23:16:24.278806,delhi,116.6,300.8,38.8,221.0,15.0,25.5,12.0,97,288
2026-07-09 23:16:25.149056,mumbai,13.6,32.9,3.6,112.0,44.0,27.1,16.6,87,44
2026-07-09 23:16:25.928186,hyderabad,13.8,19.6,7.6,154.0,44.0,25.1,14.6,82,44
2026-07-09 23:16:26.708260,bangalore,10.2,15.5,10.1,177.0,31.0,20.8,12.9,90,31
2026-07-09 23:16:27.493686,kolkata,25.5,27.8,13.0,396.0,74.0,26.9,11.1,91,74
2026-07-09 23:16:28.266189,chennai,21.8,29.3,16.7,234.0,40.0,28.3,9.1,56,40
2026-07-10 11:08:55.527831,delhi,84.8,150.4,39.9,436.0,20.0,33.1,8.5,64,182
2026-07-10 11:08:56.805413,mumbai,15.2,34.3,4.4,105.0,45.0,27.8,17.7,94,45
2026-07-10 11:08:58.078794,hyderabad,14.3,20.6,9.6,180.0,41.0,31.9,15.7,83,41
2026-07-10 11:08:59.315896,bangalore,12.0,19.0,10.6,178.0,34.0,23.5,21.1,94,34
2026-07-10 11:09:00.549507,kolkata,74.3,86.4,26.9,712.0,45.0,28.7,8.0,98,147
2026-07-10 11:09:01.833510,chennai,17.3,23.7,14.5,215.0,54.0,32.6,12.4,92,54
2026-07-10 14:38:06.397363,delhi,84.8,150.4,39.9,436.0,20.0,29.6,2.6,64,182
2026-07-10 14:38:07.207075,mumbai,15.2,34.3,4.4,105.0,45.0,28.2,15.3,94,45
2026-07-10 14:38:07.971323,hyderabad,14.3,20.6,9.6,180.0,41.0,29.5,9.5,83,41
2026-07-10 14:38:08.876771,bangalore,12.0,19.0,10.6,178.0,34.0,21.8,9.6,94,34
2026-07-10 14:38:09.651874,kolkata,74.3,86.4,26.9,712.0,45.0,27.0,10.0,98,147
2026-07-10 14:38:10.421784,chennai,17.3,23.7,14.5,215.0,54.0,29.2,14.2,92,54
2026-07-10 16:59:43.946519,delhi,84.8,150.4,39.9,270.0,20.0,28.5,4.5,64,182
2026-07-10 16:59:45.140626,mumbai,15.2,34.3,4.4,111.0,45.0,28.2,15.9,94,45
2026-07-10 16:59:46.326997,hyderabad,14.3,20.6,9.6,177.0,41.0,28.5,11.2,83,41
2026-07-10 16:59:47.549126,bangalore,12.0,19.0,10.6,209.0,34.0,21.8,12.0,94,34
2026-07-10 16:59:48.783662,kolkata,74.3,86.4,26.9,470.0,45.0,27.4,9.3,98,147
2026-07-10 16:59:50.004688,chennai,17.3,23.7,14.5,212.0,54.0,27.1,9.3,92,54
2026-07-10 18:39:53.545301,delhi,84.8,150.4,39.9,270.0,20.0,27.8,4.2,64,182
2026-07-10 18:39:54.797967,mumbai,15.2,34.3,4.4,111.0,45.0,27.5,17.6,94,45
2026-07-10 18:39:56.071892,hyderabad,14.3,20.6,9.6,177.0,41.0,28.1,13.5,83,41
2026-07-10 18:39:57.333897,bangalore,12.0,19.0,10.6,209.0,34.0,21.1,13.3,94,34
2026-07-10 18:39:58.529512,kolkata,74.3,86.4,26.9,470.0,45.0,27.6,10.4,98,147
2026-07-10 18:39:59.728983,chennai,17.3,23.7,14.5,212.0,54.0,26.7,10.4,92,54
2026-07-10 20:26:51.596241,delhi,84.8,150.4,39.9,270.0,20.0,27.4,3.0,65,182
2026-07-10 20:26:52.386109,mumbai,15.2,34.3,4.4,111.0,45.0,27.1,15.4,96,45
2026-07-10 20:26:53.273267,hyderabad,14.3,20.6,9.6,177.0,41.0,27.5,13.9,79,41
2026-07-10 20:26:54.083632,bangalore,12.0,19.0,10.6,209.0,34.0,21.0,13.2,92,34
2026-07-10 20:26:54.877418,kolkata,74.3,86.4,26.9,470.0,45.0,27.1,7.7,97,147
2026-07-10 20:26:55.668042,chennai,17.3,23.7,14.5,212.0,54.0,27.7,11.5,78,54
2026-07-10 22:09:31.581360,delhi,113.9,208.6,60.8,270.0,5.0,27.4,2.7,65,279
2026-07-10 22:09:32.371244,mumbai,15.3,34.1,4.3,111.0,44.0,27.4,17.0,96,44
2026-07-10 22:09:33.152487,hyderabad,15.3,22.8,9.4,177.0,46.0,26.4,14.0,79,46
2026-07-10 22:09:33.938480,bangalore,12.7,19.0,9.9,209.0,36.0,20.3,12.7,92,36
2026-07-10 22:09:34.724090,kolkata,27.8,30.4,18.1,470.0,56.0,27.4,11.9,97,56
2026-07-10 22:09:35.511754,chennai,16.8,22.9,14.2,212.0,53.0,27.2,11.4,78,53
2026-07-11 11:09:29.703121,delhi,104.1,246.8,41.7,501.0,35.0,34.7,7.7,65,247
2026-07-11 11:09:30.976187,mumbai,14.7,34.8,7.3,114.0,45.0,28.9,21.9,81,45
2026-07-11 11:09:32.235740,hyderabad,11.7,16.8,9.1,175.0,42.0,32.6,19.1,78,42
2026-07-11 11:09:33.567257,bangalore,12.1,16.9,11.6,196.0,37.0,31.6,14.9,91,37
2026-07-11 11:09:34.874008,kolkata,91.0,118.5,23.3,643.0,54.0,30.1,8.5,97,203
2026-07-11 13:36:59.515796,delhi,104.1,246.8,41.7,501.0,35.0,32.4,2.1,65,247
2026-07-11 13:37:00.593796,mumbai,14.7,34.8,7.3,114.0,45.0,28.2,17.6,81,45
2026-07-11 13:37:01.526247,hyderabad,11.7,16.8,9.1,175.0,42.0,31.1,14.4,78,42
2026-07-11 13:37:02.708528,bangalore,12.1,16.9,11.6,196.0,37.0,27.0,15.6,91,37
2026-07-11 13:37:03.609266,kolkata,91.0,118.5,23.3,643.0,54.0,28.3,6.1,97,203
2026-07-11 13:37:04.522828,chennai,20.7,27.6,15.8,256.0,54.0,30.8,12.9,79,54
2026-07-11 14:58:25.069878,delhi,104.1,246.8,41.7,501.0,35.0,31.7,1.7,65,247
2026-07-11 14:58:25.851589,mumbai,14.7,34.8,7.3,114.0,45.0,28.1,14.7,81,45
2026-07-11 14:58:26.630258,hyderabad,11.7,16.8,9.1,175.0,42.0,30.0,9.8,78,42
2026-07-11 14:58:27.404293,bangalore,12.1,16.9,11.6,196.0,37.0,26.0,12.5,91,37
2026-07-11 14:58:28.180841,kolkata,91.0,118.5,23.3,643.0,54.0,28.2,6.7,97,203
2026-07-11 14:58:28.949331,chennai,20.7,27.6,15.8,256.0,54.0,30.1,11.8,79,54
2026-07-11 16:02:28.905324,delhi,104.1,246.8,41.7,298.0,35.0,30.9,3.7,65,247
2026-07-11 16:02:29.680724,mumbai,14.7,34.8,7.3,121.0,45.0,27.6,16.0,81,45
2026-07-11 16:02:30.447413,hyderabad,11.7,16.8,9.1,160.0,42.0,29.2,8.8,78,42
2026-07-11 16:02:31.224383,bangalore,12.1,16.9,11.6,189.0,37.0,24.7,11.2,91,37
2026-07-11 16:02:31.999337,kolkata,91.0,118.5,23.3,616.0,54.0,28.2,8.3,97,203
2026-07-11 16:02:32.791441,chennai,20.7,27.6,15.8,261.0,54.0,29.9,11.1,79,54
2026-07-11 17:57:05.672832,delhi,104.1,246.8,41.7,298.0,35.0,30.2,4.8,65,247
2026-07-11 17:57:06.454082,mumbai,14.7,34.8,7.3,121.0,45.0,27.7,17.7,81,45
2026-07-11 17:57:07.229238,hyderabad,11.7,16.8,9.1,160.0,42.0,28.1,8.6,78,42
2026-07-11 17:57:07.998287,bangalore,12.1,16.9,11.6,189.0,37.0,23.4,10.8,91,37
2026-07-11 17:57:08.765116,kolkata,91.0,118.5,23.3,616.0,54.0,28.2,9.1,97,203
2026-07-11 17:57:09.545506,chennai,20.7,27.6,15.8,261.0,54.0,29.4,9.0,79,54
2026-07-11 19:17:24.042005,delhi,104.1,246.8,41.7,298.0,35.0,29.6,6.0,66,247
2026-07-11 19:17:24.840362,mumbai,14.7,34.8,7.3,121.0,45.0,27.8,16.4,78,45
2026-07-11 19:17:25.634972,hyderabad,11.7,16.8,9.1,160.0,42.0,27.8,12.3,79,42
2026-07-11 19:17:26.403738,bangalore,12.1,16.9,11.6,189.0,37.0,22.5,9.7,90,37
2026-07-11 19:17:27.197868,kolkata,91.0,118.5,23.3,616.0,54.0,27.8,7.6,99,203
2026-07-11 19:17:27.972715,chennai,20.7,27.6,15.8,261.0,54.0,29.7,12.7,87,54
2026-07-11 20:55:52.908483,delhi,104.1,246.8,41.7,298.0,35.0,29.4,1.3,66,247
2026-07-11 20:55:54.154965,mumbai,14.7,34.8,7.3,121.0,45.0,27.6,16.3,78,45
2026-07-11 20:55:55.376330,hyderabad,11.7,16.8,9.1,160.0,42.0,27.0,14.2,79,42
2026-07-11 20:55:56.612836,bangalore,12.1,16.9,11.6,189.0,37.0,21.5,10.0,90,37
2026-07-11 20:55:57.862525,kolkata,91.0,118.5,23.3,616.0,54.0,27.9,7.6,99,203
2026-07-11 20:55:59.121879,chennai,20.7,27.6,15.8,261.0,54.0,29.3,13.0,87,54
2026-07-11 21:55:54.763751,delhi,95.5,211.9,32.4,298.0,25.0,29.0,0.4,66,218
2026-07-11 21:55:55.551142,mumbai,15.1,35.9,6.4,121.0,47.0,27.3,16.7,78,47
2026-07-11 21:55:56.313730,hyderabad,9.9,13.8,9.0,160.0,39.0,26.4,14.6,79,39
2026-07-11 21:55:57.095809,bangalore,10.9,14.9,11.9,189.0,36.0,21.2,10.7,90,36
2026-07-11 21:55:57.880339,kolkata,54.8,59.0,23.7,616.0,40.0,27.9,7.5,99,91
2026-07-11 21:55:58.632961,chennai,21.2,27.5,16.6,261.0,51.0,29.3,13.4,87,51
2026-07-11 22:56:34.019892,delhi,95.5,211.9,32.4,298.0,25.0,28.7,1.9,66,218
2026-07-11 22:56:34.889787,mumbai,15.1,35.9,6.4,121.0,47.0,27.6,16.1,78,47
2026-07-11 22:56:35.658269,hyderabad,9.9,13.8,9.0,160.0,39.0,25.7,13.3,79,39
2026-07-11 22:56:36.423537,bangalore,10.9,14.9,11.9,189.0,36.0,20.7,11.3,90,36
2026-07-11 22:56:37.204344,kolkata,54.8,59.0,23.7,616.0,40.0,27.9,7.7,99,91
2026-07-11 22:56:37.981346,chennai,21.2,27.5,16.6,261.0,51.0,29.3,11.9,87,51
2026-07-12 09:54:28.606075,delhi,93.4,217.9,48.9,608.0,21.0,35.4,7.7,76,211
2026-07-12 09:54:29.854619,mumbai,13.2,29.0,5.9,111.0,46.0,29.5,23.1,81,46
2026-07-12 09:54:31.087509,hyderabad,10.6,14.4,9.5,172.0,40.0,33.1,21.1,78,40
2026-07-12 09:54:32.329708,bangalore,11.8,19.1,10.7,175.0,37.0,32.0,17.1,95,37
2026-07-12 09:54:33.737295,kolkata,36.7,45.6,17.8,438.0,55.0,32.6,6.6,97,61
2026-07-12 11:14:18.690124,delhi,93.4,217.9,48.9,608.0,21.0,35.2,8.8,76,211
2026-07-12 11:14:19.472380,mumbai,13.2,29.0,5.9,111.0,46.0,28.8,22.0,81,46
2026-07-12 11:14:20.247531,hyderabad,10.6,14.4,9.5,172.0,40.0,32.6,20.2,78,40
2026-07-12 11:14:21.034028,bangalore,11.8,19.1,10.7,175.0,37.0,31.2,18.6,95,37
2026-07-12 11:14:21.804454,kolkata,36.7,45.6,17.8,438.0,55.0,31.5,9.5,97,61
2026-07-12 11:14:22.598749,chennai,23.5,31.0,17.5,273.0,54.0,34.0,15.9,65,54
2026-07-12 13:36:59.142189,delhi,93.4,217.9,48.9,608.0,21.0,30.8,4.1,76,211
2026-07-12 13:37:00.186261,mumbai,13.2,29.0,5.9,111.0,46.0,28.2,18.0,81,46
2026-07-12 13:37:01.191032,hyderabad,10.6,14.4,9.5,172.0,40.0,31.0,12.1,78,40
2026-07-12 13:37:02.185872,bangalore,11.8,19.1,10.7,175.0,37.0,27.1,19.2,95,37
2026-07-12 13:37:03.158644,kolkata,36.7,45.6,17.8,438.0,55.0,28.9,5.3,97,61
2026-07-12 13:37:04.187350,chennai,23.5,31.0,17.5,273.0,54.0,31.5,10.4,65,54
2026-07-12 15:00:50.862186,delhi,93.4,217.9,48.9,608.0,21.0,30.4,2.2,76,211
2026-07-12 15:00:51.654528,mumbai,13.2,29.0,5.9,111.0,46.0,28.1,17.4,81,46
2026-07-12 15:00:52.456612,hyderabad,10.6,14.4,9.5,172.0,40.0,29.9,10.1,78,40
2026-07-12 15:00:53.316929,bangalore,11.8,19.1,10.7,175.0,37.0,25.5,16.6,95,37
2026-07-12 15:00:54.105687,kolkata,36.7,45.6,17.8,438.0,55.0,28.8,6.3,97,61
2026-07-12 15:00:54.878515,chennai,23.5,31.0,17.5,273.0,54.0,31.3,12.3,65,54
2026-07-12 17:03:39.337398,delhi,93.4,217.9,48.9,197.0,21.0,29.8,2.2,76,211
2026-07-12 17:03:40.620309,mumbai,13.2,29.0,5.9,135.0,46.0,28.1,16.2,81,46
2026-07-12 17:03:41.877290,hyderabad,10.6,14.4,9.5,148.0,40.0,29.5,17.0,78,40
2026-07-12 17:03:43.141151,bangalore,11.8,19.1,10.7,168.0,37.0,23.5,13.7,95,37
2026-07-12 17:03:44.406709,kolkata,36.7,45.6,17.8,315.0,55.0,28.4,6.8,97,61
2026-07-12 17:03:45.753066,chennai,23.5,31.0,17.5,217.0,54.0,30.6,11.5,65,54
2026-07-12 19:11:18.594755,delhi,93.4,217.9,48.9,197.0,21.0,30.4,9.5,87,211
2026-07-12 19:11:19.486134,mumbai,13.2,29.0,5.9,135.0,46.0,28.0,16.1,88,46
2026-07-12 19:11:20.365894,hyderabad,10.6,14.4,9.5,148.0,40.0,28.4,15.3,79,40
2026-07-12 19:11:21.234290,bangalore,11.8,19.1,10.7,168.0,37.0,21.6,12.4,94,37
2026-07-12 19:11:22.133082,kolkata,36.7,45.6,17.8,315.0,55.0,28.5,7.6,93,61
2026-07-12 19:11:23.014876,chennai,23.5,31.0,17.5,217.0,54.0,30.1,10.6,78,54
2026-07-12 20:55:44.995970,delhi,93.4,217.9,48.9,197.0,21.0,29.5,6.3,87,211
2026-07-12 20:55:45.776405,mumbai,13.2,29.0,5.9,135.0,46.0,27.6,15.9,88,46
2026-07-12 20:55:46.555520,hyderabad,10.6,14.4,9.5,148.0,40.0,26.9,14.1,79,40
2026-07-12 20:55:47.330044,bangalore,11.8,19.1,10.7,168.0,37.0,20.7,12.7,94,37
2026-07-12 20:55:48.097001,kolkata,36.7,45.6,17.8,315.0,55.0,28.2,6.4,93,61
2026-07-12 20:55:48.875448,chennai,23.5,31.0,17.5,217.0,54.0,30.1,11.2,78,54
2026-07-12 21:56:51.695115,delhi,110.8,184.9,55.4,197.0,26.0,29.0,6.5,87,269
2026-07-12 21:56:52.760065,mumbai,13.7,32.2,5.6,135.0,45.0,27.5,15.6,88,45
2026-07-12 21:56:53.785059,hyderabad,7.5,9.8,8.6,148.0,40.0,26.2,13.9,79,40
2026-07-12 21:56:54.791704,bangalore,7.4,10.9,8.5,168.0,40.0,20.1,12.5,94,40
2026-07-12 21:56:55.825946,kolkata,27.9,35.9,10.3,315.0,78.0,28.0,7.0,93,78
2026-07-12 21:56:56.823038,chennai,27.8,37.7,18.9,217.0,58.0,29.8,10.8,78,58
2026-07-12 22:58:08.703539,delhi,110.8,184.9,55.4,197.0,26.0,28.7,7.9,87,269
2026-07-12 22:58:09.467272,mumbai,13.7,32.2,5.6,135.0,45.0,27.5,15.3,88,45
2026-07-12 22:58:10.249629,hyderabad,7.5,9.8,8.6,148.0,40.0,25.5,13.7,79,40
2026-07-12 22:58:11.014962,bangalore,7.4,10.9,8.5,168.0,40.0,19.8,12.6,94,40
2026-07-12 22:58:11.802278,kolkata,27.9,35.9,10.3,315.0,78.0,28.0,7.2,93,78
2026-07-12 22:58:12.564838,chennai,27.8,37.7,18.9,217.0,58.0,29.6,11.5,78,58
2026-07-13 12:09:54.390128,delhi,131.8,266.4,68.7,961.0,18.0,35.0,6.5,92,309
2026-07-13 12:09:55.638406,mumbai,14.8,30.0,4.0,108.0,44.0,28.7,19.0,83,44
2026-07-13 12:09:56.859667,hyderabad,4.7,6.3,6.5,140.0,35.0,33.2,17.4,83,35
2026-07-13 12:09:58.132946,bangalore,7.7,11.2,7.8,152.0,39.0,31.4,15.3,96,39
2026-07-13 12:09:59.844395,kolkata,21.3,22.5,16.7,349.0,43.0,28.9,5.6,94,43
2026-07-13 15:44:26.567776,delhi,131.8,266.4,68.7,467.0,18.0,31.4,4.4,92,309
2026-07-13 15:44:27.611725,mumbai,14.8,30.0,4.0,111.0,44.0,28.2,15.3,83,44
2026-07-13 15:44:28.658707,hyderabad,4.7,6.3,6.5,148.0,35.0,30.4,12.4,83,35
2026-07-13 15:44:29.734555,bangalore,7.7,11.2,7.8,164.0,39.0,25.9,11.4,96,39
2026-07-13 15:44:30.822895,kolkata,21.3,22.5,16.7,314.0,43.0,27.4,0.4,94,43
2026-07-13 15:44:31.895888,chennai,21.0,37.3,14.8,249.0,55.0,31.3,11.7,77,55
2026-07-13 17:58:04.151733,delhi,131.8,266.4,68.7,467.0,18.0,30.2,6.0,92,309
2026-07-13 17:58:05.059824,mumbai,14.8,30.0,4.0,111.0,44.0,27.9,16.0,83,44
2026-07-13 17:58:05.993804,hyderabad,4.7,6.3,6.5,148.0,35.0,29.3,13.2,83,35
2026-07-13 17:58:06.938046,bangalore,7.7,11.2,7.8,164.0,39.0,23.4,11.0,96,39
2026-07-13 17:58:07.881224,kolkata,21.3,22.5,16.7,314.0,43.0,27.3,2.4,94,43
2026-07-13 17:58:08.806392,chennai,21.0,37.3,14.8,249.0,55.0,30.7,11.4,77,55
2026-07-13 19:40:50.336394,delhi,131.8,266.4,68.7,467.0,18.0,29.6,1.8,96,309
2026-07-13 19:40:51.135294,mumbai,14.8,30.0,4.0,111.0,44.0,27.7,16.1,83,44
2026-07-13 19:40:51.938617,hyderabad,4.7,6.3,6.5,148.0,35.0,28.8,16.1,84,35
2026-07-13 19:40:52.813668,bangalore,7.7,11.2,7.8,164.0,39.0,22.1,10.3,95,39
2026-07-13 19:40:53.588761,kolkata,21.3,22.5,16.7,314.0,43.0,26.0,2.0,94,43
2026-07-13 19:40:54.363790,chennai,21.0,37.3,14.8,249.0,55.0,30.2,11.6,80,55
2026-07-13 21:00:59.903242,delhi,131.8,266.4,68.7,467.0,18.0,29.2,4.8,96,309
2026-07-13 21:01:00.839501,mumbai,14.8,30.0,4.0,111.0,44.0,27.6,15.9,83,44
2026-07-13 21:01:01.755858,hyderabad,4.7,6.3,6.5,148.0,35.0,27.6,15.9,84,35
2026-07-13 21:01:02.708898,bangalore,7.7,11.2,7.8,164.0,39.0,21.0,10.6,95,39
2026-07-13 21:01:03.631794,kolkata,21.3,22.5,16.7,314.0,43.0,25.7,1.2,94,43
2026-07-13 21:01:04.547579,chennai,21.0,37.3,14.8,249.0,55.0,29.8,11.2,80,55
2026-07-13 22:58:24.543555,delhi,94.8,168.6,55.5,467.0,28.0,28.9,8.6,96,216
2026-07-13 22:58:25.317431,mumbai,15.0,28.1,3.8,111.0,41.0,27.3,14.3,83,41
2026-07-13 22:58:26.144606,hyderabad,6.2,8.3,6.9,148.0,38.0,26.2,13.9,84,38
2026-07-13 22:58:26.927678,bangalore,8.7,12.9,8.5,164.0,37.0,19.9,11.3,95,37
2026-07-13 22:58:27.712474,kolkata,20.1,22.9,10.9,314.0,66.0,25.4,4.0,94,66
2026-07-13 22:58:28.568072,chennai,16.6,29.3,15.7,249.0,51.0,30.1,10.5,80,51
2026-07-13 23:59:51.872083,delhi,94.8,168.6,55.5,467.0,28.0,28.8,8.5,96,216
2026-07-13 23:59:53.095085,mumbai,15.0,28.1,3.8,111.0,41.0,27.4,13.8,83,41
2026-07-13 23:59:54.432826,hyderabad,6.2,8.3,6.9,148.0,38.0,25.4,13.4,84,38
2026-07-13 23:59:55.835724,bangalore,8.7,12.9,8.5,164.0,37.0,19.6,10.8,95,37
2026-07-13 23:59:57.064274,kolkata,20.1,22.9,10.9,314.0,66.0,25.4,2.3,94,66
2026-07-14 11:27:46.053926,delhi,72.2,133.2,35.8,628.0,42.0,36.1,6.6,92,140
2026-07-14 11:27:47.286277,mumbai,11.8,23.9,3.6,96.0,38.0,29.1,17.8,81,38
2026-07-14 11:27:48.539384,hyderabad,6.8,9.3,7.5,142.0,34.0,32.5,14.6,82,34
2026-07-14 11:27:49.783503,bangalore,4.0,5.4,7.6,142.0,32.0,32.0,14.7,96,32
2026-07-14 11:27:50.995193,kolkata,24.6,29.0,11.8,311.0,69.0,27.7,3.9,96,69
2026-07-14 11:27:52.228609,chennai,19.1,30.6,15.4,240.0,48.0,34.4,13.4,89,48
2026-07-14 13:54:42.202651,delhi,72.2,133.2,35.8,628.0,42.0,32.6,6.7,92,140
2026-07-14 13:54:43.483482,mumbai,11.8,23.9,3.6,96.0,38.0,28.1,15.3,81,38
2026-07-14 13:54:44.714859,hyderabad,6.8,9.3,7.5,142.0,34.0,31.1,12.5,82,34
2026-07-14 13:54:45.977456,bangalore,4.0,5.4,7.6,142.0,32.0,28.9,11.8,96,32
2026-07-14 13:54:47.229892,kolkata,24.6,29.0,11.8,311.0,69.0,28.4,2.0,96,69
2026-07-14 13:54:48.522836,chennai,19.1,30.6,15.4,240.0,48.0,32.9,9.6,89,48
2026-07-14 15:25:59.506846,delhi,72.2,133.2,35.8,549.0,42.0,31.4,4.2,92,140
2026-07-14 15:26:00.476382,mumbai,11.8,23.9,3.6,104.0,38.0,27.9,14.8,81,38
2026-07-14 15:26:01.510871,hyderabad,6.8,9.3,7.5,151.0,34.0,30.3,9.0,82,34
2026-07-14 15:26:02.613728,bangalore,4.0,5.4,7.6,153.0,32.0,27.1,11.5,96,32
2026-07-14 15:26:03.590129,kolkata,24.6,29.0,11.8,234.0,69.0,27.9,0.6,96,69
2026-07-14 15:26:04.718682,chennai,19.1,30.6,15.4,253.0,48.0,32.1,10.8,89,48
2026-07-14 17:18:48.217466,delhi,72.2,133.2,35.8,549.0,42.0,30.3,5.0,92,140
2026-07-14 17:18:49.435525,mumbai,11.8,23.9,3.6,104.0,38.0,27.2,14.0,81,38
2026-07-14 17:18:50.669814,hyderabad,6.8,9.3,7.5,151.0,34.0,28.7,7.0,82,34
2026-07-14 17:18:51.892885,bangalore,4.0,5.4,7.6,153.0,32.0,24.3,10.8,96,32
2026-07-14 17:18:53.130268,kolkata,24.6,29.0,11.8,234.0,69.0,27.8,0.6,96,69
2026-07-14 17:18:54.329823,chennai,19.1,30.6,15.4,253.0,48.0,31.2,11.3,89,48
2026-07-14 19:26:05.214207,delhi,72.2,133.2,35.8,549.0,42.0,28.7,5.2,100,140
2026-07-14 19:26:06.566224,mumbai,11.8,23.9,3.6,104.0,38.0,27.9,16.5,80,38
2026-07-14 19:26:07.890380,hyderabad,6.8,9.3,7.5,151.0,34.0,27.7,6.5,84,34
2026-07-14 19:26:09.157692,bangalore,4.0,5.4,7.6,153.0,32.0,22.2,11.0,96,32
2026-07-14 19:26:10.544553,kolkata,24.6,29.0,11.8,234.0,69.0,27.3,2.4,98,69
2026-07-14 21:03:52.237817,delhi,72.2,133.2,35.8,549.0,42.0,28.6,6.5,100,140
2026-07-14 21:03:53.162539,mumbai,11.8,23.9,3.6,104.0,38.0,27.7,12.6,80,38
2026-07-14 21:03:54.065235,hyderabad,6.8,9.3,7.5,151.0,34.0,27.5,11.5,84,34
2026-07-14 21:03:55.007757,bangalore,4.0,5.4,7.6,153.0,32.0,20.7,9.9,96,32
2026-07-14 21:03:55.926313,kolkata,24.6,29.0,11.8,234.0,69.0,26.9,3.0,98,69
2026-07-14 21:03:56.844449,chennai,19.1,30.6,15.4,253.0,48.0,29.4,12.8,88,48
2026-07-14 22:59:59.424345,delhi,109.0,270.1,47.2,549.0,12.0,28.5,6.4,100,263
2026-07-14 23:00:02.868404,mumbai,13.5,29.0,3.4,104.0,40.0,26.3,16.6,80,40
2026-07-14 23:00:04.303477,hyderabad,6.6,8.5,8.3,151.0,31.0,26.4,14.1,84,31
2026-07-14 23:00:05.535202,bangalore,3.8,4.8,9.1,153.0,31.0,19.7,9.2,96,31
2026-07-14 23:18:01.019084,chennai,17.3,28.5,16.3,253.0,42.0,29.0,12.6,88,42
2026-07-15 10:07:04.053051,delhi,91.0,211.4,33.5,479.0,39.0,36.3,7.9,99,203
2026-07-15 10:07:04.921622,mumbai,14.8,36.1,4.0,106.0,47.0,27.7,14.1,83,47
2026-07-15 10:07:05.796840,hyderabad,4.8,6.6,6.4,134.0,34.0,32.8,15.9,80,34
2026-07-15 10:07:06.560598,bangalore,5.5,7.3,9.4,156.0,29.0,31.7,15.7,93,29
2026-07-15 10:07:07.329724,kolkata,22.4,26.4,10.5,282.0,70.0,27.8,8.1,99,70
2026-07-15 10:07:08.105850,chennai,14.1,18.0,16.8,237.0,28.0,35.8,11.3,89,28
2026-07-15 12:18:56.744123,delhi,91.0,211.4,33.5,479.0,39.0,35.0,8.1,99,203
2026-07-15 12:18:57.539370,mumbai,14.8,36.1,4.0,106.0,47.0,25.6,11.0,83,47
2026-07-15 12:18:58.327872,hyderabad,4.8,6.6,6.4,134.0,34.0,29.6,17.7,80,34
2026-07-15 12:18:59.152398,bangalore,5.5,7.3,9.4,156.0,29.0,29.6,14.3,93,29
2026-07-15 12:18:59.942571,kolkata,22.4,26.4,10.5,282.0,70.0,29.4,9.5,99,70
2026-07-15 12:19:00.723475,chennai,14.1,18.0,16.8,237.0,28.0,33.6,11.4,89,28
2026-07-15 14:55:47.755586,delhi,91.0,211.4,33.5,479.0,39.0,32.2,4.4,99,203
2026-07-15 14:55:49.050126,mumbai,14.8,36.1,4.0,106.0,47.0,26.6,11.4,83,47
2026-07-15 14:55:50.307168,hyderabad,4.8,6.6,6.4,134.0,34.0,28.3,13.7,80,34
2026-07-15 14:55:51.560699,bangalore,5.5,7.3,9.4,156.0,29.0,26.5,14.3,93,29
2026-07-15 14:55:52.771004,kolkata,22.4,26.4,10.5,282.0,70.0,28.5,8.3,99,70
2026-07-15 16:27:34.934613,delhi,91.0,211.4,33.5,308.0,39.0,31.2,4.8,99,203
2026-07-15 16:27:36.114288,mumbai,14.8,36.1,4.0,108.0,47.0,26.7,13.5,83,47
2026-07-15 16:27:37.341717,hyderabad,4.8,6.6,6.4,128.0,34.0,27.5,12.1,80,34
2026-07-15 16:27:38.586590,bangalore,5.5,7.3,9.4,149.0,29.0,24.2,14.6,93,29
2026-07-15 16:27:39.814162,kolkata,22.4,26.4,10.5,221.0,70.0,27.9,8.0,99,70
2026-07-15 18:11:18.645946,delhi,91.0,211.4,33.5,308.0,39.0,30.5,5.0,99,203
2026-07-15 18:11:19.444675,mumbai,14.8,36.1,4.0,108.0,47.0,26.1,12.8,83,47
2026-07-15 18:11:20.226762,hyderabad,4.8,6.6,6.4,128.0,34.0,26.7,10.9,80,34
2026-07-15 18:11:21.008759,bangalore,5.5,7.3,9.4,149.0,29.0,22.3,11.3,93,29
2026-07-15 18:11:21.801582,kolkata,22.4,26.4,10.5,221.0,70.0,27.4,11.1,99,70
2026-07-15 18:11:22.580017,chennai,14.1,18.0,16.8,234.0,28.0,30.4,10.6,89,28
2026-07-15 20:13:52.841391,delhi,91.0,211.4,33.5,308.0,39.0,30.2,5.2,99,203
2026-07-15 20:13:53.709610,mumbai,14.8,36.1,4.0,108.0,47.0,24.5,10.2,84,47
2026-07-15 20:13:54.490297,hyderabad,4.8,6.6,6.4,128.0,34.0,26.0,10.2,83,34
2026-07-15 20:13:55.282414,bangalore,5.5,7.3,9.4,149.0,29.0,21.6,10.8,98,29
2026-07-15 20:13:56.070256,kolkata,22.4,26.4,10.5,221.0,70.0,27.2,10.5,95,70
2026-07-15 20:13:56.851465,chennai,14.1,18.0,16.8,234.0,28.0,29.6,12.3,90,28
2026-07-15 22:05:48.574237,delhi,49.8,104.1,29.9,308.0,46.0,29.6,5.4,99,102
2026-07-15 22:05:49.507887,mumbai,15.3,40.0,3.4,108.0,50.0,24.9,11.8,84,50
2026-07-15 22:05:50.422323,hyderabad,3.9,5.1,6.2,128.0,34.0,26.0,12.7,83,34
2026-07-15 22:05:51.340571,bangalore,3.7,4.9,6.0,149.0,34.0,20.5,9.7,98,34
2026-07-15 22:05:52.264220,kolkata,20.9,25.6,12.8,221.0,56.0,26.9,10.7,95,56
2026-07-15 22:05:53.170958,chennai,20.2,25.1,23.8,234.0,19.0,29.3,11.7,90,33
2026-07-16 10:13:59.991412,delhi,37.1,53.2,27.4,417.0,60.0,38.0,12.1,98,61
2026-07-16 10:14:00.983038,mumbai,16.5,38.6,3.4,100.0,43.0,28.2,7.7,85,43
2026-07-16 10:14:02.018528,hyderabad,4.8,7.2,5.9,132.0,33.0,31.5,13.3,83,33
2026-07-16 10:14:03.055571,bangalore,4.9,8.1,9.6,157.0,30.0,30.3,13.4,97,30
2026-07-16 10:14:04.160134,kolkata,15.1,16.6,10.0,261.0,68.0,31.7,10.1,97,68
2026-07-16 10:14:05.148665,chennai,17.0,21.7,19.3,276.0,34.0,37.5,4.8,89,34
2026-07-16 12:22:59.570322,delhi,37.1,53.2,27.4,417.0,60.0,36.4,10.1,98,61
2026-07-16 12:23:00.515181,mumbai,16.5,38.6,3.4,100.0,43.0,28.5,12.9,85,43
2026-07-16 12:23:01.476758,hyderabad,4.8,7.2,5.9,132.0,33.0,30.5,10.0,83,33
2026-07-16 12:23:02.389947,bangalore,4.9,8.1,9.6,157.0,30.0,28.5,13.7,97,30
2026-07-16 12:23:03.337498,kolkata,15.1,16.6,10.0,261.0,68.0,29.8,15.3,97,68
2026-07-16 12:23:04.220562,chennai,17.0,21.7,19.3,276.0,34.0,34.1,7.2,89,34
2026-07-16 15:06:05.232434,delhi,37.1,53.2,27.4,417.0,60.0,33.6,2.4,98,61
2026-07-16 15:06:06.459171,mumbai,16.5,38.6,3.4,100.0,43.0,27.8,9.2,85,43
2026-07-16 15:06:07.716419,hyderabad,4.8,7.2,5.9,132.0,33.0,28.7,6.0,83,33
2026-07-16 15:06:08.970010,bangalore,4.9,8.1,9.6,157.0,30.0,24.9,12.8,97,30
2026-07-16 15:06:10.196012,kolkata,15.1,16.6,10.0,261.0,68.0,28.1,12.4,97,68
2026-07-16 15:06:11.403455,chennai,17.0,21.7,19.3,276.0,34.0,31.9,10.4,89,34
2026-07-16 17:23:17.813948,delhi,37.1,53.2,27.4,417.0,60.0,31.8,3.9,98,61
2026-07-16 17:23:18.740524,mumbai,16.5,38.6,3.4,100.0,43.0,27.4,9.0,85,43
2026-07-16 17:23:19.676833,hyderabad,4.8,7.2,5.9,132.0,33.0,28.2,7.4,83,33
2026-07-16 17:23:20.631530,bangalore,4.9,8.1,9.6,157.0,30.0,23.2,13.8,97,30
2026-07-16 17:23:21.556076,kolkata,15.1,16.6,10.0,261.0,68.0,27.7,12.4,97,68
2026-07-16 17:23:22.479178,chennai,17.0,21.7,19.3,276.0,34.0,30.0,11.9,89,34
2026-07-16 19:19:01.647293,delhi,37.1,53.2,27.4,417.0,60.0,32.0,3.5,96,61
2026-07-16 19:19:02.633757,mumbai,16.5,38.6,3.4,100.0,43.0,26.3,5.2,85,43
2026-07-16 19:19:03.673264,hyderabad,4.8,7.2,5.9,132.0,33.0,27.7,10.8,78,33
2026-07-16 19:19:04.662702,bangalore,4.9,8.1,9.6,157.0,30.0,22.2,11.3,98,30
2026-07-16 19:19:05.679675,kolkata,15.1,16.6,10.0,261.0,68.0,27.5,9.4,98,68
2026-07-16 19:19:06.786991,chennai,17.0,21.7,19.3,276.0,34.0,29.8,8.5,90,34
2026-07-16 21:05:48.270502,delhi,37.1,53.2,27.4,417.0,60.0,31.1,3.2,96,61
2026-07-16 21:05:49.511580,mumbai,16.5,38.6,3.4,100.0,43.0,26.1,5.6,85,43
2026-07-16 21:05:50.759220,hyderabad,4.8,7.2,5.9,132.0,33.0,26.6,10.7,78,33
2026-07-16 21:05:52.016126,bangalore,4.9,8.1,9.6,157.0,30.0,21.7,11.6,98,30
2026-07-16 21:05:53.268411,kolkata,15.1,16.6,10.0,261.0,68.0,27.3,8.7,98,68
2026-07-16 23:01:19.451959,delhi,43.0,63.8,46.5,563.0,32.0,30.1,3.9,96,71
2026-07-16 23:01:20.671979,mumbai,18.4,41.7,3.1,111.0,49.0,25.7,8.3,85,49
2026-07-16 23:01:21.920088,hyderabad,5.2,7.8,6.4,144.0,33.0,25.5,12.2,78,33
2026-07-16 23:01:23.153162,bangalore,4.0,5.1,8.4,149.0,31.0,21.4,13.1,98,31
2026-07-16 23:01:24.393315,kolkata,18.2,19.4,12.3,279.0,59.0,27.0,7.5,98,59
2026-07-16 23:01:25.605421,chennai,18.1,25.2,18.8,271.0,41.0,29.5,13.3,90,41
2026-07-17 11:23:43.574943,delhi,27.5,27.8,31.1,514.0,43.0,37.7,12.4,99,45
2026-07-17 11:23:44.549559,mumbai,16.2,38.3,4.7,100.0,41.0,26.9,5.3,83,41
2026-07-17 11:23:45.657238,hyderabad,4.5,6.8,6.0,134.0,36.0,28.0,12.1,80,36
2026-07-17 11:23:46.687986,bangalore,5.4,8.5,9.7,161.0,30.0,22.1,12.1,91,30
2026-07-17 11:23:47.694237,kolkata,18.5,19.3,12.2,294.0,61.0,29.4,13.1,99,61
2026-07-17 11:23:48.712453,chennai,18.3,25.3,16.8,269.0,49.0,32.4,5.6,91,49
2026-07-17 13:47:44.061589,delhi,27.5,27.8,31.1,514.0,43.0,34.7,2.9,99,45
2026-07-17 13:47:44.997158,mumbai,16.2,38.3,4.7,100.0,41.0,27.8,11.4,83,41
2026-07-17 13:47:45.887400,hyderabad,4.5,6.8,6.0,134.0,36.0,25.4,5.2,80,36
2026-07-17 13:47:46.836253,bangalore,5.4,8.5,9.7,161.0,30.0,22.7,13.4,91,30
2026-07-17 13:47:47.766405,kolkata,18.5,19.3,12.2,294.0,61.0,28.8,14.1,99,61
2026-07-17 13:47:48.685806,chennai,18.3,25.3,16.8,269.0,49.0,30.4,11.1,91,49
2026-07-17 15:17:06.240294,delhi,27.5,27.8,31.1,442.0,43.0,33.5,5.0,99,45
2026-07-17 15:17:07.021820,mumbai,16.2,38.3,4.7,120.0,41.0,27.4,10.4,83,41
2026-07-17 15:17:07.799461,hyderabad,4.5,6.8,6.0,145.0,36.0,25.0,8.2,80,36
2026-07-17 15:17:08.573430,bangalore,5.4,8.5,9.7,169.0,30.0,22.4,13.2,91,30
2026-07-17 15:17:09.344427,kolkata,18.5,19.3,12.2,307.0,61.0,28.1,13.5,99,61
2026-07-17 15:17:10.163195,chennai,18.3,25.3,16.8,454.0,49.0,29.2,14.9,91,49
2026-07-17 17:16:16.384975,delhi,27.5,27.8,31.1,442.0,43.0,32.3,6.3,99,45
2026-07-17 17:16:17.374827,mumbai,16.2,38.3,4.7,120.0,41.0,26.2,8.7,83,41
2026-07-17 17:16:18.318320,hyderabad,4.5,6.8,6.0,145.0,36.0,24.0,12.8,80,36
2026-07-17 17:16:19.249051,bangalore,5.4,8.5,9.7,169.0,30.0,21.5,14.6,91,30
2026-07-17 17:16:20.194623,kolkata,18.5,19.3,12.2,307.0,61.0,27.7,10.0,99,61
2026-07-17 17:16:21.148953,chennai,18.3,25.3,16.8,454.0,49.0,26.9,11.1,91,49
2026-07-17 19:16:50.244004,delhi,27.5,27.8,31.1,442.0,43.0,31.7,3.1,99,45
2026-07-17 19:16:51.024077,mumbai,16.2,38.3,4.7,120.0,41.0,25.5,2.2,83,41
2026-07-17 19:16:51.808003,hyderabad,4.5,6.8,6.0,145.0,36.0,24.2,13.4,80,36
2026-07-17 19:16:52.709307,bangalore,5.4,8.5,9.7,169.0,30.0,20.9,12.2,90,30
2026-07-17 19:16:53.568750,kolkata,18.5,19.3,12.2,307.0,61.0,26.0,11.4,98,61
2026-07-17 19:16:54.350781,chennai,18.3,25.3,16.8,454.0,49.0,25.0,13.1,90,49
2026-07-17 21:00:17.938683,delhi,27.5,27.8,31.1,442.0,43.0,30.9,4.1,99,45
2026-07-17 21:00:19.204270,mumbai,16.2,38.3,4.7,120.0,41.0,25.2,3.6,83,41
2026-07-17 21:00:20.446663,hyderabad,4.5,6.8,6.0,145.0,36.0,23.6,11.3,80,36
2026-07-17 21:00:21.661950,bangalore,5.4,8.5,9.7,169.0,30.0,20.7,12.9,90,30
2026-07-17 21:00:22.880112,kolkata,18.5,19.3,12.2,307.0,61.0,26.1,11.7,98,61
2026-07-17 21:00:24.093722,chennai,18.3,25.3,16.8,454.0,49.0,25.6,9.6,90,49
2026-07-17 22:02:22.134057,delhi,27.5,27.8,31.1,442.0,43.0,30.9,6.2,99,45
2026-07-17 22:02:23.092639,mumbai,16.2,38.3,4.7,120.0,41.0,25.3,8.2,83,41
2026-07-17 22:02:23.998118,hyderabad,4.5,6.8,6.0,145.0,36.0,23.9,11.7,80,36
2026-07-17 22:02:24.903705,bangalore,5.4,8.5,9.7,169.0,30.0,20.4,13.1,90,30
2026-07-17 22:02:25.878985,kolkata,18.5,19.3,12.2,307.0,61.0,26.3,10.3,98,61
2026-07-17 22:02:26.794857,chennai,18.3,25.3,16.8,454.0,49.0,25.8,9.6,90,49
2026-07-17 23:55:45.446483,delhi,54.5,62.4,58.3,442.0,31.0,30.4,8.4,99,90
2026-07-17 23:55:46.717709,mumbai,17.5,49.5,3.3,120.0,51.0,24.8,9.7,83,51
2026-07-17 23:55:48.026299,hyderabad,4.0,6.1,6.0,145.0,37.0,23.9,12.7,80,37
2026-07-17 23:55:49.272509,bangalore,4.0,5.2,7.8,169.0,31.0,20.2,13.2,90,31
2026-07-17 23:55:50.508024,kolkata,16.4,17.2,11.5,307.0,70.0,26.3,9.6,98,70
2026-07-18 11:07:31.983496,delhi,22.9,22.9,20.9,396.0,55.0,36.7,9.7,97,55
2026-07-18 11:07:32.971974,mumbai,10.8,22.1,3.4,93.0,36.0,28.3,11.1,80,36
2026-07-18 11:07:34.004839,hyderabad,9.0,19.0,7.2,146.0,35.0,27.4,15.9,79,35
2026-07-18 11:07:35.027429,bangalore,4.4,6.7,8.1,153.0,31.0,26.6,16.5,93,31
2026-07-18 11:07:36.028149,kolkata,18.7,18.7,15.9,323.0,48.0,30.7,16.4,95,48
2026-07-18 11:07:37.079434,chennai,18.5,27.8,16.6,261.0,45.0,29.2,10.1,76,45
2026-07-18 13:25:15.135358,delhi,22.9,22.9,20.9,396.0,55.0,33.9,6.4,97,55
2026-07-18 13:25:16.502619,mumbai,10.8,22.1,3.4,93.0,36.0,26.5,11.5,80,36
2026-07-18 13:25:17.782175,hyderabad,9.0,19.0,7.2,146.0,35.0,25.0,7.1,79,35
2026-07-18 13:25:19.094102,bangalore,4.4,6.7,8.1,153.0,31.0,22.9,10.3,93,31
2026-07-18 13:25:20.410577,kolkata,18.7,18.7,15.9,323.0,48.0,28.8,11.9,95,48
2026-07-18 14:58:19.299940,delhi,22.9,22.9,20.9,396.0,55.0,32.8,6.9,97,55
2026-07-18 14:58:20.079260,mumbai,10.8,22.1,3.4,93.0,36.0,26.2,9.1,80,36
2026-07-18 14:58:20.862152,hyderabad,9.0,19.0,7.2,146.0,35.0,25.2,10.1,79,35
2026-07-18 14:58:21.628930,bangalore,4.4,6.7,8.1,153.0,31.0,22.6,11.8,93,31
2026-07-18 14:58:22.406364,kolkata,18.7,18.7,15.9,323.0,48.0,28.2,9.9,95,48
2026-07-18 14:58:23.175580,chennai,18.5,27.8,16.6,261.0,45.0,27.4,13.3,76,45
2026-07-18 16:03:39.736874,delhi,22.9,22.9,20.9,336.0,55.0,32.2,6.1,97,55
2026-07-18 16:03:40.518732,mumbai,10.8,22.1,3.4,99.0,36.0,25.6,3.3,80,36
2026-07-18 16:03:41.363706,hyderabad,9.0,19.0,7.2,145.0,35.0,25.2,10.6,79,35
2026-07-18 16:03:42.156595,bangalore,4.4,6.7,8.1,161.0,31.0,21.7,10.8,93,31
2026-07-18 16:03:42.940247,kolkata,18.7,18.7,15.9,387.0,48.0,27.8,9.7,95,48
2026-07-18 16:03:43.729883,chennai,18.5,27.8,16.6,359.0,45.0,26.7,10.7,76,45
2026-07-18 17:58:32.061779,delhi,22.9,22.9,20.9,336.0,55.0,31.4,6.2,97,55
2026-07-18 17:58:33.309699,mumbai,10.8,22.1,3.4,99.0,36.0,25.7,7.6,80,36
2026-07-18 17:58:34.537531,hyderabad,9.0,19.0,7.2,145.0,35.0,24.6,12.2,79,35
2026-07-18 17:58:35.763523,bangalore,4.4,6.7,8.1,161.0,31.0,21.3,9.4,93,31
2026-07-18 17:58:36.997573,kolkata,18.7,18.7,15.9,387.0,48.0,27.5,9.3,95,48
2026-07-18 17:58:38.248676,chennai,18.5,27.8,16.6,359.0,45.0,26.6,11.7,76,45
2026-07-18 19:17:04.273985,delhi,22.9,22.9,20.9,336.0,55.0,31.7,6.2,99,55
2026-07-18 19:17:05.048839,mumbai,10.8,22.1,3.4,99.0,36.0,26.0,10.0,79,36
2026-07-18 19:17:05.815050,hyderabad,9.0,19.0,7.2,145.0,35.0,24.5,10.6,81,35
2026-07-18 19:17:06.591372,bangalore,4.4,6.7,8.1,161.0,31.0,21.1,11.5,90,31
2026-07-18 19:17:07.367046,kolkata,18.7,18.7,15.9,387.0,48.0,27.6,8.8,100,48
2026-07-18 19:17:08.146805,chennai,18.5,27.8,16.6,359.0,45.0,26.5,11.1,81,45
2026-07-18 20:55:21.384870,delhi,22.9,22.9,20.9,336.0,55.0,31.3,5.7,99,55
2026-07-18 20:55:22.617433,mumbai,10.8,22.1,3.4,99.0,36.0,25.6,4.3,79,36
2026-07-18 20:55:23.869175,hyderabad,9.0,19.0,7.2,145.0,35.0,24.2,10.7,81,35
2026-07-18 20:55:25.122023,bangalore,4.4,6.7,8.1,161.0,31.0,20.8,10.5,90,31
2026-07-18 20:55:26.510359,kolkata,18.7,18.7,15.9,387.0,48.0,27.1,11.1,100,48
2026-07-18 21:55:32.162562,delhi,14.5,14.5,18.6,336.0,72.0,31.1,4.1,99,72
2026-07-18 21:55:33.399548,mumbai,19.8,51.9,3.3,99.0,41.0,25.6,5.5,79,51
2026-07-18 21:55:34.666746,hyderabad,8.0,16.0,7.7,145.0,34.0,24.0,10.5,81,34
2026-07-18 21:55:35.896257,bangalore,5.0,7.0,10.1,161.0,29.0,20.6,9.7,90,29
2026-07-18 21:55:37.121800,kolkata,20.3,20.7,14.9,387.0,46.0,26.9,10.8,100,46
2026-07-18 21:55:38.372214,chennai,19.2,27.9,16.1,359.0,53.0,25.8,9.0,81,53
2026-07-18 22:55:17.652860,delhi,14.5,14.5,18.6,336.0,72.0,30.6,2.8,99,72
2026-07-18 22:55:18.730502,mumbai,19.8,51.9,3.3,99.0,41.0,26.2,4.4,79,51
2026-07-18 22:55:19.915621,hyderabad,8.0,16.0,7.7,145.0,34.0,23.9,10.3,81,34
2026-07-18 22:55:21.039236,bangalore,5.0,7.0,10.1,161.0,29.0,20.5,9.5,90,29
2026-07-18 22:55:22.151586,kolkata,20.3,20.7,14.9,387.0,46.0,26.1,8.0,100,46
2026-07-18 22:55:23.257036,chennai,19.2,27.9,16.1,359.0,53.0,25.7,10.3,81,53
2026-07-18 23:58:06.606593,delhi,14.5,14.5,18.6,336.0,72.0,30.2,2.3,99,72
2026-07-18 23:58:07.526812,mumbai,19.8,51.9,3.3,99.0,41.0,26.0,5.8,79,51
2026-07-18 23:58:08.541475,hyderabad,8.0,16.0,7.7,145.0,34.0,24.0,10.8,81,34
2026-07-18 23:58:09.494545,bangalore,5.0,7.0,10.1,161.0,29.0,20.4,9.8,90,29
2026-07-18 23:58:10.434078,kolkata,20.3,20.7,14.9,387.0,46.0,26.0,7.4,100,46
2026-07-18 23:58:11.381754,chennai,19.2,27.9,16.1,359.0,53.0,25.7,9.7,81,53
2026-07-19 11:11:58.744434,delhi,15.3,15.3,15.5,346.0,71.0,36.1,7.2,95,71
2026-07-19 11:11:59.533047,mumbai,12.0,24.9,3.5,94.0,39.0,26.4,13.8,82,39
2026-07-19 11:12:00.320943,hyderabad,20.7,54.6,5.9,135.0,37.0,30.1,14.5,84,54
2026-07-19 11:12:01.091551,bangalore,3.3,5.0,6.8,137.0,30.0,24.6,13.0,94,30
2026-07-19 11:12:01.870504,kolkata,25.7,26.5,16.5,338.0,46.0,30.3,10.7,98,46
2026-07-19 11:12:02.781473,chennai,18.2,22.2,19.1,280.0,44.0,31.2,13.9,76,44
2026-07-19 13:26:48.861034,delhi,15.3,15.3,15.5,346.0,71.0,31.7,7.9,95,71
2026-07-19 13:26:49.767054,mumbai,12.0,24.9,3.5,94.0,39.0,26.2,16.2,82,39
2026-07-19 13:26:50.683273,hyderabad,20.7,54.6,5.9,135.0,37.0,27.3,12.0,84,54
2026-07-19 13:26:51.610030,bangalore,3.3,5.0,6.8,137.0,30.0,21.7,16.0,94,30
2026-07-19 13:26:52.540903,kolkata,25.7,26.5,16.5,338.0,46.0,28.0,6.6,98,46
2026-07-19 13:26:53.548676,chennai,18.2,22.2,19.1,280.0,44.0,29.5,10.1,76,44
2026-07-19 15:00:35.538502,delhi,15.3,15.3,15.5,346.0,71.0,30.4,8.2,95,71
2026-07-19 15:00:36.293385,mumbai,12.0,24.9,3.5,94.0,39.0,25.9,14.3,82,39
2026-07-19 15:00:37.045537,hyderabad,20.7,54.6,5.9,135.0,37.0,24.9,13.9,84,54
2026-07-19 15:00:37.811246,bangalore,3.3,5.0,6.8,137.0,30.0,21.7,12.3,94,30
2026-07-19 15:00:38.579369,kolkata,25.7,26.5,16.5,338.0,46.0,28.1,11.8,98,46
2026-07-19 15:00:39.342879,chennai,18.2,22.2,19.1,280.0,44.0,28.9,9.0,76,44
2026-07-19 17:02:11.108987,delhi,15.3,15.3,15.5,355.0,71.0,29.8,6.3,95,71
2026-07-19 17:02:12.327612,mumbai,12.0,24.9,3.5,99.0,39.0,26.2,12.5,82,39
2026-07-19 17:02:13.557055,hyderabad,20.7,54.6,5.9,130.0,37.0,23.6,12.1,84,54
2026-07-19 17:02:14.724634,bangalore,3.3,5.0,6.8,162.0,30.0,21.3,14.3,94,30
2026-07-19 17:02:15.929232,kolkata,25.7,26.5,16.5,290.0,46.0,27.8,12.2,98,46
2026-07-19 17:02:17.114384,chennai,18.2,22.2,19.1,247.0,44.0,28.8,12.2,76,44
2026-07-19 19:12:00.605539,delhi,15.3,15.3,15.5,355.0,71.0,30.0,10.0,93,71
2026-07-19 19:12:01.838314,mumbai,12.0,24.9,3.5,99.0,39.0,25.3,13.8,81,39
2026-07-19 19:12:03.065399,hyderabad,20.7,54.6,5.9,130.0,37.0,23.6,14.2,78,54
2026-07-19 19:12:04.317459,bangalore,3.3,5.0,6.8,162.0,30.0,21.5,12.2,95,30
2026-07-19 19:12:05.575494,kolkata,25.7,26.5,16.5,290.0,46.0,27.8,6.9,99,46
2026-07-19 19:12:06.842182,chennai,18.2,22.2,19.1,247.0,44.0,28.9,13.7,83,44
2026-07-19 20:55:55.971399,delhi,15.3,15.3,15.5,355.0,71.0,29.3,8.5,93,71
2026-07-19 20:55:57.225974,mumbai,12.0,24.9,3.5,99.0,39.0,25.5,13.2,81,39
2026-07-19 20:55:58.453210,hyderabad,20.7,54.6,5.9,130.0,37.0,23.4,14.2,78,54
2026-07-19 20:55:59.729632,bangalore,3.3,5.0,6.8,162.0,30.0,21.1,13.3,95,30
2026-07-19 20:56:00.997471,kolkata,25.7,26.5,16.5,290.0,46.0,27.1,7.2,99,46
2026-07-19 20:56:02.235857,chennai,18.2,22.2,19.1,247.0,44.0,28.4,10.5,83,44
2026-07-19 21:58:41.646376,delhi,20.4,20.4,16.7,355.0,68.0,29.1,8.5,93,68
2026-07-19 21:58:42.890381,mumbai,13.2,28.9,3.2,99.0,40.0,25.6,9.9,81,40
2026-07-19 21:58:44.139033,hyderabad,27.9,58.7,6.2,130.0,40.0,23.2,12.8,78,58
2026-07-19 21:58:45.385171,bangalore,5.9,8.8,8.4,162.0,32.0,21.0,13.1,95,32
2026-07-19 21:58:46.646646,kolkata,27.2,27.5,16.1,290.0,48.0,26.9,4.2,99,48
2026-07-19 21:58:47.918739,chennai,17.3,22.4,17.3,247.0,52.0,27.8,6.0,83,52
2026-07-19 23:02:01.288328,delhi,20.4,20.4,16.7,355.0,68.0,29.0,6.0,93,68
2026-07-19 23:02:02.534597,mumbai,13.2,28.9,3.2,99.0,40.0,25.3,11.4,81,40
2026-07-19 23:02:03.798956,hyderabad,27.9,58.7,6.2,130.0,40.0,23.2,13.5,78,58
2026-07-19 23:02:05.034792,bangalore,5.9,8.8,8.4,162.0,32.0,20.8,12.6,95,32
2026-07-19 23:02:06.297368,kolkata,27.2,27.5,16.1,290.0,48.0,26.9,5.8,99,48
2026-07-19 23:02:07.550902,chennai,17.3,22.4,17.3,247.0,52.0,27.5,2.6,83,52
2026-07-20 10:15:43.966080,delhi,24.7,24.7,23.0,430.0,61.0,32.5,4.3,95,61
2026-07-20 10:15:44.878955,mumbai,13.8,35.0,3.3,96.0,39.0,26.5,17.0,85,39
2026-07-20 10:15:45.795336,hyderabad,12.2,19.4,5.8,131.0,36.0,27.4,12.6,84,36
2026-07-20 10:15:46.744629,bangalore,5.6,11.7,6.9,131.0,31.0,27.2,16.6,91,31
2026-07-20 10:15:47.704065,kolkata,11.8,11.9,10.3,282.0,66.0,27.2,5.6,96,66
2026-07-20 10:15:48.602419,chennai,18.8,27.5,13.6,240.0,65.0,31.4,7.9,65,65
2026-07-20 13:09:34.959144,delhi,24.7,24.7,23.0,430.0,61.0,30.4,0.2,95,61
2026-07-20 13:09:35.873043,mumbai,13.8,35.0,3.3,96.0,39.0,26.3,18.8,85,39
2026-07-20 13:09:36.843269,hyderabad,12.2,19.4,5.8,131.0,36.0,25.3,10.5,84,36
2026-07-20 13:09:37.785149,bangalore,5.6,11.7,6.9,131.0,31.0,23.4,11.2,91,31
2026-07-20 13:09:38.729631,kolkata,11.8,11.9,10.3,282.0,66.0,26.8,9.5,96,66
2026-07-20 13:09:39.674807,chennai,18.8,27.5,13.6,240.0,65.0,30.8,4.0,65,65
2026-07-20 15:53:50.102041,delhi,24.7,24.7,23.0,381.0,61.0,28.7,4.2,95,61
2026-07-20 15:53:50.895978,mumbai,13.8,35.0,3.3,100.0,39.0,25.5,8.9,85,39
2026-07-20 15:53:51.914262,hyderabad,12.2,19.4,5.8,136.0,36.0,23.0,16.0,84,36
2026-07-20 15:53:52.704728,bangalore,5.6,11.7,6.9,141.0,31.0,22.4,13.9,91,31
2026-07-20 15:53:53.504907,kolkata,11.8,11.9,10.3,316.0,66.0,26.6,8.0,96,66
2026-07-20 15:53:54.415230,chennai,18.8,27.5,13.6,270.0,65.0,25.8,7.7,65,65
2026-07-20 18:08:04.269576,delhi,24.7,24.7,23.0,381.0,61.0,26.9,2.7,95,61
2026-07-20 18:08:05.364233,mumbai,13.8,35.0,3.3,100.0,39.0,25.9,12.1,85,39
2026-07-20 18:08:06.360722,hyderabad,12.2,19.4,5.8,136.0,36.0,23.3,16.8,84,36
2026-07-20 18:08:07.458071,bangalore,5.6,11.7,6.9,141.0,31.0,21.4,13.8,91,31
2026-07-20 18:08:08.496696,kolkata,11.8,11.9,10.3,316.0,66.0,26.4,5.6,96,66
2026-07-20 18:08:09.539087,chennai,18.8,27.5,13.6,270.0,65.0,26.4,5.2,65,65
2026-07-20 20:24:17.060261,delhi,24.7,24.7,23.0,381.0,61.0,26.6,1.1,93,61
2026-07-20 20:24:18.439129,mumbai,13.8,35.0,3.3,100.0,39.0,25.5,3.9,87,39
2026-07-20 20:24:19.659457,hyderabad,12.2,19.4,5.8,136.0,36.0,23.3,15.0,81,36
2026-07-20 20:24:20.828190,bangalore,5.6,11.7,6.9,141.0,31.0,20.2,13.2,89,31
2026-07-20 20:24:22.043155,kolkata,11.8,11.9,10.3,316.0,66.0,26.5,7.7,99,66
2026-07-20 20:24:23.248430,chennai,18.8,27.5,13.6,270.0,65.0,27.5,8.9,68,65
2026-07-20 22:03:48.367190,delhi,24.7,24.7,23.0,381.0,61.0,26.1,4.8,93,61
2026-07-20 22:03:49.643275,mumbai,13.8,35.0,3.3,100.0,39.0,25.5,14.1,87,39
2026-07-20 22:03:50.900594,hyderabad,12.2,19.4,5.8,136.0,36.0,23.3,14.3,81,36
2026-07-20 22:03:52.126870,bangalore,5.6,11.7,6.9,141.0,31.0,20.1,13.1,89,31
2026-07-20 22:03:53.478657,kolkata,11.8,11.9,10.3,316.0,66.0,26.1,7.8,99,66
2026-07-20 22:03:54.754099,chennai,18.8,27.5,13.6,270.0,65.0,27.0,9.2,68,65
2026-07-21 11:49:36.943542,delhi,28.3,28.6,17.7,421.0,74.0,29.6,9.2,96,74
2026-07-21 11:49:37.729468,mumbai,14.8,33.1,3.9,103.0,43.0,25.4,19.3,85,43
2026-07-21 11:49:38.495806,hyderabad,5.5,8.1,6.7,134.0,32.0,25.5,9.7,83,32
2026-07-21 11:49:39.275471,bangalore,6.3,8.6,9.5,154.0,31.0,26.9,14.6,94,31
2026-07-21 11:49:40.085164,kolkata,15.8,17.7,12.3,245.0,40.0,27.1,9.8,97,40
2026-07-21 11:49:40.859812,chennai,15.5,21.0,17.5,235.0,34.0,32.7,6.4,72,34
2026-07-21 14:03:10.994796,delhi,28.3,28.6,17.7,421.0,74.0,28.2,7.6,96,74
2026-07-21 14:03:11.792374,mumbai,14.8,33.1,3.9,103.0,43.0,25.6,18.8,85,43
2026-07-21 14:03:12.582058,hyderabad,5.5,8.1,6.7,134.0,32.0,23.8,12.8,83,32
2026-07-21 14:03:13.362045,bangalore,6.3,8.6,9.5,154.0,31.0,24.8,11.7,94,31
2026-07-21 14:03:14.159114,kolkata,15.8,17.7,12.3,245.0,40.0,26.5,7.6,97,40
2026-07-21 14:03:14.944200,chennai,15.5,21.0,17.5,235.0,34.0,29.4,4.9,72,34
2026-07-21 16:25:34.669389,delhi,28.3,28.6,17.7,309.0,74.0,27.7,9.6,96,74
2026-07-21 16:25:35.681919,mumbai,14.8,33.1,3.9,104.0,43.0,25.8,21.2,85,43
2026-07-21 16:25:36.671651,hyderabad,5.5,8.1,6.7,141.0,32.0,23.2,17.0,83,32
2026-07-21 16:25:37.824790,bangalore,6.3,8.6,9.5,147.0,31.0,22.6,14.0,94,31
2026-07-21 16:25:38.893094,kolkata,15.8,17.7,12.3,262.0,40.0,25.9,8.2,97,40
2026-07-21 16:25:39.923717,chennai,15.5,21.0,17.5,233.0,34.0,29.0,5.9,72,34
2026-07-21 18:17:33.101490,delhi,28.3,28.6,17.7,309.0,74.0,27.1,10.0,96,74
2026-07-21 18:17:34.399035,mumbai,14.8,33.1,3.9,104.0,43.0,26.1,12.5,85,43
2026-07-21 18:17:35.662885,hyderabad,5.5,8.1,6.7,141.0,32.0,23.5,18.5,83,32
2026-07-21 18:17:36.930280,bangalore,6.3,8.6,9.5,147.0,31.0,21.4,12.9,94,31
2026-07-21 18:17:38.238773,kolkata,15.8,17.7,12.3,262.0,40.0,25.4,6.9,97,40
2026-07-21 20:20:20.941954,delhi,28.3,28.6,17.7,309.0,74.0,26.5,9.8,95,74
2026-07-21 20:20:21.859210,mumbai,14.8,33.1,3.9,104.0,43.0,26.0,21.5,86,43
2026-07-21 20:20:22.872152,hyderabad,5.5,8.1,6.7,141.0,32.0,23.4,18.6,86,32
2026-07-21 20:20:23.807266,bangalore,6.3,8.6,9.5,147.0,31.0,20.4,11.8,93,31
2026-07-21 20:20:24.743601,kolkata,15.8,17.7,12.3,262.0,40.0,25.6,3.6,98,40
2026-07-21 20:20:25.662100,chennai,15.5,21.0,17.5,233.0,34.0,28.7,13.8,77,34
2026-07-21 22:06:31.565358,delhi,28.3,28.6,17.7,309.0,74.0,26.2,11.5,95,74
2026-07-21 22:06:32.595547,mumbai,14.8,33.1,3.9,104.0,43.0,26.0,22.7,86,43
2026-07-21 22:06:33.617319,hyderabad,5.5,8.1,6.7,141.0,32.0,23.0,17.7,86,32
2026-07-21 22:06:34.690299,bangalore,6.3,8.6,9.5,147.0,31.0,19.9,11.9,93,31
2026-07-21 22:06:35.695241,kolkata,15.8,17.7,12.3,262.0,40.0,25.0,8.0,98,40
2026-07-21 22:06:36.704633,chennai,15.5,21.0,17.5,233.0,34.0,28.1,11.6,77,34
2026-07-21 23:58:11.941296,delhi,21.5,21.9,17.0,309.0,65.0,26.0,12.6,95,65
2026-07-21 23:58:13.203470,mumbai,12.3,28.0,3.9,104.0,41.0,26.0,22.7,86,41
2026-07-21 23:58:14.395127,hyderabad,6.7,9.4,7.7,141.0,31.0,22.9,18.9,86,31
2026-07-21 23:58:15.596287,bangalore,6.9,9.6,11.4,147.0,27.0,19.6,10.8,93,27
2026-07-21 23:58:16.780953,kolkata,29.7,31.0,15.7,262.0,51.0,25.0,7.6,98,51
2026-07-22 11:50:21.834063,delhi,31.1,32.8,23.2,375.0,49.0,31.8,8.6,98,51
2026-07-22 11:50:23.138413,mumbai,13.7,34.3,3.7,89.0,46.0,26.8,27.1,86,46
2026-07-22 11:50:24.401072,hyderabad,4.6,6.9,5.4,117.0,35.0,23.9,13.0,85,35
2026-07-22 11:50:25.675978,bangalore,2.4,3.3,4.4,105.0,39.0,22.8,13.9,90,39
2026-07-22 11:50:26.933180,kolkata,32.1,32.2,18.2,389.0,56.0,27.7,8.4,99,56
2026-07-22 14:06:41.319517,delhi,31.1,32.8,23.2,375.0,49.0,29.4,6.8,98,51
2026-07-22 14:06:42.602813,mumbai,13.7,34.3,3.7,89.0,46.0,25.7,20.8,86,46
2026-07-22 14:06:43.723764,hyderabad,4.6,6.9,5.4,117.0,35.0,23.8,12.7,85,35
2026-07-22 14:06:44.871415,bangalore,2.4,3.3,4.4,105.0,39.0,21.6,15.2,90,39
2026-07-22 14:06:46.174964,kolkata,32.1,32.2,18.2,389.0,56.0,26.2,9.9,99,56
2026-07-22 14:06:47.400954,chennai,22.6,31.4,17.5,271.0,44.0,27.2,5.6,64,44
2026-07-22 16:22:20.132512,delhi,31.1,32.8,23.2,418.0,49.0,28.7,11.0,98,51
2026-07-22 16:22:21.267304,mumbai,13.7,34.3,3.7,102.0,46.0,26.1,24.0,86,46
2026-07-22 16:22:22.503734,hyderabad,4.6,6.9,5.4,133.0,35.0,23.3,15.1,85,35
2026-07-22 16:22:23.764894,bangalore,2.4,3.3,4.4,127.0,39.0,21.3,14.8,90,39
2026-07-22 16:22:24.953252,kolkata,32.1,32.2,18.2,315.0,56.0,26.1,7.3,99,56
2026-07-22 16:22:26.104591,chennai,22.6,31.4,17.5,252.0,44.0,26.6,7.1,64,44
2026-07-22 18:11:06.230005,delhi,31.1,32.8,23.2,418.0,49.0,28.1,9.6,98,51
2026-07-22 18:11:07.034527,mumbai,13.7,34.3,3.7,102.0,46.0,26.0,23.3,86,46
2026-07-22 18:11:07.833188,hyderabad,4.6,6.9,5.4,133.0,35.0,22.9,14.5,85,35
2026-07-22 18:11:08.629614,bangalore,2.4,3.3,4.4,127.0,39.0,20.9,13.6,90,39
2026-07-22 18:11:09.427286,kolkata,32.1,32.2,18.2,315.0,56.0,26.0,7.4,99,56
2026-07-22 18:11:10.258836,chennai,22.6,31.4,17.5,252.0,44.0,26.6,7.9,64,44
2026-07-22 20:13:35.836726,delhi,31.1,32.8,23.2,418.0,49.0,27.4,8.6,99,51
2026-07-22 20:13:37.090669,mumbai,13.7,34.3,3.7,102.0,46.0,26.4,27.3,83,46
2026-07-22 20:13:38.334069,hyderabad,4.6,6.9,5.4,133.0,35.0,23.2,14.9,87,35
2026-07-22 20:13:39.595522,bangalore,2.4,3.3,4.4,127.0,39.0,20.4,12.3,93,39
2026-07-22 20:13:40.847673,kolkata,32.1,32.2,18.2,315.0,56.0,24.5,11.7,99,56
2026-07-22 22:07:41.393016,delhi,40.4,40.6,26.1,418.0,54.0,27.0,10.1,99,67
2026-07-22 22:07:42.197546,mumbai,13.2,32.0,3.0,102.0,48.0,26.3,28.8,83,48
2026-07-22 22:07:42.996478,hyderabad,4.6,7.2,5.4,133.0,34.0,23.1,15.2,87,34
2026-07-22 22:07:43.804628,bangalore,2.7,3.9,4.3,127.0,37.0,19.6,11.3,93,37
2026-07-22 22:07:44.610168,kolkata,25.2,30.6,13.7,315.0,52.0,24.5,10.7,99,52
2026-07-22 22:07:45.381738,chennai,19.6,30.3,16.6,252.0,36.0,27.0,10.5,67,36
2026-07-23 12:25:57.777390,delhi,36.7,36.7,24.7,474.0,64.0,30.6,8.5,99,64
2026-07-23 12:25:59.068005,mumbai,13.4,31.7,3.3,92.0,42.0,27.5,26.1,87,42
2026-07-23 12:26:00.297033,hyderabad,4.6,7.6,5.7,117.0,37.0,27.3,16.3,82,37
2026-07-23 12:26:01.578814,bangalore,3.3,4.9,5.3,107.0,37.0,27.2,13.8,91,37
2026-07-23 12:26:02.841585,kolkata,21.8,22.1,15.5,343.0,54.0,25.8,11.2,98,54
2026-07-23 15:12:04.439785,delhi,36.7,36.7,24.7,466.0,64.0,28.0,7.6,99,64
2026-07-23 15:12:05.619985,mumbai,13.4,31.7,3.3,104.0,42.0,27.4,22.9,87,42
2026-07-23 15:12:06.715025,hyderabad,4.6,7.6,5.7,139.0,37.0,26.4,14.5,82,37
2026-07-23 15:12:07.855179,bangalore,3.3,4.9,5.3,127.0,37.0,23.0,15.4,91,37
2026-07-23 15:12:08.997787,kolkata,21.8,22.1,15.5,294.0,54.0,26.2,11.0,98,54
2026-07-23 15:12:10.090999,chennai,19.1,25.0,18.7,210.0,34.0,28.9,13.3,71,34
2026-07-23 17:27:04.127733,delhi,36.7,36.7,24.7,466.0,64.0,27.7,10.2,99,64
2026-07-23 17:27:05.425160,mumbai,13.4,31.7,3.3,104.0,42.0,26.9,22.4,87,42
2026-07-23 17:27:06.695759,hyderabad,4.6,7.6,5.7,139.0,37.0,25.4,16.0,82,37
2026-07-23 17:27:07.973001,bangalore,3.3,4.9,5.3,127.0,37.0,21.6,14.9,91,37
2026-07-23 17:27:09.248748,kolkata,21.8,22.1,15.5,294.0,54.0,26.0,9.3,98,54
2026-07-23 17:27:10.545699,chennai,19.1,25.0,18.7,210.0,34.0,28.2,5.2,71,34
2026-07-23 19:24:51.882983,delhi,36.7,36.7,24.7,466.0,64.0,26.5,10.6,96,64
2026-07-23 19:24:52.986671,mumbai,13.4,31.7,3.3,104.0,42.0,26.9,23.3,87,42
2026-07-23 19:24:54.125319,hyderabad,4.6,7.6,5.7,139.0,37.0,24.8,17.4,84,37
2026-07-23 19:24:55.250089,bangalore,3.3,4.9,5.3,127.0,37.0,20.0,12.7,91,37
2026-07-23 19:24:56.365240,kolkata,21.8,22.1,15.5,294.0,54.0,26.4,10.2,99,54
2026-07-23 19:24:57.602520,chennai,19.1,25.0,18.7,210.0,34.0,28.4,4.0,70,34
2026-07-23 21:08:51.678324,delhi,36.7,36.7,24.7,466.0,64.0,26.3,8.9,96,64
2026-07-23 21:08:52.692737,mumbai,13.4,31.7,3.3,104.0,42.0,26.1,24.1,87,42
2026-07-23 21:08:53.707135,hyderabad,4.6,7.6,5.7,139.0,37.0,24.4,18.5,84,37
2026-07-23 21:08:54.690958,bangalore,3.3,4.9,5.3,127.0,37.0,19.5,11.6,91,37
2026-07-23 21:08:55.675853,kolkata,21.8,22.1,15.5,294.0,54.0,26.3,10.9,99,54
2026-07-23 21:08:56.717171,chennai,19.1,25.0,18.7,210.0,34.0,25.2,6.9,70,34
2026-07-23 23:00:28.714036,delhi,48.3,48.9,35.2,466.0,50.0,26.1,10.8,96,80
2026-07-23 23:00:29.468642,mumbai,14.2,39.3,3.8,104.0,42.0,27.0,25.2,87,42
2026-07-23 23:00:30.244332,hyderabad,4.4,6.3,7.0,139.0,34.0,24.0,18.8,84,34
2026-07-23 23:00:31.062825,bangalore,3.4,5.0,5.7,127.0,36.0,20.3,11.2,91,36
2026-07-23 23:00:31.828022,kolkata,31.1,31.3,20.7,294.0,34.0,25.7,11.2,99,51
2026-07-23 23:00:32.612671,chennai,17.3,22.7,17.8,210.0,37.0,26.3,7.0,70,37
2026-07-24 11:44:17.481096,delhi,32.2,32.5,23.5,444.0,68.0,30.9,8.9,94,68
2026-07-24 11:44:18.295431,mumbai,13.3,31.2,3.4,99.0,45.0,27.6,21.2,86,45
2026-07-24 11:44:19.111178,hyderabad,4.8,8.9,5.3,124.0,35.0,29.5,15.9,85,35
2026-07-24 11:44:19.913947,bangalore,3.8,6.8,4.6,108.0,39.0,24.4,11.2,89,39
2026-07-24 11:44:20.746735,kolkata,9.9,11.1,8.7,209.0,62.0,27.5,9.1,99,62
2026-07-24 11:44:21.561639,chennai,12.1,16.5,16.6,207.0,28.0,31.1,13.3,75,28
2026-07-24 13:53:52.844525,delhi,32.2,32.5,23.5,444.0,68.0,26.5,6.3,94,68
2026-07-24 13:53:53.904336,mumbai,13.3,31.2,3.4,99.0,45.0,27.6,25.0,86,45
2026-07-24 13:53:54.996719,hyderabad,4.8,8.9,5.3,124.0,35.0,27.2,13.9,85,35
2026-07-24 13:53:56.042625,bangalore,3.8,6.8,4.6,108.0,39.0,23.3,11.9,89,39
2026-07-24 13:53:57.179638,kolkata,9.9,11.1,8.7,209.0,62.0,25.9,8.9,99,62
2026-07-24 13:53:58.176512,chennai,12.1,16.5,16.6,207.0,28.0,29.6,11.2,75,28
2026-07-24 15:27:33.762602,delhi,32.2,32.5,23.5,342.0,68.0,26.7,6.5,94,68
2026-07-24 15:27:34.985143,mumbai,13.3,31.2,3.4,108.0,45.0,28.0,24.2,86,45
2026-07-24 15:27:36.150455,hyderabad,4.8,8.9,5.3,138.0,35.0,26.6,12.2,85,35
2026-07-24 15:27:37.346109,bangalore,3.8,6.8,4.6,123.0,39.0,23.3,14.1,89,39
2026-07-24 15:27:38.643385,kolkata,9.9,11.1,8.7,277.0,62.0,25.4,6.7,99,62
2026-07-24 15:27:39.835698,chennai,12.1,16.5,16.6,214.0,28.0,29.6,9.1,75,28
2026-07-24 17:41:08.409101,delhi,32.2,32.5,23.5,342.0,68.0,27.5,12.1,94,68
2026-07-24 17:41:09.483677,mumbai,13.3,31.2,3.4,108.0,45.0,27.7,26.9,86,45
2026-07-24 17:41:10.555573,hyderabad,4.8,8.9,5.3,138.0,35.0,26.0,15.1,85,35
2026-07-24 17:41:11.574782,bangalore,3.8,6.8,4.6,123.0,39.0,21.8,13.1,89,39
2026-07-24 17:41:12.632540,kolkata,9.9,11.1,8.7,277.0,62.0,25.6,7.1,99,62
2026-07-24 17:41:13.663051,chennai,12.1,16.5,16.6,214.0,28.0,29.1,10.7,75,28
2026-07-24 19:35:32.909158,delhi,32.2,32.5,23.5,342.0,68.0,28.1,12.4,99,68
2026-07-24 19:35:33.884263,mumbai,13.3,31.2,3.4,108.0,45.0,27.8,24.5,85,45
2026-07-24 19:35:34.936208,hyderabad,4.8,8.9,5.3,138.0,35.0,24.8,13.4,90,35
2026-07-24 19:35:35.859975,bangalore,3.8,6.8,4.6,123.0,39.0,21.3,11.0,88,39
2026-07-24 19:35:37.050355,kolkata,9.9,11.1,8.7,277.0,62.0,25.8,4.6,98,62
2026-07-24 19:35:38.013952,chennai,12.1,16.5,16.6,214.0,28.0,28.4,8.9,73,28
2026-07-24 21:24:56.054228,mumbai,13.3,31.2,3.4,108.0,45.0,27.5,23.3,85,45
2026-07-24 21:24:56.834718,hyderabad,4.8,8.9,5.3,138.0,35.0,24.0,14.1,90,35
2026-07-24 21:24:57.612901,bangalore,3.8,6.8,4.6,123.0,39.0,20.7,11.9,88,39
2026-07-24 21:24:58.494082,kolkata,9.9,11.1,8.7,277.0,62.0,25.6,0.6,98,62
2026-07-24 21:24:59.284883,chennai,12.1,16.5,16.6,214.0,28.0,28.2,9.4,73,28
2026-07-24 23:04:20.088251,delhi,36.4,36.9,28.3,342.0,60.0,27.5,10.2,99,60
2026-07-24 23:04:21.014786,mumbai,18.8,53.9,3.4,108.0,48.0,26.1,16.9,85,53
2026-07-24 23:04:21.945784,hyderabad,4.5,7.3,5.4,138.0,36.0,23.4,14.7,90,36
2026-07-24 23:04:22.888154,bangalore,3.1,6.2,4.5,123.0,38.0,20.3,12.4,88,38
2026-07-24 23:04:23.809166,kolkata,8.2,9.1,8.5,277.0,63.0,25.3,2.7,98,63
2026-07-24 23:04:24.732167,chennai,16.0,20.9,20.0,214.0,28.0,27.9,8.9,73,28
2026-07-25 11:14:46.329899,delhi,24.6,24.7,30.3,543.0,50.0,29.3,13.3,97,50
2026-07-25 11:14:47.396470,mumbai,13.9,33.5,3.0,110.0,46.0,28.2,19.1,90,46
2026-07-25 11:14:48.557420,hyderabad,4.6,7.7,5.5,132.0,36.0,30.7,13.5,86,36
2026-07-25 11:14:49.627230,bangalore,3.4,6.6,4.5,116.0,36.0,23.2,12.5,90,36
2026-07-25 11:14:50.737094,kolkata,8.2,9.6,7.5,175.0,58.0,30.2,6.7,96,58
2026-07-25 11:14:51.803694,chennai,18.4,25.0,20.2,260.0,29.0,33.2,8.0,68,30
2026-07-25 13:44:29.792395,delhi,24.6,24.7,30.3,543.0,50.0,29.7,8.0,97,50
2026-07-25 13:44:31.059389,mumbai,13.9,33.5,3.0,110.0,46.0,24.9,11.7,90,46
2026-07-25 13:44:32.329631,hyderabad,4.6,7.7,5.5,132.0,36.0,27.9,9.1,86,36
2026-07-25 13:44:33.601409,bangalore,3.4,6.6,4.5,116.0,36.0,21.4,11.1,90,36
2026-07-25 13:44:34.884710,kolkata,8.2,9.6,7.5,175.0,58.0,28.0,11.0,96,58
2026-07-25 15:07:05.269806,delhi,24.6,24.7,30.3,473.0,50.0,29.1,7.5,97,50
2026-07-25 15:07:06.248559,mumbai,13.9,33.5,3.0,116.0,46.0,25.1,8.8,90,46
2026-07-25 15:07:07.251296,hyderabad,4.6,7.7,5.5,138.0,36.0,26.6,16.6,86,36
2026-07-25 15:07:08.332477,bangalore,3.4,6.6,4.5,125.0,36.0,21.4,11.0,90,36
2026-07-25 15:07:09.422055,kolkata,8.2,9.6,7.5,202.0,58.0,27.3,9.6,96,58
2026-07-25 15:07:10.431286,chennai,18.4,25.0,20.2,181.0,29.0,30.6,10.9,68,30
2026-07-25 17:04:00.755948,delhi,24.6,24.7,30.3,473.0,50.0,28.4,8.7,97,50
2026-07-25 17:04:02.056150,mumbai,13.9,33.5,3.0,116.0,46.0,25.0,10.6,90,46
2026-07-25 17:04:03.334736,hyderabad,4.6,7.7,5.5,138.0,36.0,24.5,9.4,86,36
2026-07-25 17:04:04.657487,bangalore,3.4,6.6,4.5,125.0,36.0,21.3,15.0,90,36
2026-07-25 17:04:05.953593,kolkata,8.2,9.6,7.5,202.0,58.0,26.7,7.9,96,58
2026-07-25 19:14:16.044720,delhi,24.6,24.7,30.3,473.0,50.0,27.4,8.6,95,50
2026-07-25 19:14:16.816714,mumbai,13.9,33.5,3.0,116.0,46.0,23.8,3.6,85,46
2026-07-25 19:14:17.604154,hyderabad,4.6,7.7,5.5,138.0,36.0,25.3,12.1,87,36
2026-07-25 19:14:18.369765,bangalore,3.4,6.6,4.5,125.0,36.0,20.8,13.4,87,36
2026-07-25 19:14:19.209455,kolkata,8.2,9.6,7.5,202.0,58.0,26.4,9.4,94,58
2026-07-25 19:14:20.018741,chennai,18.4,25.0,20.2,181.0,29.0,28.9,10.0,74,30
2026-07-25 20:57:24.242366,delhi,24.6,24.7,30.3,473.0,50.0,27.2,8.4,95,50
2026-07-25 20:57:25.707402,mumbai,13.9,33.5,3.0,116.0,46.0,25.0,6.8,85,46
2026-07-25 20:57:26.994763,hyderabad,4.6,7.7,5.5,138.0,36.0,24.9,14.2,87,36
2026-07-25 20:57:28.250988,bangalore,3.4,6.6,4.5,125.0,36.0,20.6,13.2,87,36
2026-07-25 20:57:29.540478,kolkata,8.2,9.6,7.5,202.0,58.0,26.0,10.1,94,58
2026-07-25 22:01:23.402625,delhi,37.8,37.8,29.2,473.0,52.0,27.0,7.4,95,63
2026-07-25 22:01:24.305530,mumbai,15.4,39.1,2.4,116.0,49.0,24.1,7.0,85,49
2026-07-25 22:01:25.228302,hyderabad,4.6,6.9,5.7,138.0,38.0,24.5,14.4,87,38
2026-07-25 22:01:26.157226,bangalore,3.6,7.2,4.1,125.0,39.0,20.4,13.4,87,39
2026-07-25 22:01:27.037599,kolkata,8.3,9.6,7.5,202.0,59.0,25.9,10.1,94,59
2026-07-25 22:01:27.968394,chennai,13.4,17.7,19.2,181.0,24.0,27.6,8.1,74,24
2026-07-26 12:06:46.881010,delhi,28.6,28.6,25.1,433.0,48.0,32.9,3.0,100,48
2026-07-26 12:06:47.970028,mumbai,14.0,33.8,3.0,102.0,40.0,26.8,12.6,85,40
2026-07-26 12:06:49.032922,hyderabad,5.6,10.3,5.8,135.0,34.0,26.3,10.0,86,34
2026-07-26 12:06:50.088181,bangalore,2.2,3.6,4.6,119.0,36.0,23.9,13.2,89,36
2026-07-26 12:06:51.162615,kolkata,11.7,14.5,8.5,194.0,55.0,29.0,11.5,95,55
2026-07-26 12:06:52.195619,chennai,15.6,20.5,17.8,241.0,30.0,30.8,12.0,80,30
2026-07-26 14:39:03.096289,delhi,28.6,28.6,25.1,433.0,48.0,30.8,3.6,100,48
2026-07-26 14:39:03.873980,mumbai,14.0,33.8,3.0,102.0,40.0,25.2,11.8,85,40
2026-07-26 14:39:04.649706,hyderabad,5.6,10.3,5.8,135.0,34.0,25.8,12.7,86,34
2026-07-26 14:39:05.424897,bangalore,2.2,3.6,4.6,119.0,36.0,23.8,18.9,89,36
2026-07-26 14:39:06.201074,kolkata,11.7,14.5,8.5,194.0,55.0,27.5,9.3,95,55
2026-07-26 14:39:06.976432,chennai,15.6,20.5,17.8,241.0,30.0,30.3,7.4,80,30
2026-07-26 16:04:34.051858,delhi,28.6,28.6,25.1,385.0,48.0,30.5,2.2,100,48
2026-07-26 16:04:35.030972,mumbai,14.0,33.8,3.0,111.0,40.0,24.4,10.8,85,40
2026-07-26 16:04:36.040463,hyderabad,5.6,10.3,5.8,138.0,34.0,24.3,11.2,86,34
2026-07-26 16:04:36.863376,bangalore,2.2,3.6,4.6,135.0,36.0,22.7,17.6,89,36
2026-07-26 16:04:37.762558,kolkata,11.7,14.5,8.5,202.0,55.0,26.8,11.1,95,55
2026-07-26 16:04:38.892104,chennai,15.6,20.5,17.8,206.0,30.0,29.7,6.7,80,30
2026-07-26 18:03:34.124407,delhi,28.6,28.6,25.1,385.0,48.0,30.0,3.0,100,48
2026-07-26 18:03:35.303177,mumbai,14.0,33.8,3.0,111.0,40.0,24.2,7.5,85,40
2026-07-26 18:03:36.508060,hyderabad,5.6,10.3,5.8,138.0,34.0,23.9,11.3,86,34
2026-07-26 18:03:37.696765,bangalore,2.2,3.6,4.6,135.0,36.0,21.5,17.2,89,36
2026-07-26 18:03:38.902191,kolkata,11.7,14.5,8.5,202.0,55.0,25.6,15.0,95,55
2026-07-26 18:03:40.084483,chennai,15.6,20.5,17.8,206.0,30.0,29.5,8.1,80,30
2026-07-26 20:12:21.563680,delhi,28.6,28.6,25.1,385.0,48.0,29.6,2.3,98,48
2026-07-26 20:12:22.857205,mumbai,14.0,33.8,3.0,111.0,40.0,25.0,9.9,83,40
2026-07-26 20:12:24.146471,hyderabad,5.6,10.3,5.8,138.0,34.0,24.4,12.3,86,34
2026-07-26 20:12:25.428466,bangalore,2.2,3.6,4.6,135.0,36.0,21.0,17.4,89,36
2026-07-26 20:12:26.682940,kolkata,11.7,14.5,8.5,202.0,55.0,26.1,16.3,96,55
2026-07-26 22:02:09.873199,delhi,21.3,21.3,20.5,385.0,60.0,29.2,1.6,98,60
2026-07-26 22:02:10.659814,mumbai,16.6,39.0,2.7,111.0,43.0,24.6,9.6,83,43
2026-07-26 22:02:11.423473,hyderabad,5.7,11.0,6.3,138.0,35.0,24.4,14.6,86,35
2026-07-26 22:02:12.215375,bangalore,2.4,3.9,4.6,135.0,36.0,20.8,16.6,89,36
2026-07-26 22:02:12.967927,kolkata,13.0,15.0,10.2,202.0,47.0,25.7,15.6,96,47
2026-07-26 22:02:13.773872,chennai,19.6,27.1,20.8,206.0,27.0,30.7,13.4,76,32
2026-07-27 12:28:12.623144,delhi,26.4,26.4,21.4,388.0,54.0,31.1,4.0,99,54
2026-07-27 12:28:13.504909,mumbai,14.3,34.7,3.5,101.0,41.0,26.6,13.1,87,41
2026-07-27 12:28:14.325667,hyderabad,4.4,8.1,7.1,139.0,29.0,27.0,12.1,85,29
2026-07-27 12:28:15.179671,bangalore,1.6,2.1,5.3,117.0,33.0,25.3,16.8,91,33
2026-07-27 12:28:16.019172,kolkata,13.9,16.8,10.1,206.0,46.0,28.1,12.4,96,46
2026-07-27 12:28:16.839652,chennai,12.5,16.2,17.7,230.0,26.0,32.1,12.5,93,26
2026-07-27 15:45:07.920398,delhi,26.4,26.4,21.4,337.0,54.0,30.3,8.5,99,54
2026-07-27 15:45:09.135853,mumbai,14.3,34.7,3.5,104.0,41.0,25.7,2.9,87,41
2026-07-27 15:45:10.339876,hyderabad,4.4,8.1,7.1,152.0,29.0,24.8,11.7,85,29
2026-07-27 15:45:11.511034,bangalore,1.6,2.1,5.3,159.0,33.0,23.0,17.3,91,33
2026-07-27 15:45:12.787535,kolkata,13.9,16.8,10.1,235.0,46.0,26.4,16.7,96,46
2026-07-27 15:45:14.020599,chennai,12.5,16.2,17.7,227.0,26.0,30.8,7.5,93,26
2026-07-27 17:46:01.297044,delhi,26.4,26.4,21.4,337.0,54.0,29.1,9.7,99,54
2026-07-27 17:46:02.092044,mumbai,14.3,34.7,3.5,104.0,41.0,25.8,5.8,87,41
2026-07-27 17:46:02.976465,hyderabad,4.4,8.1,7.1,152.0,29.0,24.5,13.4,85,29
2026-07-27 17:46:03.771243,bangalore,1.6,2.1,5.3,159.0,33.0,22.2,15.2,91,33
2026-07-27 17:46:04.572489,kolkata,13.9,16.8,10.1,235.0,46.0,26.3,18.1,96,46
2026-07-27 17:46:05.408704,chennai,12.5,16.2,17.7,227.0,26.0,30.2,11.4,93,26
2026-07-27 19:41:14.851766,delhi,26.4,26.4,21.4,337.0,54.0,27.8,12.1,99,54
2026-07-27 19:41:15.625461,mumbai,14.3,34.7,3.5,104.0,41.0,25.9,11.5,85,41
2026-07-27 19:41:16.423624,hyderabad,4.4,8.1,7.1,152.0,29.0,24.0,12.5,84,29
2026-07-27 19:41:17.218671,bangalore,1.6,2.1,5.3,159.0,33.0,22.1,14.3,92,33
2026-07-27 19:41:17.993254,kolkata,13.9,16.8,10.1,235.0,46.0,25.7,17.8,96,46
2026-07-27 19:41:18.777200,chennai,12.5,16.2,17.7,227.0,26.0,29.7,10.1,86,26
2026-07-27 21:15:27.612203,delhi,26.4,26.4,21.4,337.0,54.0,27.2,8.6,99,54
2026-07-27 21:15:28.753964,mumbai,14.3,34.7,3.5,104.0,41.0,25.6,10.9,85,41
2026-07-27 21:15:29.961400,hyderabad,4.4,8.1,7.1,152.0,29.0,23.8,13.3,84,29
2026-07-27 21:15:31.189614,bangalore,1.6,2.1,5.3,159.0,33.0,21.3,14.6,92,33
2026-07-27 21:15:32.477228,kolkata,13.9,16.8,10.1,235.0,46.0,25.6,20.3,96,46
2026-07-27 23:07:06.247560,delhi,21.0,21.0,19.1,337.0,57.0,26.7,7.5,99,57
2026-07-27 23:07:07.195617,mumbai,13.5,31.1,3.1,104.0,39.0,26.1,12.6,85,39
2026-07-27 23:07:08.091526,hyderabad,5.4,9.5,7.4,152.0,30.0,23.9,15.6,84,30
2026-07-27 23:07:09.084538,bangalore,2.2,3.5,4.1,159.0,35.0,21.0,13.9,92,35
2026-07-27 23:07:09.989878,kolkata,14.2,18.0,10.3,235.0,47.0,25.6,19.4,96,47
2026-07-27 23:07:10.877761,chennai,15.8,22.1,18.9,227.0,35.0,28.5,10.7,86,35
2026-07-28 11:21:45.831853,delhi,33.2,33.2,22.0,430.0,62.0,33.2,0.9,98,62
2026-07-28 11:21:46.660557,mumbai,11.8,26.3,3.1,88.0,38.0,28.2,18.2,80,38
2026-07-28 11:21:47.495525,hyderabad,3.9,5.7,6.2,125.0,33.0,26.6,15.2,86,33
2026-07-28 11:21:48.313190,bangalore,1.3,1.8,4.0,110.0,40.0,28.3,23.1,93,40
2026-07-28 11:21:49.107628,kolkata,17.5,21.2,12.0,228.0,41.0,29.8,15.5,95,41
2026-07-28 11:21:49.930399,chennai,13.0,17.6,17.8,231.0,35.0,34.6,15.9,73,35
2026-07-28 14:20:02.825148,delhi,33.2,33.2,22.0,430.0,62.0,27.3,1.4,98,62
2026-07-28 14:20:03.977092,mumbai,11.8,26.3,3.1,88.0,38.0,27.9,15.0,80,38
2026-07-28 14:20:05.155229,hyderabad,3.9,5.7,6.2,125.0,33.0,24.7,18.6,86,33
2026-07-28 14:20:06.249311,bangalore,1.3,1.8,4.0,110.0,40.0,24.3,19.7,93,40
2026-07-28 14:20:07.271923,kolkata,17.5,21.2,12.0,228.0,41.0,27.3,11.7,95,41
2026-07-28 16:43:33.115554,delhi,33.2,33.2,22.0,322.0,62.0,27.0,4.8,98,62
2026-07-28 16:43:34.323926,mumbai,11.8,26.3,3.1,100.0,38.0,27.0,16.2,80,38
2026-07-28 16:43:35.532041,hyderabad,3.9,5.7,6.2,138.0,33.0,23.9,17.1,86,33
2026-07-28 16:43:36.827769,bangalore,1.3,1.8,4.0,154.0,40.0,22.7,17.9,93,40
2026-07-28 16:43:38.048240,kolkata,17.5,21.2,12.0,224.0,41.0,26.8,10.6,95,41
2026-07-28 16:43:39.282056,chennai,13.0,17.6,17.8,204.0,35.0,27.9,2.8,73,35
2026-07-28 18:17:38.558377,delhi,33.2,33.2,22.0,322.0,62.0,26.8,5.4,98,62
2026-07-28 18:17:39.336732,mumbai,11.8,26.3,3.1,100.0,38.0,26.9,15.2,80,38
2026-07-28 18:17:40.119706,hyderabad,3.9,5.7,6.2,138.0,33.0,24.0,18.4,86,33
2026-07-28 18:17:40.893174,bangalore,1.3,1.8,4.0,154.0,40.0,21.9,17.2,93,40
2026-07-28 18:17:41.675495,kolkata,17.5,21.2,12.0,224.0,41.0,26.6,11.7,95,41
2026-07-28 18:17:42.461378,chennai,13.0,17.6,17.8,204.0,35.0,27.7,4.4,73,35
2026-07-28 20:18:45.776834,delhi,33.2,33.2,22.0,322.0,62.0,27.6,3.2,97,62
2026-07-28 20:18:47.048174,mumbai,11.8,26.3,3.1,100.0,38.0,26.6,16.8,85,38
2026-07-28 20:18:48.295840,hyderabad,3.9,5.7,6.2,138.0,33.0,24.1,17.6,87,33
2026-07-28 20:18:49.538412,bangalore,1.3,1.8,4.0,154.0,40.0,21.2,15.6,91,40
2026-07-28 20:18:50.803364,kolkata,17.5,21.2,12.0,224.0,41.0,26.4,11.0,98,41
2026-07-28 20:18:52.040825,chennai,13.0,17.6,17.8,204.0,35.0,29.9,13.8,73,35
2026-07-28 22:08:33.604571,delhi,20.8,20.8,19.1,322.0,57.0,27.4,2.4,97,57
2026-07-28 22:08:34.589100,mumbai,13.8,32.6,3.0,100.0,39.0,27.0,16.8,85,39
2026-07-28 22:08:35.526480,hyderabad,5.5,8.6,6.8,138.0,34.0,23.8,16.6,87,34
2026-07-28 22:08:36.588851,bangalore,1.4,1.5,5.0,154.0,38.0,21.5,15.3,91,38
2026-07-28 22:08:37.577866,kolkata,13.9,18.0,9.6,224.0,47.0,26.0,11.5,98,47
2026-07-28 22:08:38.553225,chennai,11.1,14.0,18.0,204.0,31.0,30.4,15.8,73,31
2026-07-29 10:43:02.322244,delhi,35.4,38.1,22.7,429.0,52.0,31.6,0.6,100,59
2026-07-29 10:43:03.725491,mumbai,14.6,36.2,3.4,103.0,51.0,28.3,22.2,81,51
2026-07-29 10:43:04.983682,hyderabad,4.1,6.1,5.1,120.0,36.0,26.3,20.8,90,36
2026-07-29 10:43:06.219246,bangalore,2.8,4.0,3.6,106.0,43.0,27.2,21.2,93,43
2026-07-29 10:43:07.467621,kolkata,15.9,18.3,10.8,241.0,52.0,29.4,13.5,96,52
2026-07-29 13:02:58.738509,delhi,35.4,38.1,22.7,429.0,52.0,31.3,2.9,100,59
2026-07-29 13:02:59.663473,mumbai,14.6,36.2,3.4,103.0,51.0,28.1,21.8,81,51
2026-07-29 13:03:00.867415,hyderabad,4.1,6.1,5.1,120.0,36.0,24.2,18.8,90,36
2026-07-29 13:03:01.820367,bangalore,2.8,4.0,3.6,106.0,43.0,25.1,19.9,93,43
2026-07-29 13:03:02.924802,kolkata,15.9,18.3,10.8,241.0,52.0,27.8,9.7,96,52
2026-07-29 13:03:03.849710,chennai,16.4,21.6,17.5,236.0,25.0,30.0,9.0,84,27
2026-07-29 15:51:11.148649,delhi,35.4,38.1,22.7,448.0,52.0,29.2,5.0,100,59
2026-07-29 15:51:12.133044,mumbai,14.6,36.2,3.4,104.0,51.0,27.7,19.3,81,51
2026-07-29 15:51:13.168415,hyderabad,4.1,6.1,5.1,135.0,36.0,23.7,21.1,90,36
2026-07-29 15:51:14.242673,bangalore,2.8,4.0,3.6,125.0,43.0,23.0,16.9,93,43
2026-07-29 15:51:15.231149,kolkata,15.9,18.3,10.8,297.0,52.0,26.9,12.4,96,52
2026-07-29 15:51:16.270562,chennai,16.4,21.6,17.5,245.0,25.0,27.2,11.2,84,27
2026-07-29 17:19:10.005251,delhi,35.4,38.1,22.7,448.0,52.0,28.6,3.3,100,59
2026-07-29 17:19:10.924022,mumbai,14.6,36.2,3.4,104.0,51.0,27.2,20.0,81,51
2026-07-29 17:19:11.855638,hyderabad,4.1,6.1,5.1,135.0,36.0,23.8,19.7,90,36
2026-07-29 17:19:12.745467,bangalore,2.8,4.0,3.6,125.0,43.0,21.9,16.5,93,43
2026-07-29 17:19:13.649542,kolkata,15.9,18.3,10.8,297.0,52.0,26.8,11.0,96,52
2026-07-29 17:19:14.566207,chennai,16.4,21.6,17.5,245.0,25.0,26.8,11.4,84,27
2026-07-29 19:23:17.363626,delhi,35.4,38.1,22.7,448.0,52.0,28.7,5.9,95,59
2026-07-29 19:23:18.130206,mumbai,14.6,36.2,3.4,104.0,51.0,27.4,17.8,86,51
2026-07-29 19:23:18.916490,hyderabad,4.1,6.1,5.1,135.0,36.0,24.0,19.6,89,36
2026-07-29 19:23:19.705349,bangalore,2.8,4.0,3.6,125.0,43.0,21.6,18.2,94,43
2026-07-29 19:23:20.601331,kolkata,15.9,18.3,10.8,297.0,52.0,25.7,11.4,99,52
2026-07-29 19:23:21.430659,chennai,16.4,21.6,17.5,245.0,25.0,30.6,10.2,89,27
2026-07-29 21:00:45.244132,delhi,35.4,38.1,22.7,448.0,52.0,28.2,4.5,95,59
2026-07-29 21:00:46.461932,mumbai,14.6,36.2,3.4,104.0,51.0,27.2,17.6,86,51
2026-07-29 21:00:47.750621,hyderabad,4.1,6.1,5.1,135.0,36.0,23.6,19.7,89,36
2026-07-29 21:00:48.983455,bangalore,2.8,4.0,3.6,125.0,43.0,21.7,19.7,94,43
2026-07-29 21:00:50.294430,kolkata,15.9,18.3,10.8,297.0,52.0,26.2,12.1,99,52
2026-07-29 21:00:51.527135,chennai,16.4,21.6,17.5,245.0,25.0,31.0,15.3,89,27
2026-07-29 23:01:09.185922,delhi,32.9,33.3,24.4,448.0,46.0,27.7,4.4,95,54
2026-07-29 23:01:10.111598,mumbai,13.3,31.9,3.0,104.0,49.0,26.9,17.5,86,49
2026-07-29 23:01:11.033795,hyderabad,3.7,5.5,5.4,135.0,36.0,23.5,20.7,89,36
2026-07-29 23:01:11.943811,bangalore,5.0,7.8,3.4,125.0,43.0,21.4,20.0,94,43
2026-07-29 23:01:12.906956,kolkata,17.7,20.2,14.0,297.0,44.0,26.0,10.2,99,44
2026-07-29 23:01:13.848041,chennai,19.7,29.3,19.5,245.0,23.0,30.3,18.4,89,32
2026-07-30 11:10:51.743001,delhi,33.8,34.0,23.7,456.0,57.0,31.3,9.5,99,57
2026-07-30 11:10:52.697538,mumbai,13.4,29.8,3.6,113.0,51.0,27.0,17.5,87,51
2026-07-30 11:10:53.635713,hyderabad,5.7,8.8,6.8,150.0,39.0,25.8,18.6,87,39
2026-07-30 11:10:54.556914,bangalore,4.4,7.5,5.3,132.0,44.0,26.0,24.4,93,44
2026-07-30 11:10:55.478960,kolkata,20.4,21.9,12.1,283.0,68.0,29.8,16.0,99,68
2026-07-30 11:10:56.403791,chennai,24.6,41.2,22.3,292.0,35.0,34.7,9.9,91,41
2026-07-30 14:12:14.748641,delhi,33.8,34.0,23.7,456.0,57.0,30.4,7.9,99,57
2026-07-30 14:12:15.520973,mumbai,13.4,29.8,3.6,113.0,51.0,26.9,18.9,87,51
2026-07-30 14:12:16.289255,hyderabad,5.7,8.8,6.8,150.0,39.0,24.0,17.2,87,39
2026-07-30 14:12:17.057326,bangalore,4.4,7.5,5.3,132.0,44.0,23.8,17.6,93,44
2026-07-30 14:12:17.832149,kolkata,20.4,21.9,12.1,283.0,68.0,27.7,11.7,99,68
2026-07-30 14:12:18.614146,chennai,24.6,41.2,22.3,292.0,35.0,29.0,13.3,91,41
2026-07-30 16:38:26.282496,delhi,33.8,34.0,23.7,479.0,57.0,29.1,8.8,99,57
2026-07-30 16:38:27.062504,mumbai,13.4,29.8,3.6,116.0,51.0,26.8,18.8,87,51
2026-07-30 16:38:27.902719,hyderabad,5.7,8.8,6.8,164.0,39.0,23.4,17.6,87,39
2026-07-30 16:38:28.773036,bangalore,4.4,7.5,5.3,148.0,44.0,22.2,18.9,93,44
2026-07-30 16:38:29.564788,kolkata,20.4,21.9,12.1,277.0,68.0,27.1,11.5,99,68
2026-07-30 16:38:30.360640,chennai,24.6,41.2,22.3,192.0,35.0,29.0,11.5,91,41
2026-07-30 18:19:08.852500,delhi,33.8,34.0,23.7,479.0,57.0,28.6,7.9,99,57
2026-07-30 18:19:10.022578,mumbai,13.4,29.8,3.6,116.0,51.0,26.6,19.0,87,51
2026-07-30 18:19:11.216811,hyderabad,5.7,8.8,6.8,164.0,39.0,23.2,16.7,87,39
2026-07-30 18:19:12.370216,bangalore,4.4,7.5,5.3,148.0,44.0,21.6,18.3,93,44
2026-07-30 18:19:13.477490,kolkata,20.4,21.9,12.1,277.0,68.0,26.7,9.3,99,68
2026-07-30 18:19:14.596074,chennai,24.6,41.2,22.3,192.0,35.0,27.9,3.2,91,41
2026-07-30 20:16:36.611304,delhi,33.8,34.0,23.7,479.0,57.0,28.2,9.4,100,57
2026-07-30 20:16:37.846238,mumbai,13.4,29.8,3.6,116.0,51.0,27.3,19.4,87,51
2026-07-30 20:16:39.152931,hyderabad,5.7,8.8,6.8,164.0,39.0,23.6,18.4,88,39
2026-07-30 20:16:40.367372,bangalore,4.4,7.5,5.3,148.0,44.0,21.5,16.9,91,44
2026-07-30 20:16:41.595135,kolkata,20.4,21.9,12.1,277.0,68.0,26.7,7.9,98,68
2026-07-30 20:16:42.852323,chennai,24.6,41.2,22.3,192.0,35.0,29.3,11.3,80,41
2026-07-30 22:09:28.672125,delhi,12.8,13.0,16.8,479.0,60.0,28.2,11.3,100,60
2026-07-30 22:09:29.930070,mumbai,12.8,26.8,3.0,116.0,50.0,27.1,19.4,87,50
2026-07-30 22:09:31.161300,hyderabad,6.8,10.2,7.2,164.0,38.0,23.7,19.6,88,38
2026-07-30 22:09:32.544073,bangalore,3.0,4.6,5.3,148.0,43.0,21.5,17.6,91,43
2026-07-30 22:09:33.810412,kolkata,17.9,20.0,13.3,277.0,44.0,26.6,8.8,98,44
2026-07-31 10:43:28.333196,delhi,21.8,22.2,32.9,459.0,28.0,31.9,11.2,99,41
2026-07-31 10:43:29.247539,mumbai,12.7,27.6,3.4,104.0,46.0,27.8,24.6,86,46
2026-07-31 10:43:30.278669,hyderabad,7.1,9.9,8.3,162.0,35.0,29.7,16.4,89,35
2026-07-31 10:43:31.209323,bangalore,4.8,7.9,6.3,141.0,40.0,28.4,18.7,91,40
2026-07-31 10:43:32.129779,kolkata,16.3,17.3,11.3,262.0,64.0,30.1,9.8,99,64
2026-07-31 10:43:33.041060,chennai,18.8,28.2,18.7,267.0,38.0,33.0,17.2,89,38
2026-07-31 12:58:36.812772,delhi,21.8,22.2,32.9,459.0,28.0,30.6,6.7,99,41
2026-07-31 12:58:37.886276,mumbai,12.7,27.6,3.4,104.0,46.0,27.9,24.1,86,46
2026-07-31 12:58:38.906398,hyderabad,7.1,9.9,8.3,162.0,35.0,27.7,11.2,89,35
2026-07-31 12:58:39.978465,bangalore,4.8,7.9,6.3,141.0,40.0,22.6,9.1,91,40
2026-07-31 12:58:41.013169,kolkata,16.3,17.3,11.3,262.0,64.0,29.2,10.5,99,64
2026-07-31 12:58:41.992491,chennai,18.8,28.2,18.7,267.0,38.0,30.4,7.0,89,38
2026-07-31 15:24:46.991046,delhi,21.8,22.2,32.9,428.0,28.0,29.1,9.8,99,41
2026-07-31 15:24:48.163826,mumbai,12.7,27.6,3.4,110.0,46.0,27.7,20.2,86,46
2026-07-31 15:24:49.386500,hyderabad,7.1,9.9,8.3,190.0,35.0,25.8,12.9,89,35
2026-07-31 15:24:50.511338,bangalore,4.8,7.9,6.3,164.0,40.0,22.8,17.6,91,40
2026-07-31 15:24:51.659511,kolkata,16.3,17.3,11.3,278.0,64.0,27.8,8.8,99,64
2026-07-31 15:24:52.858896,chennai,18.8,28.2,18.7,235.0,38.0,29.8,14.1,89,38
2026-07-31 17:43:22.713881,delhi,21.8,22.2,32.9,428.0,28.0,28.5,11.6,99,41
2026-07-31 17:43:23.941874,mumbai,12.7,27.6,3.4,110.0,46.0,27.6,18.7,86,46
2026-07-31 17:43:25.224474,hyderabad,7.1,9.9,8.3,190.0,35.0,24.4,12.7,89,35
2026-07-31 17:43:26.503178,bangalore,4.8,7.9,6.3,164.0,40.0,22.1,17.1,91,40
2026-07-31 17:43:27.749341,kolkata,16.3,17.3,11.3,278.0,64.0,27.1,7.1,99,64
2026-07-31 17:43:28.978776,chennai,18.8,28.2,18.7,235.0,38.0,26.3,10.8,89,38
2026-07-31 19:40:32.363392,delhi,21.8,22.2,32.9,428.0,28.0,27.9,10.2,97,41
2026-07-31 19:40:33.608750,mumbai,12.7,27.6,3.4,110.0,46.0,27.0,20.0,83,46
2026-07-31 19:40:34.851742,hyderabad,7.1,9.9,8.3,190.0,35.0,24.1,13.0,85,35
2026-07-31 19:40:36.069796,bangalore,4.8,7.9,6.3,164.0,40.0,21.5,14.5,93,40
2026-07-31 19:40:37.348185,kolkata,16.3,17.3,11.3,278.0,64.0,27.3,7.7,98,64
2026-07-31 19:40:38.604248,chennai,18.8,28.2,18.7,235.0,38.0,28.7,14.1,81,38
2026-07-31 21:10:43.950130,delhi,21.8,22.2,32.9,428.0,28.0,26.8,9.9,97,41
2026-07-31 21:10:44.725322,mumbai,12.7,27.6,3.4,110.0,46.0,27.4,20.6,83,46
2026-07-31 21:10:45.497390,hyderabad,7.1,9.9,8.3,190.0,35.0,24.0,13.0,85,35
2026-07-31 21:10:46.269971,bangalore,4.8,7.9,6.3,164.0,40.0,21.3,15.8,93,40
2026-07-31 21:10:47.041368,kolkata,16.3,17.3,11.3,278.0,64.0,26.8,10.9,98,64
2026-07-31 21:10:47.815366,chennai,18.8,28.2,18.7,235.0,38.0,28.5,13.4,81,38
2026-07-31 23:05:45.642637,delhi,24.9,24.9,24.5,428.0,55.0,26.7,9.6,97,55
2026-07-31 23:05:46.668154,mumbai,14.0,30.7,3.2,110.0,47.0,27.3,20.1,83,47
2026-07-31 23:05:47.721100,hyderabad,7.3,10.5,8.3,190.0,37.0,23.6,10.6,85,37
2026-07-31 23:05:48.795944,bangalore,5.0,8.3,6.0,164.0,42.0,21.1,16.7,93,42
2026-07-31 23:05:49.893263,kolkata,18.6,20.0,13.8,278.0,52.0,25.7,8.2,98,52
2026-07-31 23:05:50.968672,chennai,15.6,25.2,13.9,235.0,47.0,28.1,11.1,81,47
2026-08-01 11:20:14.616633,delhi,16.8,16.8,21.8,420.0,59.0,30.8,4.9,99,59
2026-08-01 11:20:15.388936,mumbai,14.4,33.1,3.2,97.0,46.0,28.1,21.5,86,46
2026-08-01 11:20:16.162672,hyderabad,5.1,7.3,7.9,148.0,32.0,30.2,13.8,85,32
2026-08-01 11:20:16.963557,bangalore,4.0,7.6,6.0,134.0,38.0,25.0,17.7,93,38
2026-08-01 11:20:17.860332,kolkata,18.2,19.9,14.4,307.0,49.0,29.9,13.9,98,49
2026-08-01 11:20:18.658723,chennai,14.6,20.8,17.7,248.0,35.0,30.8,8.5,71,35
2026-08-01 13:37:06.774973,delhi,16.8,16.8,21.8,420.0,59.0,28.4,7.2,99,59
2026-08-01 13:37:08.085318,mumbai,14.4,33.1,3.2,97.0,46.0,27.2,21.7,86,46
2026-08-01 13:37:09.498768,hyderabad,5.1,7.3,7.9,148.0,32.0,27.9,10.6,85,32
2026-08-01 13:37:10.894147,bangalore,4.0,7.6,6.0,134.0,38.0,22.7,16.8,93,38
2026-08-01 13:37:12.152609,kolkata,18.2,19.9,14.4,307.0,49.0,28.8,11.2,98,49
2026-08-01 15:03:54.163224,delhi,16.8,16.8,21.8,813.0,59.0,28.5,8.1,99,59
2026-08-01 15:03:54.918904,mumbai,14.4,33.1,3.2,106.0,46.0,27.1,22.6,86,46
2026-08-01 15:03:55.673047,hyderabad,5.1,7.3,7.9,150.0,32.0,26.7,12.8,85,32
2026-08-01 15:03:56.431604,bangalore,4.0,7.6,6.0,152.0,38.0,22.3,15.7,93,38
2026-08-01 15:03:57.352326,kolkata,18.2,19.9,14.4,380.0,49.0,28.3,9.9,98,49
2026-08-01 15:03:58.150154,chennai,14.6,20.8,17.7,479.0,35.0,26.9,10.9,71,35
2026-08-01 17:04:22.289076,delhi,16.8,16.8,21.8,813.0,59.0,28.3,9.4,99,59
2026-08-01 17:04:23.529062,mumbai,14.4,33.1,3.2,106.0,46.0,27.7,21.6,86,46
2026-08-01 17:04:24.756200,hyderabad,5.1,7.3,7.9,150.0,32.0,25.0,10.6,85,32
2026-08-01 17:04:25.996439,bangalore,4.0,7.6,6.0,152.0,38.0,22.0,15.3,93,38
2026-08-01 17:04:27.250572,kolkata,18.2,19.9,14.4,380.0,49.0,27.8,8.8,98,49
2026-08-01 17:04:28.477082,chennai,14.6,20.8,17.7,479.0,35.0,26.2,6.6,71,35
2026-08-01 19:16:56.163415,delhi,16.8,16.8,21.8,813.0,59.0,28.2,9.6,100,59
2026-08-01 19:16:56.942685,mumbai,14.4,33.1,3.2,106.0,46.0,27.8,22.3,89,46
2026-08-01 19:16:57.706183,hyderabad,5.1,7.3,7.9,150.0,32.0,25.3,13.7,84,32
2026-08-01 19:16:58.495789,bangalore,4.0,7.6,6.0,152.0,38.0,21.4,15.5,91,38
2026-08-01 19:16:59.272868,kolkata,18.2,19.9,14.4,380.0,49.0,27.9,8.3,99,49
2026-08-01 19:17:00.049284,chennai,14.6,20.8,17.7,479.0,35.0,25.9,11.8,91,35
2026-08-01 20:58:47.625080,delhi,16.8,16.8,21.8,813.0,59.0,27.5,12.1,100,59
2026-08-01 20:58:48.397597,mumbai,14.4,33.1,3.2,106.0,46.0,27.4,22.4,89,46
2026-08-01 20:58:49.187415,hyderabad,5.1,7.3,7.9,150.0,32.0,24.9,14.6,84,32
2026-08-01 20:58:49.957671,bangalore,4.0,7.6,6.0,152.0,38.0,21.2,14.2,91,38
2026-08-01 20:58:50.734078,kolkata,18.2,19.9,14.4,380.0,49.0,27.6,7.4,99,49
2026-08-01 20:58:51.527644,chennai,14.6,20.8,17.7,479.0,35.0,25.9,11.5,91,35
2026-08-01 22:03:37.176770,delhi,16.8,16.8,21.8,813.0,59.0,26.6,6.6,100,59
2026-08-01 22:03:38.574275,mumbai,14.4,33.1,3.2,106.0,46.0,27.4,17.5,89,46
2026-08-01 22:03:39.815526,hyderabad,5.1,7.3,7.9,150.0,32.0,24.4,13.8,84,32
2026-08-01 22:03:41.064281,bangalore,4.0,7.6,6.0,152.0,38.0,21.0,15.0,91,38
2026-08-01 22:03:42.292126,kolkata,18.2,19.9,14.4,380.0,49.0,27.4,7.4,99,49
2026-08-01 22:03:43.532688,chennai,14.6,20.8,17.7,479.0,35.0,26.0,11.4,91,35
2026-08-02 11:19:20.825652,delhi,19.8,19.9,24.2,382.0,47.0,32.4,7.8,96,47
2026-08-02 11:19:21.630357,mumbai,13.2,28.0,3.1,98.0,45.0,27.9,18.4,84,45
2026-08-02 11:19:22.444926,hyderabad,6.8,9.7,6.9,142.0,38.0,29.4,11.4,87,38
2026-08-02 11:19:23.244720,bangalore,3.5,6.2,4.5,120.0,42.0,27.8,17.3,92,42
2026-08-02 11:19:24.033219,kolkata,17.8,18.6,12.3,305.0,66.0,29.6,5.8,99,66
2026-08-02 11:19:24.827079,chennai,12.4,16.2,16.6,227.0,33.0,28.8,6.9,77,33
2026-08-02 13:37:36.081572,delhi,19.8,19.9,24.2,382.0,47.0,30.1,6.5,96,47
2026-08-02 13:37:36.972551,mumbai,13.2,28.0,3.1,98.0,45.0,27.6,17.3,84,45
2026-08-02 13:37:37.860270,hyderabad,6.8,9.7,6.9,142.0,38.0,27.8,9.6,87,38
2026-08-02 13:37:38.741923,bangalore,3.5,6.2,4.5,120.0,42.0,25.2,11.6,92,42
2026-08-02 13:37:39.623321,kolkata,17.8,18.6,12.3,305.0,66.0,28.3,7.2,99,66
2026-08-02 13:37:40.491896,chennai,12.4,16.2,16.6,227.0,33.0,29.6,6.6,77,33
2026-08-02 15:05:49.496429,delhi,19.8,19.9,24.2,688.0,47.0,29.3,7.1,96,47
2026-08-02 15:05:50.726160,mumbai,13.2,28.0,3.1,108.0,45.0,27.2,15.9,84,45
2026-08-02 15:05:51.932651,hyderabad,6.8,9.7,6.9,150.0,38.0,24.0,13.3,87,38
2026-08-02 15:05:53.171372,bangalore,3.5,6.2,4.5,147.0,42.0,23.3,12.3,92,42
2026-08-02 15:05:54.405250,kolkata,17.8,18.6,12.3,324.0,66.0,28.0,6.6,99,66
2026-08-02 15:05:55.636712,chennai,12.4,16.2,16.6,236.0,33.0,29.1,7.2,77,33
2026-08-02 17:04:55.722783,delhi,19.8,19.9,24.2,688.0,47.0,28.6,7.6,96,47
2026-08-02 17:04:57.015523,mumbai,13.2,28.0,3.1,108.0,45.0,27.2,14.6,84,45
2026-08-02 17:04:58.310406,hyderabad,6.8,9.7,6.9,150.0,38.0,24.2,9.5,87,38
2026-08-02 17:04:59.574407,bangalore,3.5,6.2,4.5,147.0,42.0,22.5,13.3,92,42
2026-08-02 17:05:00.877572,kolkata,17.8,18.6,12.3,324.0,66.0,27.9,8.0,99,66
2026-08-02 19:16:42.373130,delhi,19.8,19.9,24.2,688.0,47.0,27.9,7.4,96,47
2026-08-02 19:16:43.575470,mumbai,13.2,28.0,3.1,108.0,45.0,25.4,14.1,85,45
2026-08-02 19:16:44.955179,hyderabad,6.8,9.7,6.9,150.0,38.0,24.4,11.5,86,38
2026-08-02 19:16:46.101965,bangalore,3.5,6.2,4.5,147.0,42.0,21.5,12.0,94,42
2026-08-02 19:16:47.252486,kolkata,17.8,18.6,12.3,324.0,66.0,27.8,6.8,98,66
2026-08-02 19:16:48.451781,chennai,12.4,16.2,16.6,236.0,33.0,27.1,6.7,80,33
2026-08-02 21:00:26.038192,delhi,19.8,19.9,24.2,688.0,47.0,27.8,9.1,96,47
2026-08-02 21:00:27.214322,mumbai,13.2,28.0,3.1,108.0,45.0,25.6,8.5,85,45
2026-08-02 21:00:28.446173,hyderabad,6.8,9.7,6.9,150.0,38.0,24.0,11.7,86,38
2026-08-02 21:00:29.584389,bangalore,3.5,6.2,4.5,147.0,42.0,21.0,12.6,94,42
2026-08-02 21:00:30.804239,kolkata,17.8,18.6,12.3,324.0,66.0,27.7,5.2,98,66
2026-08-02 21:00:31.980595,chennai,12.4,16.2,16.6,236.0,33.0,26.4,9.5,80,33
2026-08-03 12:29:19.500208,delhi,30.0,30.4,23.4,452.0,54.0,30.0,2.2,96,54
2026-08-03 12:29:20.456958,mumbai,13.1,28.9,3.1,94.0,41.0,27.9,15.7,85,41
2026-08-03 12:29:21.510337,hyderabad,5.8,7.7,7.5,148.0,32.0,27.7,12.3,84,32
2026-08-03 12:29:22.536776,bangalore,2.0,2.8,4.7,117.0,33.0,23.8,11.7,93,33
2026-08-03 12:29:23.528223,kolkata,11.4,12.5,10.1,258.0,61.0,29.6,7.5,100,61
2026-08-03 12:29:24.562971,chennai,12.1,19.6,15.4,212.0,30.0,29.7,11.3,81,30
2026-08-03 15:46:18.955658,delhi,30.0,30.4,23.4,500.0,54.0,28.4,6.2,96,54
2026-08-03 15:46:20.231174,mumbai,13.1,28.9,3.1,103.0,41.0,27.5,13.9,85,41
2026-08-03 15:46:21.490524,hyderabad,5.8,7.7,7.5,120.0,32.0,24.6,10.1,84,32
2026-08-03 15:46:22.734447,bangalore,2.0,2.8,4.7,143.0,33.0,21.0,12.5,93,33
2026-08-03 15:46:23.962319,kolkata,11.4,12.5,10.1,264.0,61.0,28.6,7.9,100,61
2026-08-03 17:55:30.264738,delhi,30.0,30.4,23.4,500.0,54.0,27.4,6.7,96,54
2026-08-03 17:55:31.211073,mumbai,13.1,28.9,3.1,103.0,41.0,27.0,13.1,85,41
2026-08-03 17:55:32.146578,hyderabad,5.8,7.7,7.5,120.0,32.0,24.2,8.9,84,32
2026-08-03 17:55:33.100310,bangalore,2.0,2.8,4.7,143.0,33.0,20.7,12.2,93,33
2026-08-03 17:55:34.014519,kolkata,11.4,12.5,10.1,264.0,61.0,28.2,7.5,100,61
2026-08-03 17:55:34.931486,chennai,12.1,19.6,15.4,251.0,30.0,25.3,14.9,81,30
2026-08-03 19:43:16.739399,delhi,30.0,30.4,23.4,500.0,54.0,26.3,9.0,95,54
2026-08-03 19:43:17.983339,mumbai,13.1,28.9,3.1,103.0,41.0,26.8,11.6,84,41
2026-08-03 19:43:19.243181,hyderabad,5.8,7.7,7.5,120.0,32.0,24.0,11.6,84,32
2026-08-03 19:43:20.538737,bangalore,2.0,2.8,4.7,143.0,33.0,20.9,12.2,95,33
2026-08-03 19:43:21.779059,kolkata,11.4,12.5,10.1,264.0,61.0,28.4,5.3,100,61
2026-08-03 21:08:18.885347,delhi,30.0,30.4,23.4,500.0,54.0,25.4,9.6,95,54
2026-08-03 21:08:19.662281,mumbai,13.1,28.9,3.1,103.0,41.0,26.7,10.4,84,41
2026-08-03 21:08:20.431966,hyderabad,5.8,7.7,7.5,120.0,32.0,24.0,11.8,84,32
2026-08-03 21:08:21.208664,bangalore,2.0,2.8,4.7,143.0,33.0,20.5,12.2,95,33
2026-08-03 21:08:21.990602,kolkata,11.4,12.5,10.1,264.0,61.0,28.2,4.8,100,61
2026-08-03 21:08:22.763572,chennai,12.1,19.6,15.4,251.0,30.0,26.3,7.2,81,30
2026-08-03 23:06:18.371276,delhi,29.4,30.3,21.9,500.0,58.0,25.6,9.4,95,58
2026-08-03 23:06:19.542156,mumbai,12.1,26.5,2.9,103.0,40.0,26.3,10.0,84,40
2026-08-03 23:06:20.696198,hyderabad,6.6,8.9,7.4,120.0,32.0,23.8,12.4,84,32
2026-08-03 23:06:21.866268,bangalore,1.8,2.4,4.2,143.0,35.0,20.3,12.1,95,35
2026-08-03 23:06:23.039812,kolkata,10.9,12.5,9.6,264.0,55.0,27.1,11.9,100,55
2026-08-03 23:06:24.220268,chennai,13.4,26.9,14.9,251.0,24.0,26.6,11.0,81,26
2026-08-04 11:27:59.322683,delhi,13.2,13.2,14.0,393.0,75.0,29.2,4.6,98,75
2026-08-04 11:28:00.102579,mumbai,12.7,28.9,3.1,95.0,47.0,27.8,15.0,88,47
2026-08-04 11:28:00.877128,hyderabad,5.7,8.1,7.3,141.0,33.0,29.6,12.4,86,33
2026-08-04 11:28:01.631296,bangalore,2.6,4.2,4.4,121.0,41.0,23.3,10.9,96,41
2026-08-04 11:28:02.413722,kolkata,14.1,15.5,12.9,239.0,29.0,29.3,7.6,96,29
2026-08-04 11:28:03.174748,chennai,15.0,17.9,21.2,274.0,23.0,32.2,10.3,86,26
2026-08-04 14:26:00.484955,delhi,13.2,13.2,14.0,393.0,75.0,28.7,1.0,98,75
2026-08-04 14:26:01.731189,mumbai,12.7,28.9,3.1,95.0,47.0,27.0,11.2,88,47
2026-08-04 14:26:02.970976,hyderabad,5.7,8.1,7.3,141.0,33.0,25.6,6.6,86,33
2026-08-04 14:26:04.217931,bangalore,2.6,4.2,4.4,121.0,41.0,20.7,15.3,96,41
2026-08-04 14:26:05.432028,kolkata,14.1,15.5,12.9,239.0,29.0,28.7,4.8,96,29
2026-08-04 14:26:06.661176,chennai,15.0,17.9,21.2,274.0,23.0,29.4,8.3,86,26
2026-08-04 16:55:38.089446,delhi,13.2,13.2,14.0,289.0,75.0,28.3,2.7,98,75
2026-08-04 16:55:38.896734,mumbai,12.7,28.9,3.1,106.0,47.0,27.0,11.0,88,47
2026-08-04 16:55:39.654645,hyderabad,5.7,8.1,7.3,137.0,33.0,24.6,6.2,86,33
2026-08-04 16:55:40.422607,bangalore,2.6,4.2,4.4,136.0,41.0,20.6,12.8,96,41
2026-08-04 16:55:41.188516,kolkata,14.1,15.5,12.9,256.0,29.0,28.1,8.9,96,29
2026-08-04 16:55:41.973056,chennai,15.0,17.9,21.2,234.0,23.0,27.2,18.8,86,26
2026-08-04 18:40:59.607278,delhi,13.2,13.2,14.0,289.0,75.0,27.6,1.8,98,75
2026-08-04 18:41:00.392271,mumbai,12.7,28.9,3.1,106.0,47.0,26.2,10.6,88,47
2026-08-04 18:41:01.169734,hyderabad,5.7,8.1,7.3,137.0,33.0,23.6,10.1,86,33
2026-08-04 18:41:01.944924,bangalore,2.6,4.2,4.4,136.0,41.0,20.5,13.9,96,41
2026-08-04 18:41:02.714693,kolkata,14.1,15.5,12.9,256.0,29.0,27.6,8.6,96,29
2026-08-04 18:41:03.489703,chennai,15.0,17.9,21.2,234.0,23.0,25.3,17.6,86,26
2026-08-04 20:36:03.459649,delhi,13.2,13.2,14.0,289.0,75.0,26.5,0.6,100,75
2026-08-04 20:36:04.694127,mumbai,12.7,28.9,3.1,106.0,47.0,25.8,10.1,84,47
2026-08-04 20:36:06.085900,hyderabad,5.7,8.1,7.3,137.0,33.0,23.9,8.4,90,33
2026-08-04 20:36:07.466939,bangalore,2.6,4.2,4.4,136.0,41.0,20.2,14.7,98,41
2026-08-04 20:36:08.867482,kolkata,14.1,15.5,12.9,256.0,29.0,28.1,7.8,98,29
2026-08-04 22:16:32.045757,delhi,13.7,14.0,14.9,289.0,67.0,26.3,4.1,100,67
2026-08-04 22:16:33.506574,mumbai,13.3,29.9,3.0,106.0,46.0,25.7,9.3,84,46
2026-08-04 22:16:34.961715,hyderabad,6.1,8.2,8.0,137.0,32.0,23.7,10.8,90,32
2026-08-04 22:16:36.214720,bangalore,2.4,4.0,4.3,136.0,40.0,20.1,13.4,98,40
2026-08-04 22:16:37.469739,kolkata,11.7,12.7,13.0,256.0,24.0,27.9,7.6,98,24
2026-08-05 10:40:42.526640,delhi,28.9,33.8,20.7,340.0,52.0,33.4,5.2,99,52
2026-08-05 10:40:43.573020,mumbai,13.0,31.4,3.5,100.0,43.0,28.2,15.7,85,43
2026-08-05 10:40:44.628065,hyderabad,6.4,8.3,7.4,152.0,35.0,26.7,12.9,85,35
2026-08-05 10:40:45.612739,bangalore,2.3,3.3,5.1,120.0,33.0,24.7,13.1,97,33
2026-08-05 10:40:46.657498,kolkata,18.5,19.5,17.4,274.0,23.0,27.9,11.5,98,30
2026-08-05 10:40:47.638452,chennai,18.0,24.7,17.0,247.0,30.0,33.3,12.5,86,30
2026-08-05 12:57:20.872914,delhi,28.9,33.8,20.7,340.0,52.0,31.9,3.4,99,52
2026-08-05 12:57:22.129119,mumbai,13.0,31.4,3.5,100.0,43.0,27.4,14.2,85,43
2026-08-05 12:57:23.397114,hyderabad,6.4,8.3,7.4,152.0,35.0,26.7,9.4,85,35
2026-08-05 12:57:24.667681,bangalore,2.3,3.3,5.1,120.0,33.0,23.7,15.3,97,33
2026-08-05 12:57:25.895217,kolkata,18.5,19.5,17.4,274.0,23.0,28.4,2.4,98,30
2026-08-05 12:57:27.133997,chennai,18.0,24.7,17.0,247.0,30.0,31.9,4.1,86,30
2026-08-05 15:21:27.503972,delhi,28.9,33.8,20.7,332.0,52.0,28.8,7.4,99,52
2026-08-05 15:21:28.645126,mumbai,13.0,31.4,3.5,102.0,43.0,27.1,12.7,85,43
2026-08-05 15:21:29.951356,hyderabad,6.4,8.3,7.4,138.0,35.0,25.8,10.3,85,35
2026-08-05 15:21:31.097604,bangalore,2.3,3.3,5.1,144.0,33.0,22.1,14.9,97,33
2026-08-05 15:21:32.251084,kolkata,18.5,19.5,17.4,380.0,23.0,28.2,0.5,98,30
2026-08-05 15:21:33.370435,chennai,18.0,24.7,17.0,239.0,30.0,27.3,8.6,86,30
2026-08-05 17:44:22.633748,delhi,28.9,33.8,20.7,332.0,52.0,27.7,5.4,99,52
2026-08-05 17:44:23.426482,mumbai,13.0,31.4,3.5,102.0,43.0,26.8,12.3,85,43
2026-08-05 17:44:24.222528,hyderabad,6.4,8.3,7.4,138.0,35.0,24.5,11.8,85,35
2026-08-05 17:44:25.020009,bangalore,2.3,3.3,5.1,144.0,33.0,21.0,13.7,97,33
2026-08-05 17:44:25.818149,kolkata,18.5,19.5,17.4,380.0,23.0,26.8,2.3,98,30
2026-08-05 17:44:26.612480,chennai,18.0,24.7,17.0,239.0,30.0,27.2,7.7,86,30
2026-08-05 19:41:30.017997,delhi,28.9,33.8,20.7,332.0,52.0,27.3,6.4,98,52
2026-08-05 19:41:31.251912,mumbai,13.0,31.4,3.5,102.0,43.0,26.2,10.9,86,43
2026-08-05 19:41:32.450195,hyderabad,6.4,8.3,7.4,138.0,35.0,24.3,11.1,90,35
2026-08-05 19:41:33.637554,bangalore,2.3,3.3,5.1,144.0,33.0,20.3,12.8,95,33
2026-08-05 19:41:34.805842,kolkata,18.5,19.5,17.4,380.0,23.0,26.5,4.1,99,30
2026-08-05 19:41:35.985961,chennai,18.0,24.7,17.0,239.0,30.0,26.0,7.1,88,30
2026-08-05 21:15:51.107912,delhi,28.9,33.8,20.7,332.0,52.0,26.7,3.1,98,52
2026-08-05 21:15:52.403413,mumbai,13.0,31.4,3.5,102.0,43.0,26.5,12.1,86,43
2026-08-05 21:15:53.738450,hyderabad,6.4,8.3,7.4,138.0,35.0,24.0,11.9,90,35
2026-08-05 21:15:55.008613,bangalore,2.3,3.3,5.1,144.0,33.0,19.9,13.4,95,33
2026-08-05 21:15:56.501181,kolkata,18.5,19.5,17.4,380.0,23.0,26.2,4.2,99,30
2026-08-05 23:04:20.552194,delhi,34.7,35.4,29.0,332.0,39.0,25.8,1.3,98,57
2026-08-05 23:04:21.461546,mumbai,12.8,29.4,3.2,102.0,42.0,26.3,12.6,86,42
2026-08-05 23:04:22.548909,hyderabad,6.8,8.6,8.2,138.0,34.0,23.9,12.5,90,34
2026-08-05 23:04:23.457925,bangalore,3.3,4.7,5.7,144.0,32.0,19.8,15.0,95,32
2026-08-05 23:04:24.345132,kolkata,30.3,31.3,25.0,380.0,7.0,25.6,3.3,99,50
2026-08-05 23:04:25.369662,chennai,14.6,20.8,14.8,239.0,35.0,26.2,9.8,88,35
2026-08-06 11:26:48.445454,delhi,21.2,21.2,23.9,407.0,56.0,27.6,6.9,97,56
2026-08-06 11:26:49.682930,mumbai,12.1,26.5,4.1,100.0,42.0,28.4,18.9,86,42
2026-08-06 11:26:50.915012,hyderabad,8.6,10.7,10.3,185.0,35.0,26.9,8.7,92,35
2026-08-06 11:26:52.188470,bangalore,4.0,5.8,7.9,142.0,30.0,23.6,11.8,93,30
2026-08-06 11:26:53.459377,kolkata,30.3,32.6,25.0,385.0,15.0,29.0,3.0,96,50
2026-08-06 11:26:54.712295,chennai,11.8,14.8,16.4,239.0,40.0,29.8,13.4,80,40
2026-08-06 14:22:35.484680,delhi,21.2,21.2,23.9,407.0,56.0,26.6,5.0,97,56
2026-08-06 14:22:36.254929,mumbai,12.1,26.5,4.1,100.0,42.0,27.5,16.7,86,42
2026-08-06 14:22:37.029281,hyderabad,8.6,10.7,10.3,185.0,35.0,25.8,13.8,92,35
2026-08-06 14:22:37.803025,bangalore,4.0,5.8,7.9,142.0,30.0,22.0,17.9,93,30
2026-08-06 14:22:38.582520,kolkata,30.3,32.6,25.0,385.0,15.0,27.6,4.9,96,50
2026-08-06 14:22:39.358842,chennai,11.8,14.8,16.4,239.0,40.0,27.3,17.6,80,40
2026-08-07 10:56:35.827482,delhi,43.8,44.4,49.2,736.0,21.0,27.2,9.0,100,73
2026-08-07 10:56:37.038965,mumbai,11.5,24.2,3.9,94.0,44.0,28.5,19.3,81,44
2026-08-07 10:56:38.266124,hyderabad,7.3,9.6,8.7,160.0,34.0,29.4,12.9,85,34
2026-08-07 10:56:39.512564,bangalore,3.7,5.8,6.7,133.0,35.0,21.6,13.5,99,35
2026-08-07 10:56:40.719414,kolkata,31.5,32.9,22.6,424.0,31.0,28.9,8.6,97,52
2026-08-07 10:56:41.940335,chennai,14.8,19.4,17.1,264.0,49.0,28.2,6.8,88,49
2026-08-07 11:50:30.586102,delhi,43.8,44.4,49.2,736.0,21.0,26.8,9.2,100,73
2026-08-07 11:50:31.836477,mumbai,11.5,24.2,3.9,94.0,44.0,27.9,18.0,81,44
2026-08-07 11:50:33.059268,hyderabad,7.3,9.6,8.7,160.0,34.0,29.1,9.6,85,34
2026-08-07 11:50:34.295171,bangalore,3.7,5.8,6.7,133.0,35.0,21.8,13.5,99,35
2026-08-07 11:50:35.534447,kolkata,31.5,32.9,22.6,424.0,31.0,27.7,9.3,97,52
2026-08-07 11:50:36.760396,chennai,14.8,19.4,17.1,264.0,49.0,29.0,9.2,88,49
2026-08-07 13:13:18.149373,delhi,43.8,44.4,49.2,736.0,21.0,26.4,12.9,100,73
2026-08-07 13:13:19.410056,mumbai,11.5,24.2,3.9,94.0,44.0,27.8,15.8,81,44
2026-08-07 13:13:20.651905,hyderabad,7.3,9.6,8.7,160.0,34.0,27.0,6.8,85,34
2026-08-07 13:13:21.916710,bangalore,3.7,5.8,6.7,133.0,35.0,20.7,16.2,99,35
2026-08-07 13:13:23.156062,kolkata,31.5,32.9,22.6,424.0,31.0,27.6,7.1,97,52
2026-08-07 13:13:24.365687,chennai,14.8,19.4,17.1,264.0,49.0,27.5,6.4,88,49
2026-08-07 14:56:23.011399,delhi,43.8,44.4,49.2,736.0,21.0,26.2,9.7,100,73
2026-08-07 14:56:23.792106,mumbai,11.5,24.2,3.9,94.0,44.0,27.1,14.2,81,44
2026-08-07 14:56:24.563230,hyderabad,7.3,9.6,8.7,160.0,34.0,26.1,7.1,85,34
2026-08-07 14:56:25.337165,bangalore,3.7,5.8,6.7,133.0,35.0,20.7,13.4,99,35
2026-08-07 14:56:26.109949,kolkata,31.5,32.9,22.6,424.0,31.0,27.1,7.0,97,52
2026-08-07 14:56:26.891031,chennai,14.8,19.4,17.1,264.0,49.0,27.3,10.3,88,49
2026-08-07 16:00:53.957802,delhi,43.8,44.4,49.2,676.0,21.0,25.2,7.9,100,73
2026-08-07 16:00:55.122388,mumbai,11.5,24.2,3.9,109.0,44.0,27.0,14.6,81,44
2026-08-07 16:00:56.346017,hyderabad,7.3,9.6,8.7,152.0,34.0,25.5,10.5,85,34
2026-08-07 16:00:57.589957,bangalore,3.7,5.8,6.7,164.0,35.0,20.7,13.1,99,35
2026-08-07 16:00:58.785842,kolkata,31.5,32.9,22.6,458.0,31.0,26.8,6.3,97,52
2026-08-07 16:00:59.968835,chennai,14.8,19.4,17.1,290.0,49.0,26.9,12.2,88,49
2026-08-07 17:50:56.603463,delhi,43.8,44.4,49.2,676.0,21.0,25.4,7.0,100,73
2026-08-07 17:50:57.843684,mumbai,11.5,24.2,3.9,109.0,44.0,27.1,13.7,81,44
2026-08-07 17:50:59.132092,hyderabad,7.3,9.6,8.7,152.0,34.0,24.0,8.3,85,34
2026-08-07 17:51:00.378667,bangalore,3.7,5.8,6.7,164.0,35.0,20.7,14.7,99,35
2026-08-07 17:51:01.647926,kolkata,31.5,32.9,22.6,458.0,31.0,26.8,6.0,97,52
2026-08-07 17:51:02.909887,chennai,14.8,19.4,17.1,290.0,49.0,27.0,13.1,88,49
2026-08-07 19:02:47.037254,delhi,43.8,44.4,49.2,676.0,21.0,24.9,7.3,92,73
2026-08-07 19:02:47.833151,mumbai,11.5,24.2,3.9,109.0,44.0,27.2,15.6,83,44
2026-08-07 19:02:48.625564,hyderabad,7.3,9.6,8.7,152.0,34.0,24.3,12.3,84,34
2026-08-07 19:02:49.495871,bangalore,3.7,5.8,6.7,164.0,35.0,20.6,14.0,100,35
2026-08-07 19:02:50.285081,kolkata,31.5,32.9,22.6,458.0,31.0,25.6,10.1,97,52
2026-08-07 19:02:51.064278,chennai,14.8,19.4,17.1,290.0,49.0,27.3,14.4,92,49
2026-08-07 20:46:09.801289,delhi,43.8,44.4,49.2,676.0,21.0,25.4,5.2,92,73
2026-08-07 20:46:11.034409,mumbai,11.5,24.2,3.9,109.0,44.0,27.0,16.4,83,44
2026-08-07 20:46:12.226466,hyderabad,7.3,9.6,8.7,152.0,34.0,23.3,13.5,84,34
2026-08-07 20:46:13.422116,bangalore,3.7,5.8,6.7,164.0,35.0,20.4,14.6,100,35
2026-08-07 20:46:14.617908,kolkata,31.5,32.9,22.6,458.0,31.0,25.0,8.8,97,52
2026-08-07 20:46:15.831022,chennai,14.8,19.4,17.1,290.0,49.0,27.1,14.9,92,49
2026-08-07 21:42:37.984375,delhi,43.8,44.4,49.2,676.0,21.0,25.6,7.8,92,73
2026-08-07 21:42:38.944616,mumbai,11.5,24.2,3.9,109.0,44.0,26.9,16.1,83,44
2026-08-07 21:42:39.916070,hyderabad,7.3,9.6,8.7,152.0,34.0,22.9,14.3,84,34
2026-08-07 21:42:40.900188,bangalore,3.7,5.8,6.7,164.0,35.0,20.3,14.2,100,35
2026-08-07 21:42:41.862540,kolkata,31.5,32.9,22.6,458.0,31.0,25.2,8.9,97,52
2026-08-07 21:42:42.791017,chennai,14.8,19.4,17.1,290.0,49.0,27.1,14.7,92,49
2026-08-07 22:40:49.095191,delhi,58.1,60.3,53.2,676.0,15.0,25.9,10.5,92,96
2026-08-07 22:40:50.338247,mumbai,12.3,26.6,2.9,109.0,47.0,26.7,16.3,83,47
2026-08-07 22:40:51.544467,hyderabad,5.9,8.3,7.8,152.0,34.0,22.5,13.1,84,34
2026-08-07 22:40:52.765900,bangalore,4.1,6.7,6.3,164.0,35.0,20.3,14.1,100,35
2026-08-07 22:40:53.968289,kolkata,23.8,24.9,21.2,458.0,33.0,25.3,9.8,97,39
2026-08-07 22:40:55.210891,chennai,14.7,17.9,18.1,290.0,44.0,27.1,13.9,92,44
2026-08-07 23:37:04.922824,delhi,58.1,60.3,53.2,676.0,15.0,25.8,11.0,92,96
2026-08-07 23:37:05.681882,mumbai,12.3,26.6,2.9,109.0,47.0,26.5,16.2,83,47
2026-08-07 23:37:06.439647,hyderabad,5.9,8.3,7.8,152.0,34.0,22.5,10.5,84,34
2026-08-07 23:37:07.214152,bangalore,4.1,6.7,6.3,164.0,35.0,20.4,14.2,100,35
2026-08-07 23:37:07.969875,kolkata,23.8,24.9,21.2,458.0,33.0,25.3,10.9,97,39
2026-08-07 23:37:08.723511,chennai,14.7,17.9,18.1,290.0,44.0,27.0,12.5,92,44
2026-08-08 10:37:30.964519,delhi,79.2,79.2,44.0,920.0,41.0,31.0,7.6,100,164
2026-08-08 10:37:32.154353,mumbai,10.6,22.1,4.1,96.0,40.0,28.7,18.0,86,40
2026-08-08 10:37:33.486055,hyderabad,6.5,8.5,8.4,154.0,33.0,29.2,13.7,86,33
2026-08-08 10:37:34.666453,bangalore,4.7,6.6,8.2,154.0,34.0,24.5,15.3,93,34
2026-08-08 10:37:35.957006,kolkata,28.5,28.7,17.1,385.0,52.0,31.1,12.4,99,52
2026-08-08 11:32:24.070942,delhi,79.2,79.2,44.0,920.0,41.0,29.3,4.5,100,164
2026-08-08 11:32:24.835239,mumbai,10.6,22.1,4.1,96.0,40.0,28.3,17.1,86,40
2026-08-08 11:32:25.603692,hyderabad,6.5,8.5,8.4,154.0,33.0,28.3,10.8,86,33
2026-08-08 11:32:26.375880,bangalore,4.7,6.6,8.2,154.0,34.0,24.5,14.4,93,34
2026-08-08 11:32:27.149983,kolkata,28.5,28.7,17.1,385.0,52.0,30.3,12.1,99,52
2026-08-08 11:32:27.932038,chennai,21.8,28.8,20.4,299.0,45.0,28.5,5.3,77,45
2026-08-08 12:56:16.043396,delhi,79.2,79.2,44.0,920.0,41.0,28.2,6.6,100,164
2026-08-08 12:56:16.840302,mumbai,10.6,22.1,4.1,96.0,40.0,27.7,14.1,86,40
2026-08-08 12:56:17.621599,hyderabad,6.5,8.5,8.4,154.0,33.0,27.0,6.0,86,33
2026-08-08 12:56:18.418592,bangalore,4.7,6.6,8.2,154.0,34.0,23.1,11.9,93,34
2026-08-08 12:56:19.215252,kolkata,28.5,28.7,17.1,385.0,52.0,29.3,9.4,99,52
2026-08-08 12:56:20.006755,chennai,21.8,28.8,20.4,299.0,45.0,28.5,9.1,77,45
2026-08-08 13:50:16.364449,delhi,79.2,79.2,44.0,920.0,41.0,28.0,3.0,100,164
2026-08-08 13:50:17.274633,mumbai,10.6,22.1,4.1,96.0,40.0,27.6,12.8,86,40
2026-08-08 13:50:18.169976,hyderabad,6.5,8.5,8.4,154.0,33.0,26.3,5.7,86,33
2026-08-08 13:50:19.041639,bangalore,4.7,6.6,8.2,154.0,34.0,22.5,12.0,93,34
2026-08-08 13:50:19.934289,kolkata,28.5,28.7,17.1,385.0,52.0,28.7,10.0,99,52
2026-08-08 13:50:20.811252,chennai,21.8,28.8,20.4,299.0,45.0,27.9,9.3,77,45
2026-08-08 14:35:17.708392,delhi,79.2,79.2,44.0,920.0,41.0,27.8,3.1,100,164
2026-08-08 14:35:19.021790,mumbai,10.6,22.1,4.1,96.0,40.0,27.4,11.9,86,40
2026-08-08 14:35:20.354324,hyderabad,6.5,8.5,8.4,154.0,33.0,26.1,1.7,86,33
2026-08-08 14:35:21.760757,bangalore,4.7,6.6,8.2,154.0,34.0,21.9,12.4,93,34
2026-08-08 14:35:23.213270,kolkata,28.5,28.7,17.1,385.0,52.0,28.3,8.7,99,52
2026-08-08 15:33:46.746339,delhi,79.2,79.2,44.0,537.0,41.0,27.7,4.2,100,164
2026-08-08 15:33:47.648347,mumbai,10.6,22.1,4.1,110.0,40.0,27.2,11.7,86,40
2026-08-08 15:33:48.561297,hyderabad,6.5,8.5,8.4,163.0,33.0,25.1,4.5,86,33
2026-08-08 15:33:49.455202,bangalore,4.7,6.6,8.2,167.0,34.0,21.6,13.2,93,34
2026-08-08 15:33:50.390230,kolkata,28.5,28.7,17.1,345.0,52.0,27.9,7.6,99,52
2026-08-08 15:33:51.295776,chennai,21.8,28.8,20.4,235.0,45.0,27.5,15.0,77,45
2026-08-08 16:38:13.538956,delhi,79.2,79.2,44.0,537.0,41.0,27.6,4.9,100,164
2026-08-08 16:38:14.520670,mumbai,10.6,22.1,4.1,110.0,40.0,27.1,12.6,86,40
2026-08-08 16:38:15.470347,hyderabad,6.5,8.5,8.4,163.0,33.0,23.5,11.7,86,33
2026-08-08 16:38:16.469453,bangalore,4.7,6.6,8.2,167.0,34.0,21.4,14.1,93,34
2026-08-08 16:38:17.425174,kolkata,28.5,28.7,17.1,345.0,52.0,27.6,6.9,99,52
2026-08-08 16:38:18.396221,chennai,21.8,28.8,20.4,235.0,45.0,26.5,17.3,77,45
2026-08-08 17:34:32.517079,delhi,79.2,79.2,44.0,537.0,41.0,27.5,5.6,100,164
2026-08-08 17:34:33.450113,mumbai,10.6,22.1,4.1,110.0,40.0,27.1,12.9,86,40
2026-08-08 17:34:34.426140,hyderabad,6.5,8.5,8.4,163.0,33.0,22.9,13.2,86,33
2026-08-08 17:34:35.409687,bangalore,4.7,6.6,8.2,167.0,34.0,20.9,15.2,93,34
2026-08-08 17:34:36.326909,kolkata,28.5,28.7,17.1,345.0,52.0,27.3,6.4,99,52
2026-08-08 17:34:37.327208,chennai,21.8,28.8,20.4,235.0,45.0,25.8,11.3,77,45
2026-08-08 18:42:59.975601,delhi,79.2,79.2,44.0,537.0,41.0,27.5,5.8,100,164
2026-08-08 18:43:00.915686,mumbai,10.6,22.1,4.1,110.0,40.0,26.9,12.7,86,40
2026-08-08 18:43:01.897709,hyderabad,6.5,8.5,8.4,163.0,33.0,23.2,12.0,86,33
2026-08-08 18:43:02.790835,bangalore,4.7,6.6,8.2,167.0,34.0,20.5,15.4,93,34
2026-08-08 18:43:03.711574,kolkata,28.5,28.7,17.1,345.0,52.0,27.0,6.1,99,52
2026-08-08 18:43:04.589235,chennai,21.8,28.8,20.4,235.0,45.0,25.6,10.2,77,45
2026-08-08 19:33:25.962366,delhi,79.2,79.2,44.0,537.0,41.0,27.9,4.5,100,164
2026-08-08 19:33:27.167508,mumbai,10.6,22.1,4.1,110.0,40.0,26.8,13.4,85,40
2026-08-08 19:33:28.505295,hyderabad,6.5,8.5,8.4,163.0,33.0,23.7,9.4,85,33
2026-08-08 19:33:29.715148,bangalore,4.7,6.6,8.2,167.0,34.0,20.6,14.2,96,34
2026-08-08 19:33:30.978254,kolkata,28.5,28.7,17.1,345.0,52.0,26.9,6.6,100,52
2026-08-08 19:33:32.421540,chennai,21.8,28.8,20.4,235.0,45.0,27.0,8.6,83,45
2026-08-08 20:34:57.613928,delhi,79.2,79.2,44.0,537.0,41.0,27.8,5.5,100,164
2026-08-08 20:34:58.597603,mumbai,10.6,22.1,4.1,110.0,40.0,26.3,14.4,85,40
2026-08-08 20:34:59.663327,hyderabad,6.5,8.5,8.4,163.0,33.0,23.9,10.6,85,33
2026-08-08 20:35:00.648036,bangalore,4.7,6.6,8.2,167.0,34.0,20.3,14.2,96,34
2026-08-08 20:35:01.697256,kolkata,28.5,28.7,17.1,345.0,52.0,26.7,6.1,100,52
2026-08-08 20:35:02.706966,chennai,21.8,28.8,20.4,235.0,45.0,26.8,9.1,83,45
2026-08-08 21:34:28.179512,delhi,79.2,79.2,44.0,537.0,41.0,27.5,5.8,100,164
2026-08-08 21:34:29.329358,mumbai,10.6,22.1,4.1,110.0,40.0,26.1,13.9,85,40
2026-08-08 21:34:30.544325,hyderabad,6.5,8.5,8.4,163.0,33.0,24.1,12.6,85,33
2026-08-08 21:34:31.792351,bangalore,4.7,6.6,8.2,167.0,34.0,20.2,13.7,96,34
2026-08-08 21:34:32.942736,kolkata,28.5,28.7,17.1,345.0,52.0,26.7,5.2,100,52
2026-08-08 21:34:34.109779,chennai,21.8,28.8,20.4,235.0,45.0,26.7,9.3,83,45
2026-08-08 22:33:32.499573,delhi,90.8,90.8,51.5,537.0,48.0,27.2,5.8,100,202
2026-08-08 22:33:33.397118,mumbai,12.2,26.2,3.9,110.0,41.0,26.2,13.7,85,41
2026-08-08 22:33:34.294371,hyderabad,7.0,9.3,9.3,163.0,34.0,24.0,13.8,85,34
2026-08-08 22:33:35.215738,bangalore,4.3,6.0,7.4,167.0,35.0,20.2,13.4,96,35
2026-08-08 22:33:36.092686,kolkata,19.9,20.1,12.1,345.0,60.0,26.5,4.8,100,60
2026-08-08 22:33:37.019719,chennai,20.0,26.5,19.6,235.0,45.0,26.5,9.9,83,45
2026-08-08 23:32:45.001333,delhi,90.8,90.8,51.5,537.0,48.0,27.0,5.4,100,202
2026-08-08 23:32:46.270434,mumbai,12.2,26.2,3.9,110.0,41.0,26.5,14.5,85,41
2026-08-08 23:32:47.541397,hyderabad,7.0,9.3,9.3,163.0,34.0,23.8,13.8,85,34
2026-08-08 23:32:48.794540,bangalore,4.3,6.0,7.4,167.0,35.0,20.1,13.3,96,35
2026-08-08 23:32:50.038393,kolkata,19.9,20.1,12.1,345.0,60.0,26.4,5.4,100,60
2026-08-08 23:32:51.292108,chennai,20.0,26.5,19.6,235.0,45.0,26.3,9.8,83,45
2026-08-09 11:33:22.815595,delhi,58.3,58.3,47.3,946.0,44.0,32.1,3.7,89,97
2026-08-09 11:33:23.692868,mumbai,11.9,25.5,4.3,98.0,45.0,28.8,15.5,85,45
2026-08-09 11:33:24.549502,hyderabad,6.1,8.1,8.1,146.0,33.0,29.6,12.4,85,33
2026-08-09 11:33:25.417650,bangalore,3.9,5.6,7.4,137.0,33.0,26.2,15.5,95,33
2026-08-09 11:33:26.276802,kolkata,16.8,16.8,11.7,376.0,75.0,29.1,6.3,97,75
2026-08-09 11:33:27.163901,chennai,13.0,15.1,18.9,261.0,33.0,30.4,11.8,71,33
2026-08-09 12:59:28.892723,delhi,58.3,58.3,47.3,946.0,44.0,31.7,3.8,89,97
2026-08-09 12:59:29.671369,mumbai,11.9,25.5,4.3,98.0,45.0,28.3,14.0,85,45
2026-08-09 12:59:30.440887,hyderabad,6.1,8.1,8.1,146.0,33.0,28.2,8.0,85,33
2026-08-09 12:59:31.216500,bangalore,3.9,5.6,7.4,137.0,33.0,24.7,11.7,95,33
2026-08-09 12:59:32.096521,kolkata,16.8,16.8,11.7,376.0,75.0,28.1,5.6,97,75
2026-08-09 12:59:32.889112,chennai,13.0,15.1,18.9,261.0,33.0,28.7,8.9,71,33
2026-08-09 13:54:33.068563,delhi,58.3,58.3,47.3,946.0,44.0,31.1,2.1,89,97
2026-08-09 13:54:33.831989,mumbai,11.9,25.5,4.3,98.0,45.0,27.7,11.9,85,45
2026-08-09 13:54:34.604447,hyderabad,6.1,8.1,8.1,146.0,33.0,27.3,7.5,85,33
2026-08-09 13:54:35.387379,bangalore,3.9,5.6,7.4,137.0,33.0,23.6,8.4,95,33
2026-08-09 13:54:36.192525,kolkata,16.8,16.8,11.7,376.0,75.0,28.2,3.4,97,75
2026-08-09 13:54:36.969286,chennai,13.0,15.1,18.9,261.0,33.0,28.2,10.6,71,33
2026-08-09 14:38:45.325634,delhi,58.3,58.3,47.3,946.0,44.0,30.8,3.1,89,97
2026-08-09 14:38:46.570237,mumbai,11.9,25.5,4.3,98.0,45.0,27.6,11.2,85,45
2026-08-09 14:38:47.812864,hyderabad,6.1,8.1,8.1,146.0,33.0,26.8,7.0,85,33
2026-08-09 14:38:49.087307,bangalore,3.9,5.6,7.4,137.0,33.0,23.7,10.5,95,33
2026-08-09 14:38:50.342771,kolkata,16.8,16.8,11.7,376.0,75.0,28.1,5.6,97,75
2026-08-09 15:35:55.643925,delhi,58.3,58.3,47.3,365.0,44.0,30.5,3.6,89,97
2026-08-09 15:35:56.860964,mumbai,11.9,25.5,4.3,107.0,45.0,27.4,10.6,85,45
2026-08-09 15:35:58.084003,hyderabad,6.1,8.1,8.1,148.0,33.0,26.4,7.2,85,33
2026-08-09 15:35:59.305671,bangalore,3.9,5.6,7.4,166.0,33.0,23.3,13.3,95,33
2026-08-09 15:36:00.529750,kolkata,16.8,16.8,11.7,492.0,75.0,27.7,8.0,97,75
2026-08-09 15:36:01.754392,chennai,13.0,15.1,18.9,285.0,33.0,27.6,12.2,71,33
2026-08-09 16:40:08.342497,delhi,58.3,58.3,47.3,365.0,44.0,30.2,3.1,89,97
2026-08-09 16:40:09.573910,mumbai,11.9,25.5,4.3,107.0,45.0,27.3,10.5,85,45
2026-08-09 16:40:10.800206,hyderabad,6.1,8.1,8.1,148.0,33.0,26.0,8.2,85,33
2026-08-09 16:40:12.020172,bangalore,3.9,5.6,7.4,166.0,33.0,22.4,12.0,95,33
2026-08-09 16:40:13.230019,kolkata,16.8,16.8,11.7,492.0,75.0,27.4,6.2,97,75
2026-08-09 16:40:14.444816,chennai,13.0,15.1,18.9,285.0,33.0,27.6,13.2,71,33
2026-08-09 17:34:47.805743,delhi,58.3,58.3,47.3,365.0,44.0,29.9,1.5,89,97
2026-08-09 17:34:49.002249,mumbai,11.9,25.5,4.3,107.0,45.0,26.9,11.3,85,45
2026-08-09 17:34:50.150590,hyderabad,6.1,8.1,8.1,148.0,33.0,25.9,8.6,85,33
2026-08-09 17:34:51.347593,bangalore,3.9,5.6,7.4,166.0,33.0,21.6,11.8,95,33
2026-08-09 17:34:52.833062,kolkata,16.8,16.8,11.7,492.0,75.0,27.2,4.6,97,75
2026-08-09 18:48:03.321312,delhi,58.3,58.3,47.3,365.0,44.0,29.6,1.0,89,97
2026-08-09 18:48:04.698064,mumbai,11.9,25.5,4.3,107.0,45.0,26.7,12.7,85,45
2026-08-09 18:48:05.915348,hyderabad,6.1,8.1,8.1,148.0,33.0,25.5,7.9,85,33
2026-08-09 18:48:07.287237,bangalore,3.9,5.6,7.4,166.0,33.0,20.9,11.4,95,33
2026-08-09 18:48:08.538306,kolkata,16.8,16.8,11.7,492.0,75.0,27.0,3.9,97,75
2026-08-09 18:48:09.756472,chennai,13.0,15.1,18.9,285.0,33.0,27.2,10.4,71,33
2026-08-09 19:36:44.367195,delhi,58.3,58.3,47.3,365.0,44.0,28.4,3.9,99,97
2026-08-09 19:36:45.646914,mumbai,11.9,25.5,4.3,107.0,45.0,26.6,11.4,81,45
2026-08-09 19:36:46.899907,hyderabad,6.1,8.1,8.1,148.0,33.0,24.6,6.9,86,33
2026-08-09 19:36:48.317567,bangalore,3.9,5.6,7.4,166.0,33.0,21.2,10.2,97,33
2026-08-09 19:36:49.582724,kolkata,16.8,16.8,11.7,492.0,75.0,27.4,5.6,95,75
2026-08-09 19:36:51.029384,chennai,13.0,15.1,18.9,285.0,33.0,27.5,12.7,77,33
2026-08-09 20:37:30.512999,delhi,58.3,58.3,47.3,365.0,44.0,27.8,1.7,99,97
2026-08-09 20:37:31.650747,mumbai,11.9,25.5,4.3,107.0,45.0,26.6,11.1,81,45
2026-08-09 20:37:32.789710,hyderabad,6.1,8.1,8.1,148.0,33.0,24.3,7.2,86,33
2026-08-09 20:37:33.899316,bangalore,3.9,5.6,7.4,166.0,33.0,20.8,10.0,97,33
2026-08-09 20:37:35.043590,kolkata,16.8,16.8,11.7,492.0,75.0,26.7,5.5,95,75
2026-08-09 20:37:36.278152,chennai,13.0,15.1,18.9,285.0,33.0,26.9,11.8,77,33
2026-08-09 21:36:42.272576,delhi,58.3,58.3,47.3,365.0,44.0,27.6,1.2,99,97
2026-08-09 21:36:43.184928,mumbai,11.9,25.5,4.3,107.0,45.0,26.7,11.1,81,45
2026-08-09 21:36:44.055392,hyderabad,6.1,8.1,8.1,148.0,33.0,24.1,8.8,86,33
2026-08-09 21:36:44.956277,bangalore,3.9,5.6,7.4,166.0,33.0,20.5,9.8,97,33
2026-08-09 21:36:45.840543,kolkata,16.8,16.8,11.7,492.0,75.0,26.1,4.0,95,75
2026-08-09 21:36:46.719549,chennai,13.0,15.1,18.9,285.0,33.0,26.6,11.5,77,33
2026-08-09 22:35:20.303146,delhi,72.4,72.4,57.1,365.0,32.0,27.6,1.6,99,141
2026-08-09 22:35:21.068080,mumbai,11.4,23.6,3.8,107.0,44.0,26.6,11.7,81,44
2026-08-09 22:35:21.842064,hyderabad,5.9,7.8,8.3,148.0,30.0,24.2,11.4,86,30
2026-08-09 22:35:22.631274,bangalore,3.8,5.7,6.5,166.0,35.0,20.2,9.4,97,35
2026-08-09 22:35:23.402752,kolkata,11.8,11.8,9.3,492.0,76.0,26.1,3.1,95,76
2026-08-09 22:35:24.174570,chennai,14.6,16.9,19.4,285.0,36.0,26.6,10.9,77,36
2026-08-09 23:35:35.224498,delhi,72.4,72.4,57.1,365.0,32.0,27.5,5.1,99,141
2026-08-09 23:35:36.209251,mumbai,11.4,23.6,3.8,107.0,44.0,26.5,11.5,81,44
2026-08-09 23:35:37.622696,hyderabad,5.9,7.8,8.3,148.0,30.0,24.1,12.4,86,30
2026-08-09 23:35:38.594512,bangalore,3.8,5.7,6.5,166.0,35.0,20.3,10.3,97,35
2026-08-09 23:35:39.572188,kolkata,11.8,11.8,9.3,492.0,76.0,26.0,3.8,95,76
2026-08-09 23:35:40.562443,chennai,14.6,16.9,19.4,285.0,36.0,26.4,10.2,77,36
2026-08-10 11:50:54.326649,delhi,35.6,36.4,42.0,650.0,45.0,28.9,4.0,86,59
2026-08-10 11:50:55.680548,mumbai,10.0,20.3,3.6,96.0,44.0,28.5,18.7,81,44
2026-08-10 11:50:56.907503,hyderabad,4.9,6.5,6.8,132.0,38.0,29.7,11.5,86,38
2026-08-10 11:50:58.138893,bangalore,4.5,6.6,7.7,130.0,37.0,23.2,13.4,95,37
2026-08-10 11:50:59.370137,kolkata,21.6,21.6,13.3,371.0,70.0,28.1,0.8,98,70
2026-08-10 11:51:00.620898,chennai,14.6,19.0,17.3,241.0,45.0,31.8,13.6,80,45
2026-08-10 13:18:27.558579,delhi,35.6,36.4,42.0,650.0,45.0,29.0,2.5,86,59
2026-08-10 13:18:28.788009,mumbai,10.0,20.3,3.6,96.0,44.0,27.8,15.5,81,44
2026-08-10 13:18:30.085537,hyderabad,4.9,6.5,6.8,132.0,38.0,27.8,10.3,86,38
2026-08-10 13:18:31.448103,bangalore,4.5,6.6,7.7,130.0,37.0,22.8,11.1,95,37
2026-08-10 13:18:32.706580,kolkata,21.6,21.6,13.3,371.0,70.0,27.0,4.3,98,70
2026-08-10 15:02:43.760652,delhi,35.6,36.4,42.0,412.0,45.0,28.9,1.7,86,59
2026-08-10 15:02:44.514460,mumbai,10.0,20.3,3.6,109.0,44.0,26.5,8.6,81,44
2026-08-10 15:02:45.270803,hyderabad,4.9,6.5,6.8,141.0,38.0,24.0,7.7,86,38
2026-08-10 15:02:46.023828,bangalore,4.5,6.6,7.7,153.0,37.0,22.4,11.5,95,37
2026-08-10 15:02:46.796712,kolkata,21.6,21.6,13.3,449.0,70.0,27.0,0.7,98,70
2026-08-10 15:02:47.548553,chennai,14.6,19.0,17.3,230.0,45.0,29.7,9.7,80,45
2026-08-10 16:57:09.351443,delhi,35.6,36.4,42.0,412.0,45.0,28.5,6.1,86,59
2026-08-10 16:57:10.644381,mumbai,10.0,20.3,3.6,109.0,44.0,26.8,7.7,81,44
2026-08-10 16:57:11.936471,hyderabad,4.9,6.5,6.8,141.0,38.0,23.9,10.1,86,38
2026-08-10 16:57:13.225826,bangalore,4.5,6.6,7.7,153.0,37.0,22.0,11.0,95,37
2026-08-10 16:57:14.505145,kolkata,21.6,21.6,13.3,449.0,70.0,26.9,1.7,98,70
2026-08-10 17:55:11.733824,delhi,35.6,36.4,42.0,412.0,45.0,28.2,6.7,86,59
2026-08-10 17:55:12.510770,mumbai,10.0,20.3,3.6,109.0,44.0,26.0,9.0,81,44
2026-08-10 17:55:13.370057,hyderabad,4.9,6.5,6.8,141.0,38.0,23.5,11.9,86,38
2026-08-10 17:55:14.224969,bangalore,4.5,6.6,7.7,153.0,37.0,21.6,10.8,95,37
2026-08-10 17:55:15.091743,kolkata,21.6,21.6,13.3,449.0,70.0,26.8,2.1,98,70
2026-08-10 17:55:15.862698,chennai,14.6,19.0,17.3,230.0,45.0,25.8,9.9,80,45
2026-08-10 19:02:37.186570,delhi,35.6,36.4,42.0,412.0,45.0,27.6,5.7,86,59
2026-08-10 19:02:37.967670,mumbai,10.0,20.3,3.6,109.0,44.0,26.0,8.6,81,44
2026-08-10 19:02:38.724346,hyderabad,4.9,6.5,6.8,141.0,38.0,23.7,12.1,86,38
2026-08-10 19:02:39.480885,bangalore,4.5,6.6,7.7,153.0,37.0,21.0,10.4,95,37
2026-08-10 19:02:40.284959,kolkata,21.6,21.6,13.3,449.0,70.0,26.9,1.7,98,70
2026-08-10 19:02:41.083150,chennai,14.6,19.0,17.3,230.0,45.0,25.9,8.5,80,45
2026-08-10 20:48:35.367220,delhi,35.6,36.4,42.0,412.0,45.0,27.5,6.8,95,59
2026-08-10 20:48:36.697865,mumbai,10.0,20.3,3.6,109.0,44.0,26.0,10.7,85,44
2026-08-10 20:48:38.135387,hyderabad,4.9,6.5,6.8,141.0,38.0,23.7,10.6,86,38
2026-08-10 20:48:39.433009,bangalore,4.5,6.6,7.7,153.0,37.0,20.7,9.3,96,37
2026-08-10 20:48:40.680255,kolkata,21.6,21.6,13.3,449.0,70.0,26.8,1.7,99,70
2026-08-10 21:46:25.205261,delhi,35.6,36.4,42.0,412.0,45.0,27.3,6.5,95,59
2026-08-10 21:46:26.128074,mumbai,10.0,20.3,3.6,109.0,44.0,26.1,9.7,85,44
2026-08-10 21:46:27.051530,hyderabad,4.9,6.5,6.8,141.0,38.0,23.7,11.5,86,38
2026-08-10 21:46:27.988952,bangalore,4.5,6.6,7.7,153.0,37.0,20.4,9.5,96,37
2026-08-10 21:46:28.917453,kolkata,21.6,21.6,13.3,449.0,70.0,26.8,3.4,99,70
2026-08-10 21:46:29.840036,chennai,14.6,19.0,17.3,230.0,45.0,26.6,9.7,70,45
2026-08-10 22:41:52.186505,delhi,71.7,73.6,48.9,412.0,33.0,27.1,6.0,95,139
2026-08-10 22:41:53.434542,mumbai,10.9,24.2,3.3,109.0,45.0,25.7,8.7,85,45
2026-08-10 22:41:54.720378,hyderabad,5.4,7.4,6.9,141.0,37.0,23.7,12.1,86,37
2026-08-10 22:41:56.006291,bangalore,3.2,4.9,5.6,153.0,40.0,20.1,9.7,96,40
2026-08-10 22:41:57.251507,kolkata,14.5,15.1,12.0,449.0,62.0,26.7,3.9,99,62
2026-08-10 23:38:54.846880,delhi,71.7,73.6,48.9,412.0,33.0,26.8,5.7,95,139
2026-08-10 23:38:55.858990,mumbai,10.9,24.2,3.3,109.0,45.0,25.4,8.5,85,45
2026-08-10 23:38:56.848048,hyderabad,5.4,7.4,6.9,141.0,37.0,23.5,11.7,86,37
2026-08-10 23:38:57.879276,bangalore,3.2,4.9,5.6,153.0,40.0,19.9,10.2,96,40
2026-08-10 23:38:58.936233,kolkata,14.5,15.1,12.0,449.0,62.0,26.5,4.2,99,62
2026-08-10 23:38:59.964093,chennai,14.4,16.7,21.2,230.0,29.0,26.4,9.6,70,29
2026-08-11 10:53:17.843191,delhi,56.1,69.8,54.2,775.0,29.0,30.5,2.8,85,93
2026-08-11 10:53:18.615541,mumbai,11.5,24.6,3.0,94.0,49.0,27.7,16.8,88,49
2026-08-11 10:53:19.390264,hyderabad,5.4,8.2,6.0,124.0,38.0,30.5,14.5,85,38
2026-08-11 10:53:20.167617,bangalore,6.2,9.6,7.7,136.0,38.0,24.8,10.0,97,38
2026-08-11 10:53:20.948213,kolkata,13.3,13.6,11.1,252.0,62.0,28.3,3.3,99,62
2026-08-11 10:53:21.722972,chennai,15.9,19.3,20.5,275.0,32.0,31.9,12.5,90,32
2026-08-11 11:47:31.990056,delhi,56.1,69.8,54.2,775.0,29.0,30.2,0.0,85,93
2026-08-11 11:47:32.898399,mumbai,11.5,24.6,3.0,94.0,49.0,27.1,14.5,88,49
2026-08-11 11:47:33.773631,hyderabad,5.4,8.2,6.0,124.0,38.0,29.1,15.7,85,38
2026-08-11 12:04:48.703751,kolkata,13.3,13.6,11.1,252.0,62.0,28.3,4.7,99,62
2026-08-11 12:04:49.583937,chennai,15.9,19.3,20.5,275.0,32.0,30.7,8.9,90,32
2026-08-11 13:15:13.016356,delhi,56.1,69.8,54.2,775.0,29.0,29.2,4.0,85,93
2026-08-11 13:15:13.810458,mumbai,11.5,24.6,3.0,94.0,49.0,27.0,15.4,88,49
2026-08-11 13:15:14.636011,hyderabad,5.4,8.2,6.0,124.0,38.0,27.3,9.7,85,38
2026-08-11 13:15:15.496053,bangalore,6.2,9.6,7.7,136.0,38.0,23.9,12.5,97,38
2026-08-11 13:15:16.288172,kolkata,13.3,13.6,11.1,252.0,62.0,26.7,6.2,99,62
2026-08-11 13:15:17.137148,chennai,15.9,19.3,20.5,275.0,32.0,29.3,13.9,90,32
2026-08-11 15:01:41.318213,delhi,56.1,69.8,54.2,775.0,29.0,28.2,4.1,85,93
2026-08-11 15:01:42.511981,mumbai,11.5,24.6,3.0,94.0,49.0,26.6,11.2,88,49
2026-08-11 15:01:43.703130,hyderabad,5.4,8.2,6.0,124.0,38.0,22.7,1.5,85,38
2026-08-11 15:01:44.911909,bangalore,6.2,9.6,7.7,136.0,38.0,23.5,12.9,97,38
2026-08-11 15:01:46.096795,kolkata,13.3,13.6,11.1,252.0,62.0,27.1,0.6,99,62
2026-08-11 15:01:47.247984,chennai,15.9,19.3,20.5,275.0,32.0,29.2,14.8,90,32
2026-08-11 17:00:48.385083,delhi,56.1,69.8,54.2,310.0,29.0,27.5,4.8,85,93
2026-08-11 17:00:49.147911,mumbai,11.5,24.6,3.0,104.0,49.0,26.2,10.5,88,49
2026-08-11 17:00:49.930174,hyderabad,5.4,8.2,6.0,132.0,38.0,24.5,9.7,85,38
2026-08-11 17:00:50.783814,bangalore,6.2,9.6,7.7,156.0,38.0,21.9,15.1,97,38
2026-08-11 17:00:51.552570,kolkata,13.3,13.6,11.1,338.0,62.0,26.7,3.0,99,62
2026-08-11 17:00:52.334963,chennai,15.9,19.3,20.5,293.0,32.0,28.7,15.0,90,32
2026-08-11 19:06:58.407948,delhi,56.1,69.8,54.2,310.0,29.0,27.6,1.0,100,93
2026-08-11 19:06:59.647265,mumbai,11.5,24.6,3.0,104.0,49.0,25.7,9.7,91,49
2026-08-11 19:07:00.831081,hyderabad,5.4,8.2,6.0,132.0,38.0,23.9,13.4,86,38
2026-08-11 19:07:01.956667,bangalore,6.2,9.6,7.7,156.0,38.0,21.2,13.8,98,38
2026-08-11 19:07:03.077777,kolkata,13.3,13.6,11.1,338.0,62.0,26.7,4.7,97,62
2026-08-11 19:07:04.236505,chennai,15.9,19.3,20.5,293.0,32.0,28.0,13.9,97,32
2026-08-11 20:51:08.064345,delhi,56.1,69.8,54.2,310.0,29.0,27.4,0.2,100,93
2026-08-11 20:51:09.370209,mumbai,11.5,24.6,3.0,104.0,49.0,25.9,12.0,91,49
2026-08-11 20:51:10.629950,hyderabad,5.4,8.2,6.0,132.0,38.0,23.7,13.9,86,38
2026-08-11 20:51:11.878764,bangalore,6.2,9.6,7.7,156.0,38.0,20.3,14.9,98,38
2026-08-11 20:51:13.265521,kolkata,13.3,13.6,11.1,338.0,62.0,26.7,2.9,97,62
2026-08-11 21:53:05.307039,delhi,56.1,69.8,54.2,310.0,29.0,27.2,1.3,100,93
2026-08-11 21:53:06.059317,mumbai,11.5,24.6,3.0,104.0,49.0,25.8,12.6,91,49
2026-08-11 21:53:06.864085,hyderabad,5.4,8.2,6.0,132.0,38.0,23.6,14.9,86,38
2026-08-11 21:53:07.622106,bangalore,6.2,9.6,7.7,156.0,38.0,20.1,14.2,98,38
2026-08-11 21:53:08.402142,kolkata,13.3,13.6,11.1,338.0,62.0,26.7,3.8,97,62
2026-08-11 21:53:09.188552,chennai,15.9,19.3,20.5,293.0,32.0,26.9,12.0,97,32
2026-08-11 22:49:01.090492,delhi,32.4,48.7,37.5,310.0,49.0,27.1,2.8,100,54
2026-08-11 22:49:02.360685,mumbai,11.6,24.6,2.9,104.0,50.0,26.2,12.6,91,50
2026-08-11 22:49:03.620210,hyderabad,4.6,6.6,6.8,132.0,37.0,23.6,15.0,86,37
2026-08-11 22:49:04.856326,bangalore,6.2,9.3,7.3,156.0,38.0,19.9,13.7,98,38
2026-08-11 22:49:06.093961,kolkata,10.8,11.5,11.4,338.0,52.0,26.7,3.5,97,52
2026-08-11 22:49:07.404115,chennai,15.2,18.5,19.9,293.0,33.0,26.7,11.2,97,33
2026-08-11 23:46:14.929680,delhi,32.4,48.7,37.5,310.0,49.0,26.9,3.1,100,54
2026-08-11 23:46:16.157402,mumbai,11.6,24.6,2.9,104.0,50.0,25.9,12.9,91,50
2026-08-11 23:46:17.398492,hyderabad,4.6,6.6,6.8,132.0,37.0,23.5,14.2,86,37
2026-08-11 23:46:18.646720,bangalore,6.2,9.3,7.3,156.0,38.0,19.7,13.6,98,38
2026-08-11 23:46:19.885268,kolkata,10.8,11.5,11.4,338.0,52.0,26.6,3.6,97,52
2026-08-11 23:46:21.130202,chennai,15.2,18.5,19.9,293.0,33.0,26.8,10.7,97,33
2026-08-12 10:10:48.556487,hyderabad,4.3,6.6,5.8,130.0,39.0,29.7,13.0,92,39
2026-08-12 10:10:49.830423,bangalore,5.4,8.3,6.2,127.0,41.0,28.7,16.0,99,41
2026-08-12 10:10:51.114294,kolkata,12.3,13.1,9.4,234.0,65.0,28.1,3.2,96,65
2026-08-12 10:10:52.369960,chennai,11.7,16.1,11.3,180.0,54.0,32.6,11.8,90,54
2026-08-12 11:50:37.452320,delhi,28.0,29.9,25.7,531.0,69.0,32.9,3.8,100,69
2026-08-12 11:50:38.227256,mumbai,12.6,29.3,3.2,102.0,51.0,27.5,14.8,87,51
2026-08-12 11:50:39.004891,hyderabad,4.3,6.6,5.8,130.0,39.0,26.1,9.6,92,39
2026-08-12 11:50:39.795387,bangalore,5.4,8.3,6.2,127.0,41.0,27.0,17.3,99,41
2026-08-12 11:50:40.569482,kolkata,12.3,13.1,9.4,234.0,65.0,26.7,3.3,96,65
2026-08-12 11:50:41.338925,chennai,11.7,16.1,11.3,180.0,54.0,30.8,15.0,90,54
2026-08-12 13:19:02.669290,delhi,28.0,29.9,25.7,531.0,69.0,31.6,3.8,100,69
2026-08-12 13:19:03.958530,mumbai,12.6,29.3,3.2,102.0,51.0,27.6,13.5,87,51
2026-08-12 13:19:05.246424,hyderabad,4.3,6.6,5.8,130.0,39.0,23.9,13.9,92,39
2026-08-12 13:19:06.502806,bangalore,5.4,8.3,6.2,127.0,41.0,24.2,14.3,99,41
2026-08-12 13:19:07.781023,kolkata,12.3,13.1,9.4,234.0,65.0,27.7,7.0,96,65
2026-08-12 15:00:48.597615,delhi,28.0,29.9,25.7,531.0,69.0,30.5,3.2,100,69
2026-08-12 15:00:49.800189,mumbai,12.6,29.3,3.2,102.0,51.0,27.5,13.8,87,51
2026-08-12 15:00:50.990686,hyderabad,4.3,6.6,5.8,130.0,39.0,24.4,11.2,92,39
2026-08-12 15:00:52.249738,bangalore,5.4,8.3,6.2,127.0,41.0,23.4,12.8,99,41
2026-08-12 15:00:53.425774,kolkata,12.3,13.1,9.4,234.0,65.0,27.4,5.6,96,65
2026-08-12 15:00:54.583706,chennai,11.7,16.1,11.3,180.0,54.0,29.1,14.1,90,54
2026-08-12 17:00:02.335311,delhi,28.0,29.9,25.7,513.0,69.0,29.5,6.5,100,69
2026-08-12 17:00:04.211813,mumbai,12.6,29.3,3.2,99.0,51.0,27.5,14.4,87,51
2026-08-12 17:00:06.031625,hyderabad,4.3,6.6,5.8,137.0,39.0,24.0,11.9,92,39
2026-08-12 17:00:07.895485,bangalore,5.4,8.3,6.2,149.0,41.0,22.3,13.4,99,41
2026-08-12 17:18:25.042796,chennai,11.7,16.1,11.3,213.0,54.0,28.3,11.6,90,54
2026-08-12 18:01:54.378309,delhi,28.0,29.9,25.7,513.0,69.0,29.2,6.5,100,69
2026-08-12 18:01:55.155456,mumbai,12.6,29.3,3.2,99.0,51.0,27.2,14.5,87,51
2026-08-12 18:01:55.954236,hyderabad,4.3,6.6,5.8,137.0,39.0,24.1,13.4,92,39
2026-08-12 18:01:56.834540,bangalore,5.4,8.3,6.2,149.0,41.0,21.7,14.0,99,41
2026-08-12 18:01:57.597096,kolkata,12.3,13.1,9.4,260.0,65.0,26.9,7.5,96,65
2026-08-12 18:01:58.372606,chennai,11.7,16.1,11.3,213.0,54.0,26.9,10.3,90,54
2026-08-12 20:01:33.741475,delhi,28.0,29.9,25.7,513.0,69.0,27.7,3.0,99,69
2026-08-12 20:01:34.516035,mumbai,12.6,29.3,3.2,99.0,51.0,26.6,11.7,90,51
2026-08-12 20:01:35.286143,hyderabad,4.3,6.6,5.8,137.0,39.0,24.1,12.8,87,39
2026-08-12 20:01:36.053244,bangalore,5.4,8.3,6.2,149.0,41.0,21.1,12.4,99,41
2026-08-12 20:01:36.811994,kolkata,12.3,13.1,9.4,260.0,65.0,27.3,8.9,93,65
2026-08-12 20:01:37.585534,chennai,11.7,16.1,11.3,213.0,54.0,28.4,10.5,85,54
2026-08-12 21:51:16.967032,delhi,28.0,29.9,25.7,513.0,69.0,27.5,6.2,99,69
2026-08-12 21:51:17.758818,mumbai,12.6,29.3,3.2,99.0,51.0,26.7,12.4,90,51
2026-08-12 21:51:18.545892,hyderabad,4.3,6.6,5.8,137.0,39.0,23.9,12.1,87,39
2026-08-12 21:51:19.345441,bangalore,5.4,8.3,6.2,149.0,41.0,20.6,12.4,99,41
2026-08-12 21:51:20.123918,kolkata,12.3,13.1,9.4,260.0,65.0,27.2,10.6,93,65
2026-08-12 21:51:20.910773,chennai,11.7,16.1,11.3,213.0,54.0,28.2,8.5,85,54
2026-08-12 22:46:50.184754,delhi,38.3,51.2,30.5,513.0,49.0,26.0,10.7,99,63
2026-08-12 22:46:51.363185,mumbai,10.9,23.0,2.6,99.0,50.0,26.9,14.1,90,50
2026-08-12 22:46:52.563503,hyderabad,4.8,7.1,5.4,137.0,39.0,23.7,12.4,87,39
2026-08-12 22:46:53.744679,bangalore,2.9,3.7,4.8,149.0,41.0,20.3,12.1,99,41
2026-08-12 22:46:54.894803,kolkata,9.5,10.9,8.0,260.0,64.0,26.9,9.9,93,64
2026-08-12 22:46:56.067553,chennai,10.3,12.8,12.1,213.0,42.0,28.0,6.7,85,42
2026-08-12 23:47:08.565471,delhi,38.3,51.2,30.5,513.0,49.0,25.6,4.5,99,63
2026-08-12 23:47:09.806752,mumbai,10.9,23.0,2.6,99.0,50.0,26.6,15.1,90,50
2026-08-12 23:47:11.058615,hyderabad,4.8,7.1,5.4,137.0,39.0,23.6,12.5,87,39
2026-08-12 23:47:12.300138,bangalore,2.9,3.7,4.8,149.0,41.0,20.3,11.5,99,41
2026-08-12 23:47:13.570795,kolkata,9.5,10.9,8.0,260.0,64.0,26.6,10.8,93,64
2026-08-12 23:47:14.864968,chennai,10.3,12.8,12.1,213.0,42.0,27.8,8.1,85,42
2026-08-13 11:50:55.431435,delhi,30.3,33.3,32.9,498.0,58.0,32.7,9.1,99,58
2026-08-13 11:50:56.207583,mumbai,10.0,20.3,3.2,99.0,42.0,28.3,18.5,83,42
2026-08-13 11:50:56.973603,hyderabad,3.1,3.9,6.8,136.0,34.0,28.3,14.1,92,34
2026-08-13 11:50:57.745116,bangalore,3.4,4.4,6.9,139.0,39.0,25.4,11.4,97,39
2026-08-13 11:50:58.518596,kolkata,11.3,15.1,5.3,156.0,68.0,29.1,10.3,98,68
2026-08-13 11:50:59.295097,chennai,11.4,14.2,15.4,218.0,48.0,31.5,7.6,96,48
2026-08-13 13:21:04.371615,delhi,30.3,33.3,32.9,498.0,58.0,31.1,1.6,99,58
2026-08-13 13:21:05.328565,mumbai,10.0,20.3,3.2,99.0,42.0,27.6,15.4,83,42
2026-08-13 13:21:06.261663,hyderabad,3.1,3.9,6.8,136.0,34.0,27.7,9.5,92,34
2026-08-13 13:21:07.215612,bangalore,3.4,4.4,6.9,139.0,39.0,22.6,11.6,97,39
2026-08-13 13:21:08.120917,kolkata,11.3,15.1,5.3,156.0,68.0,27.9,11.4,98,68
2026-08-13 13:21:09.011260,chennai,11.4,14.2,15.4,218.0,48.0,30.6,12.1,96,48
2026-08-13 15:01:04.557710,delhi,30.3,33.3,32.9,498.0,58.0,30.0,2.4,99,58
2026-08-13 15:01:07.027642,mumbai,10.0,20.3,3.2,99.0,42.0,27.2,14.5,83,42
2026-08-13 15:01:10.215951,hyderabad,3.1,3.9,6.8,136.0,34.0,25.9,11.9,92,34
2026-08-13 15:19:30.539397,kolkata,11.3,15.1,5.3,156.0,68.0,27.5,8.6,98,68
2026-08-13 15:19:31.769514,chennai,11.4,14.2,15.4,218.0,48.0,29.1,13.4,96,48
2026-08-13 16:59:30.775385,delhi,30.3,33.3,32.9,618.0,58.0,29.7,3.3,99,58
2026-08-13 16:59:31.538319,mumbai,10.0,20.3,3.2,109.0,42.0,27.4,13.8,83,42
2026-08-13 16:59:32.298135,hyderabad,3.1,3.9,6.8,152.0,34.0,25.3,11.9,92,34
2026-08-13 16:59:33.072703,bangalore,3.4,4.4,6.9,167.0,39.0,21.6,12.5,97,39
2026-08-13 16:59:33.823780,kolkata,11.3,15.1,5.3,225.0,68.0,27.3,8.7,98,68
2026-08-13 16:59:34.628774,chennai,11.4,14.2,15.4,241.0,48.0,25.5,14.8,96,48
2026-08-13 18:02:10.204912,delhi,30.3,33.3,32.9,618.0,58.0,29.4,4.5,99,58
2026-08-13 18:02:10.995094,mumbai,10.0,20.3,3.2,109.0,42.0,27.2,14.4,83,42
2026-08-13 18:02:11.780762,hyderabad,3.1,3.9,6.8,152.0,34.0,25.2,13.6,92,34
2026-08-13 18:02:12.544102,bangalore,3.4,4.4,6.9,167.0,39.0,21.0,13.1,97,39
2026-08-13 18:02:13.308765,kolkata,11.3,15.1,5.3,225.0,68.0,27.1,9.4,98,68
2026-08-13 18:02:14.086591,chennai,11.4,14.2,15.4,241.0,48.0,25.8,14.6,96,48
2026-08-13 19:56:46.922741,delhi,30.3,33.3,32.9,618.0,58.0,29.2,4.9,99,58
2026-08-13 19:56:47.710264,mumbai,10.0,20.3,3.2,109.0,42.0,26.3,11.7,86,42
2026-08-13 19:56:48.496817,hyderabad,3.1,3.9,6.8,152.0,34.0,24.9,12.1,90,34
2026-08-13 19:56:49.281872,bangalore,3.4,4.4,6.9,167.0,39.0,20.8,12.5,97,39
2026-08-13 19:56:50.064653,kolkata,11.3,15.1,5.3,225.0,68.0,27.1,7.2,99,68
2026-08-13 19:56:50.844848,chennai,11.4,14.2,15.4,241.0,48.0,28.8,7.7,96,48
2026-08-13 20:53:26.878994,delhi,30.3,33.3,32.9,618.0,58.0,28.8,5.2,99,58
2026-08-13 20:53:27.670457,mumbai,10.0,20.3,3.2,109.0,42.0,26.6,12.5,86,42
2026-08-13 20:53:28.456323,hyderabad,3.1,3.9,6.8,152.0,34.0,24.6,12.4,90,34
2026-08-13 20:53:29.285275,bangalore,3.4,4.4,6.9,167.0,39.0,20.4,12.7,97,39
2026-08-13 20:53:30.071472,kolkata,11.3,15.1,5.3,225.0,68.0,27.0,7.8,99,68
2026-08-13 20:53:30.863980,chennai,11.4,14.2,15.4,241.0,48.0,28.4,8.5,96,48
2026-08-13 21:51:01.510547,delhi,30.3,33.3,32.9,618.0,58.0,28.6,6.2,99,58
2026-08-13 21:51:02.290633,mumbai,10.0,20.3,3.2,109.0,42.0,26.6,13.1,86,42
2026-08-13 21:51:03.082083,hyderabad,3.1,3.9,6.8,152.0,34.0,24.3,13.2,90,34
2026-08-13 21:51:03.891422,bangalore,3.4,4.4,6.9,167.0,39.0,20.2,12.3,97,39
2026-08-13 21:51:04.664791,kolkata,11.3,15.1,5.3,225.0,68.0,26.9,8.7,99,68
2026-08-13 21:51:05.446835,chennai,11.4,14.2,15.4,241.0,48.0,28.2,8.7,96,48
2026-08-13 22:48:40.031955,delhi,30.6,37.5,28.3,618.0,65.0,28.2,4.7,99,65
2026-08-13 22:48:41.293408,mumbai,10.1,20.4,3.4,109.0,43.0,26.5,11.6,86,43
2026-08-13 22:48:42.576498,hyderabad,4.0,5.5,7.1,152.0,35.0,24.1,13.0,90,35
2026-08-13 22:48:44.913193,bangalore,4.1,5.3,7.4,167.0,39.0,19.9,11.8,97,39
2026-08-13 23:07:04.319539,chennai,11.6,14.6,16.2,241.0,41.0,28.0,9.0,96,41
2026-08-13 23:46:36.952040,delhi,30.6,37.5,28.3,618.0,65.0,27.8,7.4,99,65
2026-08-13 23:46:37.831204,mumbai,10.1,20.4,3.4,109.0,43.0,25.9,11.6,86,43
2026-08-13 23:46:38.733081,hyderabad,4.0,5.5,7.1,152.0,35.0,23.9,13.0,90,35
2026-08-13 23:46:39.616830,bangalore,4.1,5.3,7.4,167.0,39.0,19.8,11.8,97,39
2026-08-13 23:46:40.522785,kolkata,11.9,13.4,8.0,225.0,77.0,26.4,10.4,99,77
2026-08-13 23:46:41.401401,chennai,11.6,14.6,16.2,241.0,41.0,27.9,9.6,96,41
